cve_codpost,cve_incr_cp,contrasena
25000,1,itxMiR2d3WCq
25008,2,WpVkt6QyUEDw
25010,3,jyaaioLTGWxw
25010,4,3m6#kLZF247x
25010,5,L#juxx#ASKqE
25010,6,sFCXvUArbR9P
25010,7,7tNGjakpJyBF
25010,8,HAp8P3f@Du9G
25010,9,rhp5Mw5NikPu
25010,10,vo4pURdttNQi
25010,11,s8FHVCTv4BLy
25010,12,8tMdHNVQQwTW
25010,13,q52Q47uaPiKz
25010,14,B4W@vLkxaCBb
25013,15,uzWaADF8mRt8
25013,16,RM3pytopvCbW
25013,17,fQM@#gjc35MZ
25013,18,3quHGFS764uh
25013,19,oXn3QBXW#AcE
25013,20,EQBxvEVxZ9f9
25013,21,HTVXWhq6XMP7
25013,22,mz9vkfStWdqU
25013,23,TtS9msh8n6x9
25013,24,PGbiAq8zro42
25014,25,SEsYqY6omXro
25014,26,yVg6Na2ia2Vg
25014,27,QgnMq#JYgQme
25015,28,@3BFvNsPBrkT
25015,29,NVV5SWYSfLuV
25015,30,WNE8RWDoZW8n
25015,31,vEsatXZQj36W
25015,32,WErampjZqKEL
25015,33,BMjP6Tcc#Sni
25015,34,aLuPao6WTHas
25015,35,c24C3NLPBjs6
25015,36,p3McoohHu8Sb
25015,37,AmhsG3cqzJAz
25015,38,D4Wo@WP@wvZf
25015,39,7GKwMCEfVFJv
25016,40,pqjSaM@6yLkz
25016,41,hYmRdyhHASxZ
25016,42,zkutfhwqNcnz
25016,43,rnhkCE4vBPW2
25016,44,uE3DpZCXkqxh
25016,45,TMLfs4J4if5B
25016,46,NSqFLe9a@kCQ
25016,47,234AfrTcUWXF
25016,48,9QDTyWaGgMhG
25016,49,h5FXe5YuBvhr
25016,50,VLmaJZggfxnt
25016,51,7@x9buzJCWtH
25016,52,fmWQ27XJgPQW
25016,53,LxhtNBq9q@Ms
25016,54,WQaaTMkChcpA
25016,55,PGjqDTuLiwef
25016,56,@LT9dRdMQ88P
25016,57,CpW5FKwPSLYA
25016,58,f3aZj8XxHcpQ
25016,59,i6Yztf8BakVG
25016,60,7qrqMQCxzxGx
25016,61,vAhMAxUZuWLd
25016,62,fchD3Zan8E9S
25016,63,MnPSqui5d3dx
25016,64,x4QUKU2nuXsJ
25016,65,GoszZhQ6vHHS
25017,66,BBhNFHCSewyp
25018,67,@#mDjqT#gc5B
25019,68,7xFEywieQ@8a
25019,69,JCbsdY@wRHy7
25019,70,Gk9iQu8BTMoU
25019,71,pCrU26kSwx@W
25019,72,Qrp7VhPKav9J
25019,73,ipkyhbCTMDwY
25019,74,UqFFcuuJpFs#
25019,75,YNNBMtdM5a8W
25019,76,CKpxFMpp58KH
25019,77,Mmsh2@H58XUy
25019,78,3k4LuRPZjXBf
25019,79,asZyezEFAp79
25019,80,tbWGEc8NK9yW
25019,81,uzVnnGwRxnUw
25019,82,LnupKSESeXBA
25019,83,YMWofGbEn6tB
25019,84,MjWZU6Et7LDP
25019,85,cVr36NFitcuo
25019,86,Y626UWo2n5aN
25019,87,6p#xJUXk9Ucf
25019,88,FmgNN3t4EyD3
25020,89,SLSX8grFeaKo
25020,90,LkE5GyBWHWfT
25020,91,tQmYyRYm5x8d
25020,92,5apjdAidhqDW
25020,93,ipzHHJhp6ufE
25020,94,tMpx48HVQ7JE
25022,95,6mB8fXxaqbYN
25022,96,hJ3YXX#t3BG9
25023,97,cosPUcMSw@EY
25023,98,U6vmsSsqFKgA
25023,99,#ALFn@LyEN@D
25023,100,VfHJTDZqz5QA
25023,101,ow8yWfEj8Vni
25023,102,mGmir9AavhLT
25023,103,nZKrpouwka5P
25023,104,pQg6Ek#aAdPK
25023,105,57tHT@8RA7Ca
25023,106,xb5X@go65@Wy
25023,107,Yxj5ySKyxRS2
25030,108,8qHeNhnS5czh
25030,109,TScFNxGe8m8@
25030,110,6srah3X7vZpg
25030,111,TVLdWQ23dkxe
25034,112,PidKmCyvWwd9
25034,113,oEqbshSH3RWh
25034,114,xo@xqjCXcscH
25036,115,x5rPb6K2fxQH
25038,116,Rgw9Ysq89mLi
25038,117,fd54NU76FX@Q
25038,118,eQCZ4J6GSqD3
25039,119,ebPvxFbDY2to
25040,120,Ny4ZeAQxb72c
25040,121,vkZsZEYN6aJT
25040,122,q8zrd6SiCjtB
25040,123,xa@5Bb5YPv8@
25040,124,9iv32vN3SVV5
25043,125,#eDTuNotcJWP
25044,126,6mp7ZNM2fWPh
25045,127,rhaGGb3m5trk
25045,128,jEWtZgp2NM6K
25047,129,@h7jUneaQZtk
25047,130,4inT3Yzu7Fr9
25048,131,Mtq7tnzxA4a#
25048,132,YMH2Pj4bUVC2
25049,133,RAwQSqQkamHV
25049,134,EW7o#b2#W2Hx
25049,135,UZK74jnDmg@b
25049,136,khVR3mfvqHqN
25050,137,je6NkirQ4QjQ
25050,138,79Em3KZ2K@3d
25050,139,QEFn@4C4aJpN
25050,140,@9Ai6tewEDDV
25050,141,GfszhoEP7nJT
25050,142,4MHgWpMzpX2n
25050,143,P7#e4h#UL6RA
25055,144,pvpknPV6GAjG
25056,145,kF3QPR7UjQQz
25056,146,NakVH6X39T@F
25056,147,KfNd9PXZit8Z
25057,148,jyN#e5FrzqNp
25057,149,vQcVnpAYRjhw
25057,150,cNoZEPgaSJhq
25057,151,pPXA53jupQ8s
25057,152,bV7F5ppz3#vD
25057,153,nCJV9aVo3EPf
25057,154,6zkECssBSrLq
25057,155,vFEn2Tk8wF#f
25060,156,JEJh3Td3rm#3
25060,157,FozsHioLwAsE
25060,158,eAWZF6G44fCf
25060,159,PY6ybT8kH2D9
25060,160,p7Qv@w#fEeqt
25060,161,TQ#QiLkwmkae
25060,162,r7hyra9eZYHJ
25060,163,9XDrAq7wEno6
25060,164,HbnitzqCLwyb
25060,165,BFNUktru68Vo
25060,166,2uGYKRP#3W@3
25060,167,yUi5eLx@72Bw
25065,168,uUDNMGCduM4j
25065,169,3iGLWWtE6s2E
25065,170,kHMY9fcWQxNG
25065,171,9GxPxbyTXT25
25065,172,Zo@Uh8v8Yzje
25067,173,ZpwDDstLiuUV
25068,174,xfkAiGW3dAk2
25069,175,RD9zM4CPANz5
25069,176,jE37p@ViNakr
25069,177,zinC9@2PpKP6
25070,178,jcZZcV@BVv2E
25070,179,yGeXzbz9HFrg
25070,180,EbvQB56w3Cr6
25070,181,KJqzsKpyh2Rb
25070,182,sB5oQSnm3aJL
25070,183,PFf@@oXQraKB
25070,184,J7c6TZbpKqu8
25070,185,cn2MPJnHMw6c
25075,186,PWv9unYqHH3b
25076,187,ZPnNSXmYQWEC
25077,188,Xvo@RHHA92Nr
25077,189,uiHJxEFR8SSp
25078,190,4YF#s2QZiVnm
25080,191,UDJ2M2LtKdP@
25080,192,AubsfdWSHfWh
25080,193,NZRG4De6WvXc
25080,194,Xqgj2@LVULqN
25080,195,Xj76z67udGV8
25080,196,PbPoFdSSePey
25083,197,btrZhvDC@GRn
25083,198,DvuTDh3sHP3v
25083,199,FxacDVfEWpSn
25083,200,HeM9#RFimwZK
25083,201,xamQN4GjKSXj
25083,202,ZSYAtCgjsGVp
25083,203,BnhpkpPjgFBW
25083,204,CKdBVJeCeE5r
25084,205,BsPdGfcPkgd6
25084,206,ey9m@m9ovygF
25084,207,rse4pttYvPMh
25084,208,#VhqxFu5GLvG
25084,209,7qCLDdDBJDr8
25084,210,8VFfvKChY6HT
25084,211,HQPbFmvF46u9
25084,212,4RmBoVCo9s9N
25084,213,qNeqNuePy6QY
25084,214,2ctDTL5JzUbE
25084,215,5r9u7nmcm7SA
25084,216,F7x@Xy9L2Pyf
25084,217,zog3upwCAwd#
25084,218,9JzMro8v4VNN
25084,219,vEKUnB@PG4bc
25084,220,rhHDXCHgtW9w
25085,221,EeTU8EhMKy@A
25085,222,BVVjbW#ypcVr
25085,223,d4Nu6wsfrqQq
25085,224,CYNvsaWXwMaw
25086,225,vGyUHQESGtSy
25086,226,vanF@BQ@52Cn
25086,227,XKw3TyV2XSfa
25087,228,tQoPKz7SjNrC
25088,229,jP#WqXvXfm8N
25088,230,@AHYSSQYET5M
25088,231,F3FM37v4qe@D
25088,232,vP6M7oYuWdnV
25088,233,XuA5bLFRXfi7
25088,234,j7ZjUcTyAs4C
25088,235,3iqR@dpSn4ut
25088,236,Bu@Cbbz6P4AW
25088,237,Dy7bvpkDxJkx
25088,238,Up96LKLYUQyC
25088,239,zKovUv@6ZtQv
25088,240,gXWr5t8Ja2T@
25088,241,YSe2#SehWehW
25088,242,CpcaH42D3SmL
25088,243,FfYS3gZ3fSLq
25088,244,byiKQJPr2383
25088,245,rw9KLV4amhrc
25088,246,qwJ@RjfAevBy
25088,247,#NAVd67phZBf
25090,248,Cp4Vgpi7#w9x
25090,249,ukgoDN2LnNdd
25092,250,SC9xCBZVkiZC
25092,251,#fujKzY38cn5
25092,252,Q9vhk22keJwQ
25092,253,HNVP7T6m8AQa
25092,254,VfCuEMEcjCMq
25093,255,iy73fbX6oBx8
25093,256,JSdtxfqsfZij
25093,257,Zrrv2wrXUQxz
25093,258,D5kq3zFMJjWJ
25093,259,psKbZ66jEsBs
25093,260,JLnhuW6g2sQr
25093,261,LxdgqaZH6U8c
25093,262,JtcywU5J5uVy
25094,263,#rzcVzJTigNf
25096,264,tebjb9qktcZd
25096,265,3tze8xKKdwnz
25096,266,H@XjzKuQG93J
25096,267,MJGdjmTAxw#Q
25096,268,WQYsSPPL#QKH
25096,269,aKvtgjGQ33Nu
25096,270,@vNb4uXaetSD
25096,271,CPWWWNKdnY64
25096,272,@KivS4jLgEGU
25097,273,bjJbTfPoL8RW
25097,274,xzaCCG@wsdRi
25100,275,#uXmzAeLc8EW
25100,276,cjv#VY8f#wY@
25100,277,nQfjR5EpoEHZ
25100,278,wQrHSr5oMPsu
25100,279,i#BPv94pBwgZ
25100,280,QeCWy2X9NcTd
25107,281,A52Y5o995Fyh
25107,282,ciTKAtrfsRiR
25107,283,RkzHQ356HpTb
25110,284,cwkiVdLZ2RVq
25110,285,PqU86RAVdX2e
25110,286,sQkwgJaVNqTG
25110,287,5o#RGN7JVX5L
25110,288,EK8qxdftcozB
25110,289,QQU@@Ye8bNvy
25110,290,5ZRp@8rNN2w9
25110,291,MsdzxejvHKsv
25110,292,uBpFAMyATeWL
25110,293,uVWhfzNT7ZC9
25110,294,C@h4VWJ46mo#
25110,295,8AD@9TXkRHhb
25110,296,Kef#rQMr9ghf
25110,297,oqxicXuSYhtq
25110,298,oWvS4vJca8Aj
25113,299,ZyFm#yAiMDky
25113,300,Wb@8CZqEiDY7
25113,301,DhMm9xcj8o9o
25114,302,qS8rnrenfLq2
25115,303,YeS@Fy@vFpeF
25115,304,B92xKGxws#NK
25115,305,E#twWZJzhyCW
25115,306,skg2vbfJopQB
25115,307,da@sG@4EhLp5
25115,308,ECwX8V7ZDhjN
25115,309,b7gQGRPctdN5
25116,310,g4k9nN#A7ZsV
25117,311,eMm@SBDUC48Z
25120,312,z@YGmmv6Y6LR
25120,313,ii#zQ3rzH3Q8
25124,314,rFbVXBVa7pHu
25124,315,4AzLw9nfTDWL
25124,316,oHVzY#6@PiPK
25124,317,4UTc3MDkVjxd
25125,318,XAuSAY9QA3LA
25125,319,UwZ9biKJ8ozU
25125,320,ZJea8qUoTnCs
25125,321,bGR57DK8nb4Q
25128,322,iHEJK9f68Eay
25128,323,4c6YgR@ZpCLX
25128,324,33CYk8ErG9yv
25128,325,LNbkbDtQm9me
25129,326,iivVvVyx7Lpp
25130,327,cb5@S7fNxg8r
25130,328,s7DAhYT@6czv
25130,329,Sdf6Wep6yjRF
25130,330,A#T#y5Bm7VJi
25130,331,kbG8faTApaeq
25130,332,#Q3DEuU2pQRx
25130,333,3Jy3aSqNEBiv
25130,334,X6kVBu2yvW8J
25137,335,Zht5Z74eC5z@
25137,336,2bDJaqqt#9vH
25138,337,MGArScEhdmAv
25138,338,Vh5ZRb5v5VWD
25138,339,MCLz4869Rym2
25138,340,c4hRhJnsr2hC
25138,341,bNNSAkmGoYpM
25138,342,TLoj3PeuSPvd
25140,343,ZeQjjNu6V5iZ
25140,344,8@2dswJYjoCe
25140,345,Fw@PoivDVL#4
25140,346,pmFgR7k9r9Ht
25140,347,wNL6yk9r@PZt
25140,348,#7wd8yHsBFQq
25140,349,Rta9#Qjv6r47
25140,350,8LTo8MK7nP#@
25140,351,bxddnN6FpkbG
25140,352,JvxN4ck5LAmq
25140,353,yoG2p4KTaVS2
25140,354,t3cMG8E@rnpb
25140,355,FAsjNaDsJLNE
25146,356,jnEnU7MtA3G9
25146,357,5FW4V6wcBcVp
25146,358,WMZpJgGQKNkU
25147,359,sBhv436kCANL
25150,360,7UeTts#@hHW#
25150,361,44tQ3wvsUeZk
25150,362,jpBJGPd3CYUy
25150,363,ruNjxEXLDAd5
25155,364,GqwrSgWFjBNf
25155,365,ACfxEYz6hsdC
25155,366,s@TEzmHMWxB4
25155,367,KEkHcDq3mr5j
25156,368,VXsK4WxpFrsX
25156,369,Rkr4ExNhEaF7
25157,370,CtZrJmYCBBu#
25157,371,YGYRk3gqiVw7
25157,372,7ahsEKuDUYmN
25157,373,puuaHTSxKDFg
25160,374,YbRT8tQQ5ByG
25160,375,CXkbjfvy3szR
25160,376,sK6WdES4u7Gd
25160,377,VLifw6DNGGTz
25160,378,YGdqQRZ#Sxmf
25160,379,3GWGUvfP4cP6
25167,380,N3ZXxb@Ryujf
25167,381,g5hXHJa6oPM3
25168,382,G2v4#VqZg2vY
25169,383,zr9CQmd8aRQx
25169,384,m9y8jjJQcCSJ
25170,385,qkSmrGjrQUBn
25170,386,5pcB4ksz3fCN
25170,387,g@vTitZKzXts
25179,388,WxoWCHdcWnw4
25180,389,fyoSKNCNGNQ3
25180,390,@8cv2r9BEN39
25180,391,4gLetpsrAKE7
25186,392,N96mvay3Vitr
25187,393,dSpUc9jmj9Fv
25188,394,ktLR7Sq8Jhzz
25190,395,VZ8LNztFhVYe
25190,396,D9D65LvM2ALM
25190,397,AJs@DvCuz4SW
25194,398,6eQmRjL#CX2h
25194,399,#u5HUHFuNc8H
25194,400,#qDewkFjCmh@
25194,401,mSwSsr6pC7Eq
25194,402,GYobFZpmEPqh
25194,403,GmrvCjTKusyB
25195,404,3cBcTwuVutKx
25196,405,stGFwbHT2ky9
25197,406,MMQrT@zWbKje
25197,407,DNu3Ff#C3xFw
25197,408,jNfSU2u9Uq6J
25197,409,i@mHZdzW#dka
25197,410,ZxFQUbtJnmoC
25197,411,WbYvHqZdfjF#
25197,412,hzq37jazNa8G
25198,413,abQLZoXunL@J
25199,414,P6aqEPMpmduv
25200,415,vvsGbzaBLZk#
25200,416,gUtC4cQHHRnw
25200,417,KnZu7aQJv87w
25200,418,nkz6v4oduxkg
25200,419,LRKh#Lj6DEtK
25200,420,PCRzxkdXU9UT
25200,421,HX#7xnE7jbBj
25200,422,dYAsDyqNRMRA
25203,423,5Ytp7ks9tYg7
25203,424,EgKCf4zQRd5k
25203,425,QeeTi4YaQW77
25203,426,YFG9gbJfLC5i
25204,427,Cws6EjzUut4w
25204,428,R6wW2GYjdNkW
25204,429,GW3MYAT@6dgK
25204,430,VcU#R7QP3mzd
25204,431,MYRb7puz@cBD
25204,432,NTJc8EWdaYj@
25204,433,B8c7L@dC2JnZ
25204,434,pK7NmjkNJ5K3
25204,435,vziNYaXqC@zF
25204,436,2XsXJQQsWrPp
25204,437,7qFdRMuSH8tU
25204,438,ZB4SfERRtzu9
25204,439,iMcG6CTjYsfk
25204,440,cJ6F7xDi#SdD
25205,441,SRHTqRno7Hbp
25205,442,8cEBjdvQLhyX
25206,443,FjL348auShVi
25206,444,y#6JpXqqQfCA
25206,445,LAYuSxW8XZga
25207,446,LYN5HvUx5nTN
25207,447,WXVrGqqfpiG3
25207,448,yQMDmiL54VpH
25207,449,AxXSXGacrrok
25207,450,F6Jz9QDhAUcS
25207,451,JC72kJZXFjdx
25207,452,P@aK6fBtLqsP
25207,453,cTn#88m4KcUm
25208,454,Gd2ZPD6UTj#Y
25208,455,uCxVBDruZFMV
25208,456,cTZyArjFJyHu
25209,457,@F25Fv7agXoP
25209,458,6Vyhqk35MBW#
25209,459,tJ#SFsYMzmBx
25209,460,UmVKZdk8kDqm
25209,461,4bM8r7ZBJdFs
25209,462,uoyNFGCJGAae
25209,463,j3h6unDuBXKF
25210,464,vB8zJZPAuv8p
25210,465,GXRQqy537V#G
25210,466,qzns#C#o@R2V
25210,467,8aLExAaBNbP4
25210,468,g#tufczTi4fz
25210,469,BZGU7nEBBqAL
25210,470,7#Tm7x3RLZ8w
25210,471,AmbYDo6yb4sP
25210,472,mpAz@qQA4BpW
25210,473,FqEv2zVRKc43
25210,474,p#iMAjWQbvoj
25210,475,eSZ39txXcaqd
25210,476,NtKN6Nuy6njg
25215,477,QHYkG6aNq7De
25220,478,#VA@x9JA6gok
25220,479,8yNi527aq@kV
25220,480,P@8@d9dLiJJ3
25220,481,QaJN@q2WMPkb
25220,482,mDXKR@uJ7aM7
25225,483,nDobUZo5SLfZ
25225,484,QcCp8UiUjpF5
25225,485,vkw@sG8vesU#
25225,486,oEYED2pNd6fV
25230,487,r3bg7wsK6MbR
25230,488,eQM@g7UsG7Zt
25230,489,x23HD@xViXju
25238,490,aNSTPnida7qH
25239,491,7zZ6RznLRcaP
25239,492,9LggX4jqNW#e
25240,493,dAkkq7T22sos
25240,494,6m8dzaxpLqWm
25240,495,GPEtU3adRC6X
25240,496,xYfDniamM#A4
25240,497,SYxi3vAKW8CQ
25240,498,otXp@PGKDQuU
25240,499,L5Xph9wr@Sfv
25240,500,tWByCfA5JyeL
25240,501,namJxSkE6EkS
25250,502,a#nbPEoGdF7u
25250,503,DhX@774Vcmfn
25250,504,5FL@fGVVermH
25250,505,H2Fwg8XTAUWm
25250,506,C9mGQXKnXzQ#
25250,507,D2fGk3u25ktR
25253,508,ersCW2Kxy@Kp
25253,509,98eiwEbMujUp
25253,510,5YwrTXQAgnBZ
25253,511,Fg87WeQWQBt9
25254,512,7ato3AVs5#TE
25256,513,tx@ry8HWd6dc
25260,514,QkrgniUjnnab
25260,515,DWn5ai@pmqZd
25260,516,p66Qfvfykes7
25260,517,VeBTFp#QdxMF
25260,518,TX5SfKvJC5e5
25260,519,5feuYwwsKhcv
25265,520,fBHJs4Rr7M9e
25270,521,obWpoDULC8Qo
25270,522,R86hyiiPu4KQ
25270,523,WTn@eLHHfYmk
25270,524,psLUQ5mPG#eT
25270,525,FcBu7zSEmdda
25270,526,chXetMkvQJDF
25270,527,aXpfnHh4kpuj
25277,528,NgSDixMwmCWt
25277,529,bEKGtyePYFPW
25279,530,hVzxeWit5xBb
25280,531,f5ftQg#frtmb
25280,532,B49DihrFz6fp
25280,533,7H8@ebNtqtX4
25280,534,xN2iiHx8DrCX
25280,535,sWoS5LVZM4Tq
25280,536,RVZstwbFSUtS
25280,537,K#ibFbQMf2vU
25280,538,9sZmZUw4mtsy
25280,539,eMrnb3CMdaif
25284,540,2rb6sFQU4ZWb
25286,541,AygfiCzHRCx#
25286,542,ss2yXowWBciV
25290,543,ywymRzNg4MPZ
25290,544,A9qXGJYNPPDB
25290,545,WrVtWNih5K@5
25290,546,x6hkcJr6g8KE
25290,547,95RCmWrwHe7F
25290,548,xfmyqLwnhmLG
25290,549,op3adYb4oEtn
25290,550,@hN@efskLnsQ
25290,551,kNEuQL8REVY@
25290,552,TKUyfSPWtV3m
25290,553,NHkMaaPb@CfQ
25293,554,U@ArpH3tLzjr
25293,555,UAsbo7F3zGXe
25294,556,CCKcJH8ec2Wm
25294,557,HQawQyAFd@gE
25294,558,4zZ5SJkcUn5J
25294,559,4rTPhWecHXRK
25294,560,FtNWV4hjnyQu
25294,561,Az@27G7dyNMc
25294,562,sgujDLmCY9mw
25294,563,iu6NQV83zbvV
25294,564,rYYquCyWKP6z
25294,565,ghbKLsWiw6Ad
25294,566,armWWcG28dZY
25294,567,HgQQBphZ2Qnj
25294,568,4Z#BChoUUNWm
25294,569,SeSA8kbEerHw
25294,570,L@2AdubgtT@t
25295,571,3dfmqM5V9Y2F
25295,572,k@Rt5Nc22xSx
25295,573,TRyDh3scxkkF
25295,574,PbaTCac9mjHH
25295,575,ULm9MxNjRZr4
25295,576,TKEJFQYRKU99
25296,577,S37eWj8Q7fVj
25296,578,KhxpuJ7vVywb
25296,579,PmypQigpBJ82
25296,580,Znjmq@d5buAz
25296,581,SchiST2V8X3C
25296,582,TUoQQ#RiNHRb
25296,583,UN8#mFV#fUze
25296,584,WaGLgW9xjygu
25296,585,6BD2LtPCbbUS
25296,586,77Ehp#Wz5ALg
25297,587,Eh26nW2d8VQ9
25297,588,jTWNF8XJR5qQ
25297,589,axfHM3#Vzutr
25297,590,GEicbaEfmXay
25297,591,jCNrdM3k9cni
25297,592,GpyHYCJwsZzg
25297,593,xGNSfZscoLtm
25297,594,QUzR7vabxxdL
25297,595,iGekQNAT3XcD
25297,596,@#iX2oCQHA5A
25297,597,P5Co5NTK6hni
25297,598,2YDbozxN7SSt
25297,599,DPGZp2eLB4W9
25297,600,z#2TK#iXv6dU
25298,601,@7ifHEN825vx
25298,602,ozvVDQRFyjCV
25298,603,uzKkY8SgPq3y
25298,604,Y6tqy6L#MMBp
25298,605,hBZxEogAFApH
25298,606,zGHmLv2oJj6d
25298,607,EHfDazJn6zkW
25298,608,Nq5q4qcmS@AQ
25298,609,AdYwXKW#upqJ
25298,610,9jCPrk7eLDBf
25298,611,ZGpTVxkwuBJq
25298,612,ZNV@BJRJ23DJ
25298,613,FZCYF54rVfeP
25298,614,xRRAiaqo9qxE
25298,615,LDBY8GvMMAt7
25298,616,mbJATPUjWD9T
25298,617,PjdL64ksaDxS
25298,618,Fi82w3ziLryR
25298,619,L@HJpPfhemjN
25298,620,XPiyeqejrUx@
25298,621,XDviKyHhU32Q
25298,622,hr2Q4g6MEp7V
25298,623,udGTpJUYQyT5
25298,624,eSNPyjK3ngJB
25298,625,QFCuQoG@mW4j
25298,626,NqDmPTnJQ@eL
25298,627,shqXEUbE5VWg
25300,628,RMZUR2LQgmKU
25300,629,wuzpFmAj5iB5
25300,630,mqS#W7YvciHZ
25300,631,xqepHYbwGREa
25300,632,abbhAH9UCg3h
25300,633,2JVm2kx4x9w2
25301,634,FM3gqmDmDHWE
25301,635,PgeeV79xNFpu
25302,636,GG@Q4uPP7Dgx
25303,637,4ehCJSsuogpt
25303,638,ATtuwk5JFKro
25303,639,xpXmpBP7xNtB
25306,640,k865RjYYGvTM
25306,641,uLmvD38Sba2T
25306,642,vwJYTAVyeEeG
25307,643,27ERMFFbfRKJ
25307,644,FnXaRaVwr#md
25307,645,yrAKeXxivnnA
25307,646,sd6hcvNq8CUr
25308,647,FwaQGN7gUbxq
25311,648,CVoib534UKuS
25311,649,RdRSnK#B2Jy9
25311,650,PEkRTGJUCXzm
25311,651,T3L7myToYkug
25313,652,P8sWjD8@U#sz
25313,653,5PG#rKk3C@Jp
25313,654,SAtcU7D6sXf6
25314,655,@9X8KrHxoXmJ
25315,656,9nzCY33bDBMC
25315,657,nEeV#@LhLsh#
25319,658,Zr4te5KU3txE
25320,659,nzMMSvxQcKMB
25320,660,EX4nHmbUNjzR
25324,661,DsXAX9LgYkfS
25324,662,merEyYLs75za
25325,663,Mn7z7i#h2#c8
25326,664,npB5jzK@@GJp
25327,665,GWeLu3bZAjbk
25328,666,kV#VjeNEvQhK
25328,667,6UhzpBynNW24
25329,668,jWCS9@mb@y5c
25330,669,8VxARRg@sPyy
25330,670,KdcwgDFr4@GV
25331,671,JnnjyGK7Jr63
25331,672,ZAmS9fcg3XZd
25332,673,BEfNQ#scGjxm
25332,674,k33uacxBbxoK
25332,675,CG@6uTNQ3yMF
25333,676,q4f6U33e76sC
25334,677,66BZzoLuJSvm
25334,678,a@LVX9KJJb73
25334,679,FhcADYKzXnDE
25334,680,HzdePDh8PHcC
25335,681,DY@eWyftg#7B
25335,682,25o##oQzzDdP
25335,683,vekXd7HtwyhD
25336,684,DVkgDUXQjwPb
25336,685,xqZgjfVkAUY8
25336,686,u#PduzCHsG7a
25337,687,fUrNT3skNj23
25338,688,orqcR8ZyJUvn
25338,689,2GxGXtntQPHL
25340,690,ki#E4WPhzANi
25340,691,QU3FArNSTs3b
25343,692,EDKJKZ@@9dWQ
25344,693,tA6pboS4dPMR
25344,694,KXBMWexGP6Co
25345,695,PbD3rE3gQ87h
25346,696,HhKZQZZnPF7F
25347,697,F9Bben9hZSfj
25348,698,NM@EMxJfghDs
25350,699,#GooWFB3zYx@
25352,700,cg2gdjHYZ3re
25352,701,XwJ4rvrd#Kd5
25352,702,JWCxKRDHZtHo
25353,703,NPXSohZHScSJ
25353,704,biSQC79VcP4Q
25353,705,dCv5cNXRa5MS
25353,706,c3WUBKpFTiqC
25354,707,yr49c8cTJjYE
25354,708,DW3uS#cZ6Dbo
25354,709,8WAdFqeRUCBc
25354,710,NwLHJo6cpJ4D
25354,711,xsuK#kMogpm7
25354,712,ry9rJHGUjrAN
25354,713,r@L4HipnjJYY
25354,714,vQWoMta9poYn
25354,715,2E8o2eznDDD3
25355,716,qeU4SCzHtWe4
25355,717,rnmRdQn@E5HN
25360,718,Bf5a9k@EVFVw
25360,719,LJi5TQA2ZBcq
25363,720,9aQ#VUw3hpiK
25363,721,TBK3J3pv5Bht
25364,722,yn6wfC5X7Be3
25365,723,5Z@NLWmQUrec
25365,724,3VQwUwomBi9z
25366,725,2wyGQDkDiHCV
25366,726,yu3@cBy6gWe2
25369,727,e4C4cBNFSrBw
25369,728,JyAgjBfeL47d
25370,729,fCMvfDVaH7SL
25370,730,2cZ2GxvYcXZu
25372,731,P9yqkHHcu7T2
25373,732,qbMDCdS6B4#U
25373,733,NrgKGygPk4qm
25374,734,72dKHohkt88J
25374,735,HV52nvqQgtwD
25375,736,4zvGaEirtWYp
25375,737,5PYNKMUhm99B
25376,738,x6E7W4hTpJK7
25380,739,NKd9WwBNQT@J
25380,740,7f5#CUzeCLFx
25382,741,o@WagdGPEZpj
25385,742,VHH@EPPB2Z@k
25385,743,FZTVcQwi9U4k
25386,744,NDyKJvFRxrPp
25387,745,SvqMDpUGHKxu
25389,746,R65qaNNPFDjS
25390,747,T7dkPXLS44jS
25395,748,EPHZw2Mw5wTo
25396,749,9vPd6SiznAFN
25399,750,siNCRgarTNTT
25400,751,YtKsRUX52omB
25410,753,Wtdm@huky5in
25414,754,TH@bamsJeqMx
25415,755,kvZRUHk8HjpF
25416,756,sp4VZwjKcRXa
25418,757,Cz9JsEUuAAZy
25419,758,DKdqHScR875p
25419,759,9CwsexeK9@Nm
25420,760,Ty3jD#sYmm@Q
25420,761,QUuxjSBS#5FU
25430,762,46TZGLfQPw8A
25431,763,rJWQe@gxsmS2
25440,764,7P7FYFpUU9N@
25443,765,@nVxYA6Fn6Ra
25446,766,jiZuuZXsCj7s
25447,767,LNzbj8i@MoU4
25450,768,9ZDmcr3s#Npv
25460,771,UXu@JG#PCf5@
25469,772,Y2UMM7U9yvtu
25470,773,wiTBdQpe4EBn
25480,775,on2W@RVDRHTR
25483,776,UA6c62ohmouk
25490,777,xLiuLTxPoh9V
25496,779,TKF4KXWHKGdb
25500,780,kndtPtC7g@ND
25503,781,2@TKM5WWihWv
25503,782,CweeYVCrG6S6
25503,783,fnL7wNjJPbYp
25504,784,EsL9gCWBrTz@
25504,785,V94b9UQVKgce
25504,786,X3#bpQ6qfgt#
25504,787,bGfXjnix2VMM
25505,788,Fi4zrQzdSCwZ
25505,789,7HsBVmoP@Y7X
25505,790,NPD9siVeKKWA
25505,791,q5ayZ5#ircyc
25506,792,uBPwz@wXmvgD
25506,793,9UXcb@M@Dd3g
25506,794,VAz4uokYFezH
25506,795,XmgNS9SgpR@V
25506,796,SqPdWT8CgznV
25506,797,SEqxxXCLQRk4
25507,798,hpWQPuJ7SeYE
25508,799,LerKSjaaXApA
25508,800,5qDx4nb8gXZU
25530,801,hZ5bxTLaRmFY
25532,802,k5k8GG9p8iGd
25533,803,vPHTg4QaQWev
25533,804,d4Ey4irZpgys
25534,805,HhSxeqUdaAvS
25535,806,T@HzaQTF8uAN
25536,807,oPiuCmg7ezw8
25536,808,VSb4bHnSb2q2
25540,809,252fdYQAk#7a
25540,810,r2s4j6c9K6yn
25543,811,xukNm8hicAcG
25543,812,q7hEYhggbzFk
25543,813,TmeU752igTft
25544,814,8CoBVbHqgzzc
25544,815,jFoGzhEtnhG@
25544,816,CfMhT@2KE23e
25545,817,RTpsAmJsdbKg
25545,818,nXFzXSdHdniZ
25545,819,KAugBHDtwpkU
25545,820,U6T@NiXoarRb
25545,821,ZMAeCyzUVdeZ
25545,822,iq2TkGK9Ej@E
25547,829,vceEhb#2mnwZ
25547,830,2qUVGHWZwKCk
25547,831,tbBRdaAiuzxz
25547,832,tBrPAGZ@XuJT
25547,833,VZYzYrgUUsfU
25547,834,4XKnnUcG@W96
25550,835,Q6TUzwDi24Ja
25550,836,MZCBcUXCazmZ
25550,837,Cj8G4Z9wziMc
25550,838,dEv2qVjRAKX6
25550,839,MkVTgRxi8Sob
25550,840,VEF##LyNV9qd
25550,841,pCpZpPDpJEGq
25553,842,yLgm2pRGtmQP
25554,843,3onrsT82UzP6
25554,844,44XMUAM3d9iA
25555,845,PEQ76t@AXVf9
25555,846,zmhiyjfVKL5T
25560,848,xNiDusxG4Q2@
25565,849,Pky5cskUMMM7
25565,850,L4TLyto9XNUY
25567,851,6Z8Ub@fyUJX9
25570,852,vpip7NEozWJu
25571,853,aejbUmJz#saE
25576,854,RvM8PoK25Zi6
25590,855,bQuWp8WwAEzB
25600,856,NHUQazXxQwRV
25610,857,BzueNynqQkkx
25616,858,CF2DJpWU2nds
25617,859,QoWteYWosXiZ
25617,860,vpQSD7@2jmH5
25617,861,q7GLsyMmXAMP
25617,862,kaDV69v7Nxhu
25617,863,NVscPAfhFLxU
25617,864,jNUWwVbEie6p
25618,865,ikxUWmdF57ra
25618,866,jjQ8otmSgMSZ
25619,867,YZ4YMJvyxB8Y
25619,868,@gDsdedrK#tv
25620,869,#CwDDaxwdUj2
25626,870,mmjB7nm#uYbT
25626,871,EkcyFK@Vfo6G
25627,872,NLs@LsDP9vs6
25628,873,eNs79urLbQ4p
25628,874,adiMUpzFDo@q
25629,875,8BpNBisdMZSg
25629,876,3XA6TFtTCWyh
25629,877,usaE9MWFJMQJ
25629,878,WJycdp#QnWZW
25629,879,A9AwFoKZ7jDQ
25629,880,uocJQPhp7mzN
25629,881,bKGSC#aJaDYP
25630,882,cGYSXy7HVDet
25630,883,Y@Hb7Qq4tvmJ
25630,884,rfn4mmNART2u
25640,885,ELNkTv#W2dqP
25640,886,LWXXGPPC@hzL
25640,887,W9DbYExzvHr@
25643,888,5qGXXnb7Q2hP
25643,889,3gmdXoLz3bpY
25644,890,kFscK8pQ9MJ2
25644,891,ePJdpbwyB37F
25644,892,w3uFkvQabnMs
25650,893,ujJiCHYMhL5Z
25660,894,@97UwuL@T8Wn
25668,895,ZGURZCLxZnVg
25669,896,PVLTcV#zAaee
25669,897,HGsUoeFh6@ZN
25670,898,Xi#JmPdoJMmu
25680,899,APr8XpLdz5zs
25700,900,toGa66QpDeqm
25710,901,UaQt2WonaGGH
25710,902,9EPbPh#n@ofy
25710,903,PD3BGT5zMjZi
25710,904,6KZZyiWz7M8X
25710,905,UShdpUPEiiDi
25710,906,RiyL#TFxpJoo
25710,907,zAEdTqxDLBQ4
25714,908,3Js2Y89jZVhv
25715,909,h2zSxEAzegWu
25716,910,bPAZxqWWv8uS
25716,911,sQqb7#PDrgKe
25716,912,LcGEPBqeM5tD
25717,913,NTBHe5KJe374
25718,914,ViS@hMogkjxZ
25718,915,ry8g6ucMCoh2
25718,916,KnDy6mZZSk72
25718,917,bK7Jp@hyJGbX
25720,918,nzpwYWe3eLv#
25720,919,z46NmtuP5wmJ
25720,920,@PxT3Z6vF9BS
25720,921,75vxA8VSqYPa
25720,922,nTxpeHpyB9BX
25720,923,zUkLYbxxcghv
25720,924,Q@yTbk7ayWzj
25720,925,dgNr23KCrww3
25720,926,ERAvC9#5yAt6
25720,927,x#G3HC8mYEuG
25720,928,@ZRcEThfL5j7
25720,929,ZGfeqYHpKJLw
25720,930,VWGzTjDpSWEX
25720,931,qQAskGwRR5Ug
25724,932,vL@VugrUfWHt
25724,933,pxdufsyznusc
25724,934,P9tXj3Ef9G5a
25724,935,7FtZgjwmumYp
25724,936,tvtx@NTCgMFW
25724,937,cJSkQwgsfPhs
25724,938,fxTAXm3gGWjz
25725,939,MrAgM2CaD8Qm
25725,940,EzGw5#aZDrFv
25725,941,wSLNmwzD7ay@
25726,942,R#E@Nr9L8Xx2
25730,943,dRK9UUgADrGc
25730,944,4mfAXDXZncNd
25730,945,6RWQWSH39#WC
25730,946,z6VbD44iNSCt
25730,947,VW9m8n7NY#nU
25730,948,yDRxNR884zY5
25730,949,qPQUPh5mvre2
25730,950,EH8jBMsSXbyn
25730,951,m8VvYvt73xRd
25730,952,HggTj5YXdy@u
25730,953,AJLcFMKaznuw
25730,954,YqpTAjL#eo9U
25730,955,dg4EFCPgv8Ys
25732,956,SasyFcYKeQmd
25732,957,dsCdX9@dTT@L
25733,958,SJnspaYkGYBn
25733,959,kxRGP5nAxoqC
25733,960,YSQ4QY7xfuHF
25733,961,RKdVb3VQZeuh
25733,962,reC#VBeUA4Yg
25734,963,CT#Tfw94eVNw
25734,964,HGM#yyNvFWRY
25734,965,ujGDy8hRXomM
25734,966,WXfn3aHppKeh
25734,967,ELFKH3utrnsx
25734,968,dif6m98F#utf
25734,969,6afdrfsSXuSP
25734,970,ugWKtji4jqVb
25734,971,S2WkDniezQRh
25734,972,jDJjCydHZrSs
25736,973,pskoDQHUh4XG
25740,974,m#tR4aRgMDti
25740,975,MmyagLsSmiaa
25740,976,cNfa@oYpaghv
25740,977,Y3iEFhr58wap
25740,978,PWgBv7PtFpPY
25740,979,H6bnV4HWWCHY
25740,980,9d4UqHyV3eNa
25740,981,GEj69@yz4G7e
25740,982,uugX9oA3reYi
25740,983,FQ78efLicL8C
25740,984,FiRoPt@Qwfok
25740,985,RVjEzmiy6MXD
25740,986,Rmgi#XzEyYSS
25740,987,ZXqc9kniaBan
25740,988,cnmxuB88HDm2
25743,989,3EUMNky4EpFL
25743,990,cnUrCuSh2uyf
25743,991,uGfE6Dd#YEy#
25743,992,dgZy3aFqiv47
25743,993,cT8dvG85RfSS
25743,994,tzDfMFxyYdio
25746,995,fSfAR@Bv5rZw
25747,996,5UfdBRXTp96Y
25747,997,TBq66HAv5Les
25747,998,7Gh5ThJE4TEK
25747,999,c3MDDBMh#57J
25747,1000,Ytk6JGg7EzN3
25747,1001,Z9REKZLo3xER
25747,1002,eQNNsPWhv#jx
25747,1003,@RR8VAcBbgmB
25747,1004,QKVYSgCH6Qhh
25747,1005,YsAhmVxPbxCS
25747,1006,LY4WVSPLhLAH
25748,1007,Kq3ra3Dsq8XE
25748,1008,HXykyXw7osQ@
25748,1009,yBRxn3h7pWme
25748,1010,HSvuwVf9bWBC
25748,1011,YYx#D77WocmA
25748,1012,u9bkFjtzYLQb
25748,1013,BajKu222rFvJ
25748,1014,krzsu5Eaym@g
25749,1015,aRkajZjHUu4A
25749,1016,oiPZdMENpSnY
25749,1017,i2bwP3ChNhoG
25750,1018,g5KdsALqZjFN
25750,1019,De5MWES2sVCm
25750,1020,LSkhJEfS9D3C
25750,1021,sPWK665yiwdK
25750,1022,qW85xcU5strF
25750,1023,Gmqjdzzu3f5G
25750,1024,5tn#Cc9V9LAV
25750,1025,xW@vTADkQSgh
25750,1026,fQdBSpeGLhyr
25750,1027,sX53sUHFtNQw
25750,1028,iYMk46CSSWn3
25750,1029,Rdnz3nHmZ6e#
25756,1030,VApdb2aM88k2
25756,1031,9biVtwwQ8ku4
25757,1032,83#4feezpVuU
25757,1033,nrHLhBGSdvfz
25758,1034,rvHcjWkuu9LF
25758,1035,6KFJ8uExZ8z3
25759,1036,i36hJ@NQvJsK
25760,1037,XwVXtyJBSJSN
25760,1038,x5poZXinhNw5
25760,1039,aNsef@wkRfWi
25760,1040,5B7GQLyrpGKQ
25760,1041,nwsGYPfKjM4Q
25760,1042,9uEEZsEoJCNH
25760,1043,jBk6C8c28@Ns
25760,1044,jVNZXUMs6vzQ
25760,1045,Y9#vG8FzZX3R
25760,1046,2hTfL7AqNffn
25766,1047,nEJvy64XDxBn
25767,1048,4HGAAQNF6CoB
25767,1049,#fy#bPqfzBr8
25768,1050,ymLAhZnk3Xsr
25769,1051,8BAeyow8FmrV
25770,1052,wZkKgw#TUdQ3
25770,1053,h9N8bT82WBzS
25770,1054,UgWoAM#w4fCp
25770,1055,ncsAYcdFJwci
25770,1056,xWZKci47gx#k
25770,1057,zQrdpJ49KnwD
25770,1058,8F2ahHD2kP22
25770,1059,5Dk5UffBJKgX
25770,1060,nfgY469Xzwgn
25770,1061,CBn5qtPNSsiE
25770,1062,oeVWA@5dmJrT
25770,1063,rb5JcBWbT33d
25770,1064,KG24npi8iGcP
25770,1065,LF2CwQ3WF7c6
25770,1066,v4FTABF58Ntw
25770,1067,W@PkbvRC89fA
25770,1068,VHdsSovohqd6
25771,1069,7H59P8wWgodo
25773,1070,F2KqW@TdxbP7
25775,1071,ezEDje@fhbSQ
25775,1072,df4FHpD2NSFz
25775,1073,uDtUve@ARbHf
25775,1074,TiZWuCXiZqAY
25775,1075,wL96#S3b#AJy
25775,1076,guG2E@BS9r5q
25775,1077,PmhoZScDBg6W
25776,1078,vh87N47p5UgY
25776,1079,6VVjMUd7pvcj
25776,1080,88kyRjVP4dC#
25776,1081,XKwAGuoHop3b
25777,1082,eUJYwYF2Yk69
25779,1083,SQxc7Mj7j6wh
25780,1084,aNuN463rTqu9
25780,1085,GJMB34v8cxJG
25780,1086,oZkg8#ddkhJv
25780,1087,Y9pVsnarj86T
25785,1088,jCMvdtsU5i9y
25785,1089,cCqqUiHgpDep
25790,1090,2buEeJ#osUe3
25790,1091,6xRGinVnjM2L
25790,1092,FbVTFLt#bGen
25790,1093,2UKjJhEtWdt7
25790,1094,FHF#DrxUkfoE
25790,1095,hjLoirmC2Dd#
25790,1096,W9x#uQhemXUx
25790,1097,4i93Z3V9dYbR
25790,1098,fZxk34Xk2KD5
25790,1099,C9AZmwQjUd8p
25790,1100,Bf63Sv6syL5j
25790,1101,jfPFYKuqaKcF
25790,1102,znmABLN@KuaK
25790,1103,DYvCH8okjgiz
25790,1104,5B8hKpNiPr3K
25790,1105,dbbS3bbV3F5m
25790,1106,XK8tE#GqXC3D
25790,1107,dYeVAeZF8M9p
25790,1108,Vfu6YbXg#MaW
25793,1109,VM8pN8jUw5z8
25796,1110,RrtmempEnNMF
25796,1111,CRs4AMLT5vqF
25796,1112,YHzDxApEXrTd
25796,1113,G6Pp3Kw@x47F
25796,1114,npPwgAQm35uU
25796,1115,wNLjDvzFnT7t
25796,1116,bkhU873A6RXM
25796,1117,JxDKB7HMmu4J
25796,1118,aramUcHc@Rkb
25799,1119,aNNCbGWRjEiv
25800,1120,#ZtvMgyd4@97
25800,1121,FHQGagT5oaT5
25802,1122,JsN7CN6GUaNM
25803,1123,6kz#JmrGnodt
25805,1124,uyvJPSr#vc2r
25810,1125,EnUT#vChFMcp
25815,1126,R5jnMPA6N3Zg
25820,1127,RL42h4DPPPce
25823,1128,rhuso3zsf@6Z
25830,1129,QGeHZS9XhGKA
25831,1130,ZQHTQektm5ae
25833,1132,8Z4QLYkqaPTw
25834,1133,H6bptWXvAsY6
25836,1134,mqFoCQZwXMaK
25843,1136,9u5Jg5coEQTQ
25844,1137,4Mnc3SHZL9eH
25845,1138,KULcnn7CA6ND
25845,1139,UgKD43YZttp6
25847,1140,YB3W@Pnpv3ef
25851,1141,YUPN9iP4MzXr
25853,1143,Yr37HEqVAr3Z
25855,1144,gnct29uXfmQb
25866,1145,yDGtCWkU52N7
25866,1146,oZnYNPouBc5Z
25870,1147,Fa85P5Q7ftRg
25870,1148,HeARST2XqgT9
25870,1149,9YhdoBUaND9c
25870,1150,rs2tKsuGNQWp
25870,1151,Y85Di#igjkwJ
25870,1152,WW@CXEAHmhTh
25870,1153,gHvto3Em24W4
25870,1154,3CAqd#JjVnRd
25870,1155,ELjCxYxAD4HM
25870,1156,YghRMdb2Fxaj
25870,1157,pU9fXd@yrecJ
25870,1158,iRPc9heuGw5g
25870,1159,8KVjFyvyV3AT
25870,1160,6tjDuE5mJ5Tp
25870,1161,SpuBoi3abFqZ
25870,1162,JBLvcoij46dX
25870,1163,wrKKLfd9i3ba
25870,1164,36gwjBq39gSV
25873,1165,ZXEZd7ekNZji
25874,1166,AaWd9Bu@7ZSA
25875,1167,5SKztFSvGrcz
25876,1168,sD3PicZhEDMp
25877,1169,#hFoa3q2kfLi
25880,1170,wnqYUNdRZGw5
25884,1171,dEdCfNNgtSkc
25885,1172,rAd#NMujXpT3
25886,1173,g7DwQ3P2cS33
25886,1174,gmzAdN5uL2jD
25887,1175,cU2RTWopPLWK
25890,1176,hBMERz5Mj9cn
25893,1177,idsYGA9PjZ5B
25893,1178,uhvPFUMzsmmF
25895,1179,HYQzb3Kogzdu
25896,1180,befquwqo6wWU
25898,1181,vzU6YvNrpz6v
25898,1182,GowdRcFxom#a
25900,1183,pvfuFCFuGZtW
25902,1184,SaZfirx3drWw
25902,1185,G89yWq2BKfUN
25902,1186,F5aiNQfYiMJ#
25902,1187,WrLv8Z26aFSv
25902,1188,gZW6YmNwH74J
25902,1189,4iFtg2ny4a5B
25902,1190,Juus9MfL#@A6
25902,1191,C36YYi3UKrQQ
25902,1192,2XTtubdDqWun
25902,1193,zuWS75tpwij4
25902,1194,iTUTv9fWRHYC
25902,1195,jq5c92JwPCcZ
25902,1196,BP3FMAnDf4o2
25902,1197,PZ5kaqYMnJYA
25902,1198,BubePVD9avVz
25902,1199,youMnBfeVRaR
25902,1200,fgj7Pe4@kRKL
25902,1201,PVaoJuv2CzPu
25902,1202,EwfCoDKLwsQ9
25902,1203,VoyYctC9Sk3e
25902,1204,xfzch@7e3zYK
25902,1205,XNcQ4kvNcgS2
25902,1206,@QJkvZGNgHT7
25902,1207,vnUmLSyH#89k
25902,1208,4nbptrhMSb@B
25902,1209,BEaEQ7AfVqBJ
25902,1210,NRzcafQ59Jva
25902,1211,nNVmTd@4v@QW
25902,1212,Q9LuN9KV8Aun
25902,1213,2gkEFpQuxNpT
25903,1214,#Dc2SHHvV679
25903,1215,V35JKeEjUC@d
25903,1216,Z6Wh6428BnjS
25903,1217,w4zDYeQCcBiA
25903,1218,uV7Q5sPHVFzw
25903,1219,mQSPqKmVeAcQ
25903,1220,TTJkAVMRxCjS
25903,1221,N2B4CRgvZm#v
25903,1222,cXsSAFQN@QcA
25903,1223,zZHr@g@iMVwq
25903,1224,qM5RM8otasow
25903,1225,g8tHPMpyV8oZ
25903,1226,hnH4MGCD5ARj
25903,1227,9kY5s7zwwvGU
25903,1228,rB83ELofYjo@
25903,1229,sfU9os@qJqZo
25903,1230,QgDS#KyopEV7
25903,1231,Ai#QDPhWCRk2
25903,1232,x45XN3CUZcSJ
25903,1233,st9o5WSSEFzB
25903,1234,K8zur6eCpJrb
25903,1235,89gJjdQVZnrG
25903,1236,kDqjcUJm#43f
25903,1237,W6P3buc6NDC5
25903,1238,Y5kYJtLiK#dk
25903,1239,hLtE@z4uAkNW
25903,1240,Xdw@Xx@6PHQt
25903,1241,tbbA7s5ggsSu
25903,1242,rEEjRzGD@TGQ
25903,1243,YwwyXz7sgoSk
25904,1244,ytehfm@UQb9a
25904,1245,BN#iTvL8wH8y
25904,1246,d7dGr5@JTYmX
25904,1247,cp6PoPnBv8jm
25904,1248,uzGUr4sT2BWd
25904,1249,iHwCJxdBESnJ
25904,1250,6C#hYKrsjCt2
25904,1251,sPT5oi97nm3p
25904,1252,75rwf574E3YG
25904,1253,fgw49bmgGtx2
25904,1254,oQMA95RpzMNP
25904,1255,BpnqxjJTBJzQ
25904,1256,QxKM4XeZDoR7
25904,1257,zV2U7URYqeRG
25904,1258,DNDBg9#QstTa
25904,1259,V#obHkoeg64L
25904,1260,BQvTc8Nt7i7H
25904,1261,TbGck@VbcXCX
25904,1262,fgU85D7b5EEF
25904,1263,m3XVXzsFZEK#
25904,1264,ECw4rc5Tmgt9
25904,1265,fxiBnkwTxhWE
25904,1266,4Bu4qDyE3ZDa
25904,1267,uPeqri@uFVhm
25904,1268,@gqHRjrPHWdw
25904,1269,ZqqmGk45XkxE
25904,1270,93by#U#YmFo4
25904,1271,jDifGXfVDeD5
25904,1272,3VzRx7nUSh7f
25904,1273,yRg3qL6U@KJa
25904,1274,R3N6XoBcB5oc
25904,1275,oySXtLpuu92w
25904,1276,AT3svC8nFKEo
25905,1277,tb4ocQFoQZFV
25909,1278,Wm3No8qYmRPJ
25910,1279,twb3QzSrumXK
25913,1280,xT4J4SGJfGHT
25914,1281,PkHMb5NVFbfW
25914,1282,AYAsz4SMvGWk
25915,1283,wTt7tsxwaXMa
25915,1284,eYNGyPKqEKgm
25915,1285,xSmY5smv6xr5
25916,1286,UJMe3DsJuPzn
25916,1287,nkiitpGpyNmA
25917,1288,UVU@d5J#yxEf
25917,1289,czdVpfSQsnSG
25918,1290,jYe7UYZwaTj4
25920,1291,bDjsbnjoAUsY
25923,1292,2xLXaYbivvv9
25923,1293,m8hn7NmmK7hB
25924,1294,Eabdh6h9R25z
25925,1295,scbhvCbVt7wy
25925,1296,CXAvi@h9NLP@
25926,1297,b32mFZiuHMuD
25926,1298,ioYDHHqA74Aw
25927,1299,JjDC7yAHSZzC
25927,1300,Hc@o7DeMMu5@
25927,1301,@DLy@mmcFRUg
25927,1302,tv3L6ywCVb@A
25929,1303,XCBpkPU9Z68z
25930,1304,wGi9sLNtmHAg
25930,1305,DhjJY8xH2F@c
25930,1306,GstmBejgQfWc
25932,1307,7xdxaYjecupg
25932,1308,iFZugjizyoCE
25933,1309,SGNgo6aFmhWw
25933,1310,8vz3vkipw5X8
25933,1311,n3bYcaQiPcEk
25933,1312,mXz@TQbTQRQm
25934,1313,zMLe@9hrxGS@
25934,1314,5MTfvGgWrQpF
25934,1315,mLD7NyUbRvJX
25934,1316,ohE3PHMA4P2@
25935,1317,aWJmMVLn39HQ
25936,1318,8LokRpPN7@YZ
25936,1319,sTKcFxd3bbLC
25937,1320,SYd2#X#X39J4
25937,1321,wY5Ztn8JcqtL
25942,1322,wTv8BRMA25i@
25942,1323,rD6onyCwrMpt
25944,1324,UY4kgpX8uuvC
25946,1325,ydFP2s@8AKCz
25947,1326,uewy78MD4Hb8
25948,1327,YT4hZfu6Lrui
25949,1328,UPpgbyrkaofC
25950,1329,pwv3SSn3AWQr
25950,1330,5DSRAzeiqYVA
25950,1331,i5J3kxitPJwR
25950,1332,3qMzd#SUCxJm
25952,1333,RgnGioEy7Nyp
25953,1334,xCize5fdnHA4
25954,1335,9GWPeNdyarsN
25954,1336,qstTP2@txmqZ
25954,1337,FUYDxazj37ig
25955,1338,awYukecPZ9XA
25955,1339,pj7YeUy@5xEZ
25955,1340,dNhSGk67fhZX
25955,1341,iUFf6xCss@@p
25960,1342,EXWHyMGasX8p
25961,1343,8gDw3p@53WhU
25970,1346,UGqkL83NCeB8
25970,1347,QB@@YJRnCFkW
25974,1348,98dB3SsiFMMh
25975,1349,f76GhhtiGJBB
25975,1350,q7XTkDSnVP2S
25976,1351,RBCJfYsFchZw
25976,1352,h5wATc2tTHdZ
25977,1353,jDub3xCVy4vM
25977,1354,T#f7XStyC3xm
25978,1355,L9TrR94HJGHc
25978,1356,VfV@3XnWwbgp
25979,1357,xQENV675ofTy
25980,1359,x7ULPyWdmZek
25984,1361,@65WbQEGbCeB
25985,1362,Df#tdoeSDv5T
25986,1363,KsoF8F#trGq#
25987,1364,gd5SpaSbhooA
25987,1365,U9Wi7LJd9oRV
25987,1366,9oYvpRnbgvfW
25989,1367,wV3N5f@fWpGj
25990,1368,phFV7JN3@Xr4
25993,1370,EmKEsMdhE66E
25993,1371,X@eaxAEQ48nX
25994,1372,f#NdN4xN8pub
26000,1374,mMxQzjSc8c@2
26010,1375,ePx5hA6oL#qb
26010,1376,Ndmf4tHE3std
26010,1377,#UCecAUqAnVn
26010,1378,FeXhv4P27d5X
26010,1379,LvftQiAT4EP2
26010,1380,f3hkVtHHVpsV
26013,1381,L@CBHcy9HWBR
26013,1382,pUUq7Sq2x5jX
26014,1383,e8W8KerNJaCg
26015,1384,2HCXpcMfVmEp
26015,1385,w2xduREqJYA6
26015,1386,SHqc88@5LePB
26015,1387,@DT6dRJ7JNe4
26015,1388,9TCQY9MZrGna
26015,1389,PDNKzeqKXVVW
26015,1390,6qEZ8kVAXiQX
26015,1391,4gxokwrN728V
26015,1392,opjcj#NA4XFw
26015,1393,kAoj4A@At84R
26015,1394,EM9KQ@PqL9KW
26015,1395,mut#zWWQBtEU
26015,1396,iwyMFxfKWjmL
26015,1397,i6pYtcCQGQHX
26015,1398,Pqu7hhGWd6Lg
26015,1399,kuUFUvgitkgX
26015,1400,r3iYrWha6eUR
26015,1401,6FEpetyoZrXZ
26016,1402,msCbpXnxiUVe
26016,1403,dxjsxjELSBYg
26016,1404,FPR2F#U9TGkx
26016,1405,fFMHu9Sq355N
26016,1406,KAerwbVigJDn
26016,1407,ADZkVud2#rJq
26016,1408,AN6HAM7b@YKS
26016,1409,fMoQkkrrjRA7
26016,1410,fAmvY2iMhEFL
26017,1411,BcwcioWHnZfZ
26017,1412,T6Se6@6Lgg6P
26017,1413,gL@EDtDdvtm3
26017,1414,n4XMwchMsfWt
26017,1415,JFtcw99G4cUG
26017,1416,V6jBMfNhCapb
26017,1417,9ihT3zS8cMAv
26017,1418,hmUNxvrhvjLa
26017,1419,numLCA9o6HPp
26017,1420,6DrJo7xq4LpD
26017,1421,5RppJBhwXWXV
26018,1422,VhAuTST9pF9i
26018,1423,cCUf3@ATr3Q4
26018,1424,9amUHrV#DXLM
26018,1425,J6R4NqP3LFxv
26018,1426,vRr27Ubgh24B
26020,1427,LUktZ#Ewi494
26020,1428,FoSYUF48ZsbC
26020,1429,LzRkqJe#vbTn
26020,1430,Ahd5p2TmNHNk
26025,1431,obmpK2cLRgpm
26030,1432,Vvn3vp2RoFbB
26030,1433,bpWX7qQWJD7n
26030,1434,fRFihqHbxjHM
26030,1435,ZKPJXTC7m#FT
26030,1436,PsbjvmAZjUbG
26030,1437,ApKB6zboMB4F
26030,1438,wrouEf5kHNd6
26030,1439,y7ZZGJHKAVyF
26030,1440,wedERvqSmFrt
26030,1441,JtQ84#MgGhf3
26030,1442,#HXXSkReHdSZ
26033,1443,X3U#zfpD2@Xm
26033,1444,fm@Cs#JuKiYk
26033,1445,p2@Q2ArqiaHw
26034,1446,8hHNWmJRyCqB
26034,1447,VRfTiPAwYvSu
26034,1448,#sfQfLsWDqZN
26035,1449,8tfR9qF3zpmd
26040,1450,RPoxpL5PzmgF
26040,1451,eAafK7oEqood
26040,1452,4#T8KpCRuXvY
26040,1453,cUhUoCqwJYWP
26050,1454,UK4bM7uee5cj
26050,1455,2RUoSnp2N5Kc
26050,1456,xa6Gz7G3uKu3
26050,1457,qiPzkzT7iUZP
26050,1458,5xghEuZwF7Y2
26050,1459,uPRc2RBPtowJ
26050,1460,qm5CDbNBnXS@
26060,1461,F4oZa97F8pgr
26060,1462,kNLNPKuongTL
26060,1463,P8jxv79DUACn
26060,1464,RvLbENeF4aFx
26060,1465,deokEVBb54N9
26060,1466,nShCGLuithX8
26060,1467,AaXYTx9t49zz
26063,1468,dfNUTpei9v8S
26064,1469,BnbME66Syk8u
26064,1470,Bd8@4t7p8Gbg
26068,1471,b2Cxgz4Q22Y5
26068,1472,CmPeMNr3cSG#
26068,1473,X@6ZhGfUK2BV
26069,1474,azmR#rMFs87B
26069,1475,SrkNonkwS9dx
26069,1476,Hx9BMqAq3Jqf
26069,1477,xznrvJv83c9p
26069,1478,VrRXPHGfENdm
26069,1479,nDxiwMNHKoxF
26069,1480,ykvVaEtAGp8D
26069,1481,ZZjVzwmABvMR
26069,1482,e3rdQ6doT6eG
26069,1483,Ur@NoPc4iyxH
26069,1484,VUGK6Tj7jjq8
26069,1485,xTK6pamroPur
26069,1486,fU3uM7wwR65n
26069,1487,niktWntXGA64
26069,1488,PGyzuW9qcSV9
26070,1489,T@UCY6cAUX@c
26070,1490,TC9Aw8YJNcwn
26070,1491,5Fp28ZdLgzEL
26070,1492,vqECjpAtBZvV
26070,1493,oXpEsfL4C8Ah
26070,1494,68uQ@n6hw#Rs
26070,1495,hFNhwc8VAQRF
26070,1496,oDnhJ8ZKQXpS
26070,1497,KADLg9EDhNfK
26070,1498,tTs56955spek
26070,1499,yJfNieGuw5mb
26070,1500,QC27UqgjGcVm
26070,1501,YLGAwjTJbg2A
26070,1502,MbUDwM8qiLvf
26070,1503,4d4N3CeTzPQg
26073,1504,4u36MH#UikWs
26073,1505,bm5UfPVnkV4W
26080,1506,bJYxPFDFsMDe
26080,1507,4rG9sR7a8f#f
26080,1508,iU29xcRQRWxj
26080,1509,Q#UXpyEaiy32
26080,1510,z4mVCjgac9yK
26080,1511,UqHwkJLjYkPX
26080,1512,G@ekHq4WC6Vz
26080,1513,4c5S7BEoDUn7
26080,1514,yH7E8uwwyukY
26080,1515,sPNaoPteTEWr
26083,1516,fZ7C8kcVJaws
26083,1517,2m6NxWPGQ8Nz
26083,1518,FEJfQX9mAfoz
26085,1519,Di3V5598yYua
26085,1520,#vQq4Y5KDqXE
26085,1521,D3eSGiKt@NRV
26086,1522,vaya83S3D9UR
26086,1523,Pr2fwbsEZops
26088,1524,Q9TGd8SZo6zp
26088,1525,m5uC2MqMTSfK
26088,1526,SdGgnS8SW2dQ
26089,1527,KonR9zH2sXrX
26089,1528,bYrJZLcbRyNV
26089,1529,UpnZhnaFubEZ
26089,1530,K2X3P#cxwiqx
26089,1531,ezf6AT#@BbKo
26089,1532,YnKZpWKvn#vP
26090,1533,G4@gipVzHKwx
26092,1534,ZpK7rvgdEwcz
26093,1535,aYEGZFTpe9hm
26093,1536,EGFaWtipBYUy
26093,1537,WXeYtbPL5itG
26093,1538,i6#9NmcSxTXP
26093,1539,NvvvwkN3jXRd
26093,1540,B67fuE#AyFEp
26093,1541,m89tyUp#HByj
26093,1542,GL9BadehEXig
26093,1543,TkMMF6NNkSk#
26093,1544,AWB#FSF4zaD5
26094,1545,ekFeQ@tUHo3f
26094,1546,ri8wYHSabkSt
26094,1547,@whHUswZ7agg
26094,1548,BNrLsf@rEnQE
26094,1549,zGrKqn3NLFCT
26095,1550,9Xu2cp5Dg39z
26095,1551,KyhdZWnu2sPg
26095,1552,NmedU3sRtmGF
26096,1553,#L57URVRX#3n
26099,1554,JGWBz4WUYumJ
26110,1555,RFcHn8d#RVMf
26114,1556,GsNYsQiFe7iP
26119,1557,dsuJjHfkcxnv
26120,1558,zFfgmGxTB3ym
26124,1559,t4#ZjJ7MQe#r
26133,1560,Am6URBG8mvQb
26137,1561,exwf4XUp2spX
26170,1563,7cbKm#EbJncT
26170,1564,viiYPkPHvSr6
26172,1565,FN#c3JgWACTc
26172,1566,gKEeUBrmY8Uo
26172,1567,#v#u#msj2iZn
26172,1568,R8zYMo2tzcKX
26172,1569,xZJyXXa2xGsc
26172,1570,a4cydn5nAP6n
26173,1571,NvxkTt#eGf4y
26174,1572,3qWBFF9V8jZ3
26174,1573,RPDji6ECiGWt
26174,1574,5kTrWcdnEuvq
26174,1575,DVXhBGyxvcCR
26174,1576,ALRAAGPet8k4
26174,1577,F7gTmTPhZC#V
26174,1578,sg7LVFRaVVuW
26174,1579,kuE4AnvXKM83
26174,1580,#uCoJsR@W3G@
26175,1581,7SAFSL5rM2Sg
26175,1582,cvFXaR8NsRqD
26175,1583,rsrCfTosSv9W
26176,1584,mg2GrqVugwqu
26176,1585,qjjvBH54veGL
26176,1586,pWXh5FeV2G#h
26177,1587,ZdSdt485c#yT
26177,1588,LLdBzyxe7NnJ
26177,1589,8duX6JarFjhi
26177,1590,JKUneBN#5yM9
26180,1591,9jwLKccD7QkM
26180,1592,R@mZBRiMZhxm
26183,1593,S3JjoJeVpiwe
26183,1594,#WSEyGorSwXm
26183,1595,kD@fn2SF3VEV
26185,1596,BxDTi2f4ZJVu
26190,1597,VED2STNqP6v4
26193,1598,NV7YiPZ44iAU
26196,1599,AsNe2Z9EE4oG
26200,1600,E5JVoKk4HhLM
26210,1601,nkhBG6isQj2X
26210,1602,VV6TEQHGzSgf
26210,1603,conAq8R@9dtc
26210,1604,TCLAZryajiFc
26215,1605,J2ydQxjQrxRb
26215,1606,dZFd2ve#mZP7
26220,1607,BWgMfCKJdked
26220,1608,NvBaxtXR9JGk
26220,1609,Nkdank93B4Sj
26230,1610,jXUfya73svL#
26230,1611,f7rvkQx4bKab
26230,1612,Dr2FpjHAEHJs
26230,1613,dQRuwq5swSUX
26230,1614,ffXr@YsuYPHj
26233,1615,xaqKfNxHjR5u
26233,1616,4XEhdNxSX8JY
26233,1617,rLqNpyEXsjTn
26234,1618,vLhDABRFdLeo
26235,1619,R6HfaLWx#F9c
26235,1620,E9Xf3iRoCTqJ
26235,1621,gpu3X2RDPYdx
26236,1622,uFQhYN7RtGNZ
26236,1623,z3ePB6nBK9Ev
26236,1624,vQUC7kXbv3Cp
26236,1625,qir#R5UGcWnr
26236,1626,YHGEbZvmdG5a
26236,1627,VD7d9JawScZE
26236,1628,YuXpen42qsfw
26236,1629,y5jR2@UoFteg
26236,1630,6bFrM2XwhkhS
26236,1631,bzZaULMebmiB
26237,1632,quXTEcdU@5SY
26237,1633,c39#jVoqedXd
26237,1634,prN@Z5M2JsKk
26237,1635,LNMBpZe5dxsS
26237,1636,7ZFb7z2TUymA
26237,1637,gDjwb5MrocXK
26237,1638,Pf4S7YkKLt7C
26237,1639,8jwqGnL5QuBn
26237,1640,gP55GNHnH#2y
26237,1641,egCDzWSRnbsD
26238,1642,6DhfDUEMdBWJ
26238,1643,H6RhVKgJQLnm
26238,1644,8SubjvaTFGXf
26238,1645,ME6qEvkUXxUK
26239,1646,kY#SbLEDaBnY
26240,1647,gB7W5Fb2RPmn
26248,1648,ndV3JM6ULnEc
26248,1649,Bu2VEu5M6tqg
26249,1650,jZ@NieQjHeLc
26250,1651,rp5dHpatNGg5
26250,1652,DfvdQfCrxfJE
26250,1653,9Vbr9zQrNkJ8
26250,1654,yiXU7cUBuyTr
26250,1655,V@xddgFU@48K
26260,1656,UmMZsXVYRTfv
26260,1657,bucXQZU5nUgR
26260,1658,qEVL2UHarQ@8
26260,1659,6#YubKaVuRii
26260,1660,CBeLg5jxQEvp
26260,1661,gCan3RCjP#qM
26260,1662,RdJK6Sfh#273
26263,1663,2L@A4GDQhVwH
26263,1664,DY8gwFxT8aWe
26263,1665,GZMgf8yUq9vo
26263,1666,K9945kDbczZc
26264,1667,VtGV9ffHryCy
26269,1668,DMZcDYoJoXoR
26269,1669,SFVp7S8r8x3U
26269,1670,MeCv@URJgNtd
26269,1671,vb5rVyf5C6h8
26270,1672,8@QggRHXPqSV
26270,1673,PhRPNXJo3Yb@
26270,1674,D7LmU89GygHv
26270,1675,gTrYavAS5k3T
26272,1676,K#4S36Ty#GSJ
26272,1677,3TGxqaJktNi8
26272,1678,xU9fmi7Ak7Hf
26272,1679,kiAFUDV882PB
26278,1680,eb9wDYJowJmm
26279,1681,MNETJLZsE@7T
26279,1682,WqkXEbg@VJpW
26280,1683,VApmD@5FtNnw
26282,1684,DL8Ujm6pvEhx
26282,1685,M26vDm8vJ@sr
26283,1686,@39YKqzHuear
26283,1687,exLZfXhFENBx
26283,1688,@WQkZJy2soaZ
26283,1689,kKebpuxJr7Cs
26284,1690,nGjFA8gD#VVH
26284,1691,3NwjgFHY4E5k
26284,1692,Qph42vanHsQW
26284,1693,qBbspbz5VhTY
26284,1694,7LJ4MWZ8MJ7A
26284,1695,w7oYYfd9bhjf
26284,1696,kZ54i9a6uzVY
26288,1697,F8ej9XiME3La
26289,1698,2#KuB44rtDtM
26290,1699,#vAX3zy9BPnS
26290,1700,aNinWbLT@Pi8
26293,1701,vDx#p3mLSFHH
26298,1702,85ETw3L6kAeF
26299,1703,KXHE#eHKjZSz
26300,1704,6ZhWq3fxY5Bj
26301,1705,xuaJB39xyFAU
26304,1706,sKtkPyTWyCeq
26305,1707,bKTTTx8g7Wju
26307,1708,6QmB66WG2u9P
26307,1709,CfXeT9YemXJc
26308,1710,eoKfqjYfL4mX
26309,1711,XR5bvzfrZzpV
26309,1712,L3FiuSyKBqFB
26310,1713,DtfPN34t@WCy
26315,1714,LnUGD5BvLSq3
26317,1715,dwbH7Z49uYM#
26320,1716,t#bSfr@Ue47J
26328,1717,TqUr4#iEvzvV
26340,1718,Rxza#krqd9cp
26342,1719,4KNZ8NA7d9LU
26342,1720,hZfPKSfHPHh3
26342,1721,snZr3pqEvJaJ
26342,1722,z3ie6GuiHL2V
26342,1723,dNxnPb6sS7HF
26342,1724,VUxrU#prkgMN
26342,1725,CEK6iao9a4d4
26342,1726,aGSDQjcgvAY2
26342,1727,@B6UNa9M#qXw
26342,1728,YbyU@ysY@pFt
26342,1729,5v8JecL4qDDx
26342,1730,AAMyXrj4NopE
26342,1731,PymW64dMVaAM
26342,1732,UYThGR83U54J
26342,1733,GHJ@ex3Dgy3X
26342,1734,RT6KQtBZ5Qb@
26342,1735,JeQr5L4khNH4
26343,1736,fUiv3weWTBxz
26343,1737,rAtHWuGrgK5P
26343,1738,4CNPQvZ5MMaZ
26343,1739,ajCMVLNxQsRB
26343,1740,kg@zmvBAoat4
26344,1741,VfCS27dcwmK5
26344,1742,F@jjuDGhQRgc
26344,1743,MMNzr#fsauE5
26344,1744,d@B7w#FJmEws
26344,1745,6QqBcLYaBVXE
26344,1746,QcxL9UJAmAV8
26344,1747,7PbNP47UibQq
26344,1748,D7FmUcBoRmXZ
26344,1749,MpAXw8PVXwwD
26344,1750,BeNw7ssRHZTf
26344,1751,DbpoT#gTK5K8
26344,1752,Snof5gPyM2CE
26344,1753,CQojDd8skeuG
26344,1754,477aTof84n4a
26344,1755,xvusT2FrTwMP
26344,1756,4Axc2uqD@f8g
26344,1757,YsrBkjAmU5XF
26345,1758,QtUckLfcFsny
26345,1759,nVYQzbbPiR5b
26345,1760,aCqNrjgg7uHM
26346,1761,u8YHfnSgpXh4
26350,1762,UuL2rkucFyYD
26350,1763,PEChb7tFQyxJ
26350,1764,h9R224igsimL
26350,1765,HA4SuPmKmYKj
26353,1766,KML5Lsyfv5HC
26355,1767,uZzNSxpKydak
26360,1768,LJabq5c4Ckz8
26364,1769,ETw9mjZ4sM7n
26365,1770,mDmowkxWeuQ6
26366,1771,pAvVakegwS@y
26370,1772,FZeWTMDt6fz2
26370,1773,@oQbkRr6wTiQ
26400,1774,QeKNYtC#eSem
26401,1775,mcmYnuRrwuEZ
26401,1776,796nhdhFmhrk
26401,1777,kfJQ93M7RB3J
26402,1778,XMB774Azhete
26402,1779,6AXrBYWffwaK
26405,1780,FYL4jTCBvgkn
26406,1781,EgHbdi@kbPjR
26409,1782,#rUp6JF58N9t
26410,1783,bhvpfpiAumYC
26410,1784,Xr6Kqkfk9fSz
26411,1785,Pdo3SeGisGqo
26412,1786,bsriMwC8nHue
26415,1787,t3@A6u4WJYR5
26420,1788,@2DaAGTZtTEY
26429,1789,ySeRvh7GEy3s
26430,1790,8k4P@VCJuXuX
26431,1791,Dh7Nio9RWZBH
26435,1792,7S2bV5q7v6hw
26450,1793,gboDgmnqBkBF
26452,1794,CEXii76yNz@4
26452,1795,NcCczt4BdHCq
26452,1796,TAVrY3HUghWB
26452,1797,HC7czDrd8bNo
26452,1798,sjtTUPWLo@CT
26453,1799,@xDninfYHXgS
26454,1800,2XFJCMB8GHjX
26460,1802,eZN99ttXQm7z
26463,1803,tpi4oS3rCRAz
26464,1804,VqbWMaP2GTbF
26464,1805,NomXwu5ti7uD
26465,1806,TCUxaHXPk3JB
26465,1807,KtHb@Zs8xbXe
26465,1808,KNRKc3FCaGTb
26467,1809,w652kkkNCdaM
26500,1810,rGk3N5HUNSCi
26503,1811,xdbFksAaLSuW
26503,1812,udMFdRj#gW2k
26503,1813,2oAfD5nVa8aA
26504,1814,DDCvG#zzmTLn
26504,1815,5Y82zCb8zxWu
26505,1816,YsjscVidBPy3
26505,1817,w9dPvEWG#aTp
26505,1818,kGP42xVk9SHX
26505,1819,4G98nbHJu6uf
26510,1881,DQckQrdqxyr2
26510,1882,SiCgN7Xw82pg
26510,1883,ZFmqVkJX#ExQ
26510,1884,37vmJcXfU7Dc
26510,1885,5m8kHCoeWHnN
26510,1886,RW3BbvEj4rBf
26510,1887,HtxM@HgsDK@C
26510,1888,VkaNQXJjUXqu
26510,1889,w7NGzLRFLjSP
26510,1890,EEiEjvQjCG@e
26510,1891,axhCZkoYfK#v
26510,1892,5kLF989@FqEc
26510,1893,SqCD5F7nsd37
26510,1894,83g#hgEwaGme
26510,1895,mSq4EXtsy39i
26510,1896,b2dUWBnyhX6j
26510,1897,5fhijnaMeLPu
26510,1898,oJppiitixJAY
26510,1899,FMYSLYf7tr9T
26510,1900,fkuAztvSC69s
26510,1901,qPXRYvb2tz6m
26510,1902,gWJKS5gub3VH
26510,1903,w83p@9jSV9g7
26510,1904,3#@Ysg8SNpQ2
26510,1905,JgnrRCwC#WRm
26510,1906,RqnSATXeChBM
26510,1907,7SgX9zFvHqBR
26513,1908,Z8vFK5UUNTAR
26513,1909,JH9TEn8mdAY@
26513,1910,ieCa33zRiWGL
26513,1911,@YVj6NPi8t8z
26513,1912,E6mRVnRBR2YX
26513,1913,iag4EZakpyMj
26513,1914,XewJGzV4B6zu
26513,1915,ocAsoDkGJTRk
26513,1916,q9F6U62gQsoJ
26513,1917,#GPRYcnQ875G
26513,1918,EK7vPUkcaQYz
26513,1919,GRU34CerT7YN
26513,1920,QX8WgFu7TZcj
26513,1921,jL5#4@EAsu7P
26513,1922,c9pJmLiowTJ3
26513,1923,dBKksks2fd3L
26513,1924,dZ3VSqD3M8f4
26514,1925,#e9sfvsBfBVU
26515,1926,8xKaZcX@PQJN
26515,1927,hz8sSGo7xts3
26516,1928,5J#L#GVKsARc
26516,1929,xutm#emr2x#b
26516,1930,k4Mfi9ib9xws
26516,1931,PGTgKcMTNzfc
26516,1932,wN8b@N38StuZ
26516,1933,zCf3ZKsdxbkK
26516,1934,amK7RSw2FVD3
26516,1935,MCKVqFYZ4Y4V
26516,1936,Lx4XiMkSgfJ#
26517,1937,2nA8PXJwYAm2
26517,1938,7KMWnG9y@9dT
26517,1939,GVfrtxm4Te@U
26517,1940,B3RxyNkQ9jeU
26517,1941,UmRoaz4a9oJS
26517,1942,y8ME4BDTm7yD
26517,1943,AG2RiKoHbmwG
26517,1944,Qi@NdK3tWPR@
26517,1945,sNaEpYBQNcVX
26517,1946,RNRfxMJGsGex
26517,1947,dofpogu8Q2Pp
26517,1948,fXu@6tB9FDDJ
26517,1949,pwgWiY5zaVGg
26517,1950,CMQwFitJP5Pc
26517,1951,rN8Ud@23dnnr
26517,1952,2cf86yGQzgKg
26517,1953,ssSrduV9ZBFK
26517,1954,zdC5DZHsanLj
26517,1955,hPzV24#yGBDp
26517,1956,cuybqR#fFCfn
26517,1957,DWjY25UmNuG4
26517,1958,DYLgwSCcD9ZE
26517,1959,6njHXM@eQH6Z
26517,1960,wmTJZNuJicfG
26517,1961,dgPS7U6BEqF#
26517,1962,@ZQ87Eg3KcbY
26517,1963,WY8J#ZxTfeZo
26517,1964,E9e@5WszR9mn
26517,1965,toE8meFiqASt
26517,1966,hoo@AHdCuUCp
26517,1967,uKPLucMxVVUg
26517,1968,pQVuPqbrWRa2
26520,1969,SgbUt4uyuyn7
26520,1970,nhZLqQ5MTSsd
26520,1971,rJ@P6ygBGBrn
26520,1972,VfG6WWuUmAgt
26520,1973,5HUoBM4sn3th
26524,1974,XgFxwK8rngtn
26525,1975,BDR8jwHS6Cvj
26526,1976,HXDCTvB@Zvq9
26526,1977,pKDR2wd6KTUx
26530,1978,RKMntw2VxEWu
26532,1979,HqCuCeFPh4rZ
26532,1980,LoMBu4#uXdjN
26532,1981,dPu28kYyWzX#
26532,1982,hyLgUfJtXce6
26532,1983,zJTmh#8mm9fj
26532,1984,tYEPKXg5e9zN
26532,1985,sGqkyCurp6Dw
26532,1986,Xhj8uMrWXL#u
26532,1987,36RDoN7broTp
26532,1988,#K5cYjZHka#A
26532,1989,p5DbsSv695d2
26532,1990,Hjma6SsMnNsq
26533,1991,7RJQ2fnGD3Kh
26533,1992,CQ7wYDMP66R9
26533,1993,JQb6aFKZuawa
26533,1994,aB6LBiJ7wEDq
26533,1995,yG#mMumPx9PJ
26533,1996,xQ3nPqUpz8tD
26534,1997,D4frh@yku8CB
26534,1998,ejVzUt8eb4fC
26534,1999,HhTGPubLmomD
26534,2000,FUMJRnYxTdwf
26534,2001,cAQzUqyYa@V6
26534,2002,FWuB7dg8czeA
26540,2003,DJ9w6cXicgYm
26540,2004,BB5#GYBh@Arz
26540,2005,t3z8EK9AwMg5
26540,2006,2NohKurEcRbo
26540,2007,ZCBsxbQPRZqB
26540,2008,vFLaGxrueGDH
26540,2009,8J@HvUiAt#oP
26540,2010,BpHyv83EiQVL
26540,2011,bnHinmCatuwV
26540,2012,#RS2X6wsn#jh
26543,2013,eHe9aAeviZ4v
26543,2014,LoZhd8VBXiEk
26543,2015,@FsakgBe3vXx
26543,2016,AvQjLjDfCUhk
26543,2017,4FiUEVMFLFeu
26543,2018,#2Z8UQPxXGeh
26543,2019,DmRorGWkXVqR
26543,2020,9pXsmfzK4PDP
26543,2021,WgNtgca55XBM
26543,2022,BG4yoF6dSUKh
26543,2023,QoZHy5UcXsft
26543,2024,gHgNnV#86B6#
26543,2025,ZegxCnJe9eSG
26543,2026,6MDXrpTQjhVw
26543,2027,Gi#oJmSxfCym
26543,2028,hAyigVXMpaaG
26543,2029,3n664CfKuuVn
26543,2030,GYxSQekdsu3v
26543,2031,2T@QG7SqrSnv
26543,2032,Spi2xgzFnsTb
26543,2033,UEwFU289zwAV
26544,2034,cucYw5MKG78C
26544,2035,JqoNJhGNMBgu
26544,2036,KgY6SbGpos7L
26544,2037,7vTPKWQ64zb3
26544,2038,xXDTEv@sKboe
26544,2039,ereZqJw4quGK
26544,2040,j7nyaoEkaFmJ
26544,2041,qsYXLGzTyWp7
26544,2042,gf3BqGg@@Lg4
26545,2043,iYFrokiyKqBY
26545,2044,k#C7ttgf8b@j
26545,2045,4Gvy96XS7GpX
26545,2046,kbbJCNs2q8ro
26545,2047,SpjKvf8E9rfu
26545,2048,KFNku4Y39GZd
26545,2049,oFURPfr8QRi7
26546,2050,KpTmWxLZfMEg
26546,2051,CDW3sCJxt@QP
26546,2052,mJ4Dz8bPVW3f
26546,2053,Nm7teQWo8sZ6
26546,2054,J8228QFenScB
26547,2055,W9vU@g6cGFEa
26547,2056,Gehodu2WsiG@
26550,2057,82ujuTTfiVaa
26550,2058,RgBhLYyTBwJt
26550,2059,GyfgoWTcoJRV
26550,2060,68p6@GCD#96V
26550,2061,9kxJHPU#M2Wb
26550,2062,z62m8QpS6f2d
26550,2063,D5ZvFSkBhvZx
26550,2064,LdokdJtZALVe
26553,2065,XhSMfk42CPzJ
26553,2066,EeRy6yb#iBcb
26553,2067,gvftWXhvd#Tj
26553,2068,kPAvDUcRCjip
26553,2069,Ro449w6h9maF
26553,2070,Fp@rHYMfn2rx
26553,2071,GB#V4vMX2kBH
26553,2072,sxPMaxUPoXAH
26553,2073,v46vAD7sX9VU
26554,2074,eznbzBQumwWB
26554,2075,uwjBAVvJwXfu
26554,2076,X@Qh@zcjTfvk
26554,2077,mVAin#fqYoRZ
26555,2078,CP6eLN9xJ8qa
26556,2079,Eiaw@FGScc4m
26556,2080,cySzHr6SwwBo
26556,2081,StJ9#JfVTpaB
26556,2082,HxUoZM#LYDNC
26557,2083,S2WGU8QCWGna
26557,2084,CfzVtVbXeWXw
26557,2085,hHjVdFeHABpD
26557,2086,croZjxwtHgFP
26557,2087,GS8#KYhXZ6A9
26557,2088,Y6otWerVA8nP
26557,2089,5pSa9fg6y342
26557,2090,z9eFjGmyrdq7
26557,2091,DrjJ7DZayrpV
26557,2092,uX3kTu8Cgt5s
26557,2093,#hfxfMz2BKYk
26557,2094,o66obo9gY8TP
26557,2095,UiwX@3d45PFF
26563,2096,dcm5pgiX8#2d
26563,2097,aQVDNMqa9LF9
26564,2098,KoRg#Djh6ehd
26565,2099,dRvLGSbt2sje
26565,2100,2VuaJ3C@AEiG
26565,2101,LTauwUvdf2Xw
26565,2102,4gPXaqRxBXXy
26565,2103,UCCGqfjnv#xu
26565,2104,P@7xdSr8iVBt
26565,2105,k76Mw6Rv2rs2
26565,2106,QeNjLAcA9XRv
26565,2107,dXH5LLpjoMrM
26566,2108,wC9@CJ7vBXbR
26566,2109,PDBVRc6DjTcR
26566,2110,5GuAwh84LZ8x
26567,2111,Cje8DSbHF2td
26567,2112,5dhDsQhhqqZ8
26567,2113,cPNCiYG85i3Y
26567,2114,cNwkzpXsVBhu
26567,2115,mzvdEbMqovoz
26570,2116,zdcnJPAHX4RB
26570,2117,MMJjvNaEGFUM
26570,2118,xd#S5Q7yFd57
26570,2119,nmbr7tR8iCB2
26570,2120,XPy5to5Wg3fS
26573,2121,iRRrDkXjPNxP
26573,2122,h@Ga5cc@7tRt
26573,2123,SEouKGozbqZM
26573,2124,dgNV#iBDxAWg
26573,2125,2ved3@mABuTz
26574,2126,xMzErsJf6uCh
26574,2127,6bo#Xq6A67ER
26574,2128,dsPx4S6HfvN5
26574,2129,CuUv6u4oAY3D
26574,2130,4x3wBKnB9X88
26574,2131,4CqB@Q6@6ghM
26574,2132,qoNZpNWBM65a
26575,2133,dhdqLJwi@fHA
26575,2134,wv@DFyQtyRpk
26575,2135,ca3fDTzw8kh#
26575,2136,sWjgRzMRqBwN
26575,2137,nTxxp3Bx7hLK
26577,2138,cttjyDz6q6Sv
26577,2139,ZWKneMP@cFXN
26580,2140,GXJj@@z3pyMr
26584,2141,2QpAvsX6YBpN
26590,2142,dJYJufsNMWNg
26593,2143,Ft4FU7VXVPrV
26593,2144,4nKEVisopAzW
26595,2145,vco#eLUbpV66
26596,2146,eDEtmS54JW27
26596,2147,YHmjdRJxYXb3
26600,2149,NaFZn9PmpX2z
26600,2150,g4cZnszee5@Y
26600,2151,F3xesZWGpkMY
26603,2152,p#My6sxu@7LL
26603,2153,hqsAmbxA@K4D
26603,2154,yw229VvRjGba
26603,2155,z6xMrcqgUzGJ
26603,2156,qmzawa#tKB5u
26603,2157,wweHhJQp#QGw
26603,2158,wvRJcGhLw9ur
26603,2159,bkmpvdfRgPg2
26603,2160,VqqgwhdtDdCZ
26603,2161,snsANPzEt6mw
26603,2162,FZfBtb9B94az
26603,2163,xSXRAqeqRkPD
26603,2164,ngQDimKKFAXz
26603,2165,gwqFsDML3Q7f
26603,2166,RRTAL5@2v3j5
26603,2167,j9@SWcu3ejxJ
26603,2168,Q@uvmvgw867K
26603,2169,MfKJtVYQUEXz
26604,2170,6eoxJznhAaKR
26604,2171,#d227t52hMUy
26604,2172,Bs24DQ4w2m2m
26604,2173,TGgcJwssM34D
26604,2174,HwrJSCaieEka
26604,2175,NiZwCKyKewbA
26604,2176,R9bWLABkiZWV
26604,2177,qDLVBkQXqpHM
26604,2178,QzyoGT@7Sh3Q
26604,2179,Eqqht9M9sKPT
26604,2180,onFazvQ3iVGH
26604,2181,YdxN8GCzfYfN
26604,2182,va#i5#aiF4#X
26604,2183,bShMVBr5fH2z
26604,2184,VWSiNpU#ka3y
26604,2185,oCQyUZM2iR4R
26604,2186,G5SkKcMt6djg
26604,2187,bXgCqqim32bL
26604,2188,NGuSHotZbcRA
26604,2189,cXPsUWa2h#fX
26604,2190,HAKirQD6eu9N
26604,2191,kUXkqNHiq2eS
26605,2192,bMbZygQ7RV97
26605,2193,kD87HDSkweVA
26605,2194,YvHENKwwc3FK
26605,2195,FjbDRnDSHqaA
26605,2196,WYYp8GFWy3ZJ
26605,2197,8AkKZnBszYoM
26605,2198,kP#DTsTr7LKt
26605,2199,NnRnnt9qzZJW
26605,2200,scJ35wGsvhpT
26605,2201,CAraKVvtyso7
26605,2202,Tu9ZsPVPgFU#
26605,2203,32Kd3gDmnMKe
26605,2204,3p#vzAUwqmtQ
26605,2205,nxG@zwEkizPZ
26605,2206,DFxUC#d5sjKL
26605,2207,7ztWkuhCPa6T
26605,2208,UpuCKHzg5Tqh
26605,2209,mq4utzMQceyz
26605,2210,MPREr6c#pA9H
26605,2211,pdpCTCVuJd67
26605,2212,QRRsXwuwL7tL
26605,2213,M4UYLKBbztvR
26605,2214,tY9NybAKg@2m
26605,2215,ABL3Bv9u83FR
26605,2216,aFLHY6D8KMrd
26605,2217,AYgFWnMtWqfV
26605,2218,ueTZKWWrUugw
26605,2219,nEs#JxoShLig
26605,2220,EJ3qJqGGZA8q
26605,2221,8UFAvKeuZcKQ
26605,2222,voPwTqe94u3E
26605,2223,MaH2AStq2TvT
26605,2224,EGdkBS2n2VdV
26605,2225,cAg48AWgaKYQ
26605,2226,9JoC6oSmttLM
26605,2227,LZpx3ZodFr@h
26605,2228,pRzpt#G97dmh
26605,2229,vMzss2wsptCJ
26605,2230,icNsG#4QLRpH
26605,2231,sCDeJr9Yvnus
26605,2232,NEf3X3dLQB7q
26605,2233,CE8onfTT77D2
26605,2234,rCZxXs8oxuXm
26605,2235,XyrpT#rBmo9t
26605,2236,5sVoMJ4eambY
26605,2237,RxBLFGVF9#ui
26605,2238,3wUgXE9URk@i
26605,2239,q76Gaz2K3fEB
26605,2240,4DqFAv7HEapa
26605,2241,JDFz#Pjo3nN3
26606,2242,ZGQN@PButinY
26606,2243,izuMu8J83HKJ
26606,2244,X24fFMzEAbFR
26606,2245,UM2T#Uq#59rK
26606,2246,BeAS7YmEWpJX
26606,2247,6og5QLGWb2ZA
26606,2248,L7@ohmsiXrq8
26606,2249,WVGa8WFn2Zho
26606,2250,4wgTaAV6wgXW
26606,2251,4tVQhjmhy2qB
26607,2252,cGPfKTGg8FNT
26607,2253,ERcQU#hkveF@
26607,2254,CqYhLCjVnjsE
26607,2255,iFptscMypq6H
26607,2256,wDZpAwsiZ4@X
26607,2257,amZu4@M9SKSA
26607,2258,PSZAo#A7ZM@#
26607,2259,G6kT@KbASk8g
26607,2260,HY@xP52tu9m#
26607,2261,r8p6v@n8nM5N
26607,2262,gJeZVktTZxcr
26607,2263,jomkasxyk7kf
26607,2264,cqPBafTgTibC
26607,2265,CRNw2XLWPWHb
26607,2266,kt32x83C47Xp
26607,2267,YLSJD9wpuca2
26607,2268,w@vSMEWuj8YE
26607,2269,aRikqJZp46VT
26607,2270,qT2RXpSTMou4
26607,2271,zG#evns7m6BV
26607,2272,EB#RMys7EEY9
26607,2273,NDHmRupPiq8A
26607,2274,LhP69hGP3syV
26607,2275,inBWTpZRfAC9
26607,2276,JXt#sJBxA5i4
26607,2277,#G3JVZddzfy2
26607,2278,Krk776AjHCsZ
26607,2279,dzgomRu6qU47
26607,2280,5#mZmApx77Yu
26607,2281,Fe4qRuASuHBe
26610,2282,8sUiNLmC3rjd
26610,2283,WB@Nq3wgLv@6
26610,2284,u9nT8@VYbFtE
26610,2285,U44e7rH5Ygx7
26610,2286,SJjxJWGejgvA
26610,2287,3Qwz9M2jGVny
26610,2288,n7vjcw#dYs4d
26610,2289,2NS8PwjiHeAd
26610,2290,YY#BeenwBsLu
26610,2291,vXG6QdAhAXNc
26610,2292,463t2kUr#W6v
26610,2293,g5bEptoraBPU
26610,2294,#5urVHKAjuB#
26613,2295,EN2Y8JgAdC#c
26613,2296,S6BBmqUm9kaE
26613,2297,HLp8ymmvpH8Z
26613,2298,F7w4ErGRLX@U
26613,2299,5LmwBxpDiYnF
26613,2300,EQXhqQWvcPnZ
26613,2301,gtTF8jJBARRp
26613,2302,y5r9naskpnfz
26613,2303,w@CHdRP3Z7NX
26613,2304,WrAZ688mZMXb
26613,2305,HcghrKefuBtF
26614,2306,cAPLACckdg2V
26614,2307,DShRHH9XshrS
26614,2308,kqzngKDkcDMn
26614,2309,gxZr43ebF4sf
26614,2310,r@NWieH2@t8@
26614,2311,HaHutz686aRX
26614,2312,hey3zedj87@#
26614,2313,pWgNUdQmtU7y
26616,2315,EsSrJj8xWsP4
26617,2316,diwNpturAAf9
26617,2317,8fNFpmhSw@Wt
26617,2318,@HZKL#47p6rK
26617,2319,#96i4QHQYUT2
26617,2320,o2fHC4bfLkFj
26617,2321,GD3MJoqt#THL
26620,2322,vXig7sgP4FW7
26620,2323,iDaSpDVc5vWv
26620,2324,mmKFKizq7qx2
26620,2325,Fzj#V#ErsTdf
26623,2326,Wqr9EXP#z3ow
26623,2327,aN37z8JgDgCD
26623,2328,JrjhB9mgCoqB
26623,2329,D9#Bu@CrJ54P
26623,2330,e@jeHDt#cPWW
26624,2331,aqaYuzrAi5P#
26624,2332,c4MT6modvs8v
26624,2333,@KyhAi5CTd@w
26625,2334,mp3h92JhqA#L
26625,2335,d8qirmzZaHrr
26625,2336,29ADS6SGfiti
26625,2337,uAY9jAb3hHL7
26626,2338,QBc2#Agd58SB
26626,2339,CXkSkpvxfww9
26627,2340,JXGP2ALD7MxN
26630,2341,vDMKp7ZTk96B
26630,2342,UQshnT3izNza
26630,2343,vtJ#JDkLpdAf
26630,2344,5#gu5RrvTvKA
26634,2346,#Xr4puLipPRZ
26634,2347,FRFym7ti7#iY
26634,2348,Fhsjmr4kvN9o
26634,2349,bh6EKmWvWCKP
26634,2350,i5Dtt5bQiEXW
26634,2351,qjyfDVca@eXm
26635,2352,jQwG#BECyVPr
26635,2353,iGDpwBKa8Tkb
26635,2354,UPvmgGdy@GNt
26635,2355,kiPA@G9A7nEB
26635,2356,UrBK7du3c3pr
26636,2357,QvU4bqZKb5Be
26636,2358,eEPZut9wCNFf
26636,2359,H22a87Vy42jn
26636,2360,cVWUSL4ZBjiA
26636,2361,87PTXvhqbi4q
26636,2362,DDDqjmHoSQas
26636,2363,APnxxVPMoVqk
26636,2364,hG3NFYR6hVS6
26636,2365,#i8ibubmQ4qW
26636,2366,ZxEuFy4#h5i9
26636,2367,M4qzpXDX48qW
26636,2368,FmM4AsADPFYK
26636,2369,j765kPYuV88H
26636,2370,BtGtWKN@RtH2
26636,2371,f5MebnsAsZm5
26636,2372,QjDPG4dKFenc
26636,2373,RA2YpUFUdXi4
26636,2374,JU9@z8shWpJw
26636,2375,PBZf3BxaUHVp
26636,2376,zLZCgC6ywMdS
26636,2377,Njn6sbunXhVU
26637,2378,dxowxaALw3Ua
26637,2379,fFZovep5BYeJ
26637,2380,#wxd5nMt3pKT
26637,2381,@xoq6yhsTJE#
26637,2382,7AEGVeed6fYL
26637,2383,SSfoKjnTpCPs
26637,2384,tjQuTq2jCfkF
26637,2385,zaFZcczqnEyr
26637,2386,Kdf#xp#kn5CD
26637,2387,apxruoxgwNf8
26640,2388,xeQhbqxz8zQy
26643,2389,B#AWrM3WnbZ3
26643,2390,Q9FR#5j7#V9f
26650,2391,NEsKZZVta5uu
26650,2392,sLTYYt6DERaJ
26655,2393,X4b7Kg5LW4oJ
26659,2394,vEMRdYMDHsMr
26660,2395,KciySX5e9G#h
26670,2397,x2rz@rRvWR4H
26670,2398,wqWz8SNhZwas
26700,2399,HuNzpoD2z3V5
26710,2400,#Tx5GZN3JaK2
26719,2401,zsTdmcVgGkXt
26720,2402,h6cKFHcixkuK
26729,2403,jDZ2thvhV@9H
26729,2404,VPiorFhLCQTG
26729,2405,qF2yRcuWiXLT
26729,2406,TUCqcfsAD6#h
26729,2407,pUH3D8GRMtTy
26730,2408,VZGhuUFATbUd
26736,2409,ZSpECfUi8nL3
26736,2410,MDeAoj7eNPwK
26737,2411,j6rCLy3bq92N
26737,2412,9nAqB8Bo8F9w
26737,2413,UHNjoknkLbdD
26737,2414,AzMSBD7sixNp
26738,2415,xBYLmLE#j6U@
26739,2416,MZ857dVGUVk8
26739,2417,2bzh#Z4GixfQ
26739,2418,my8HK2p7oytu
26739,2419,RfyLv6GoXxKv
26740,2420,c8VL3vJRw2c3
26740,2421,L3t5QYK@SWDz
26740,2422,JdNe9feTJx#q
26741,2423,4zsh3F4MBNhh
26742,2424,YMXfyMN8LgPm
26747,2425,ywDMNh8ZnqQK
26748,2426,ULcHxkczZtcQ
26748,2427,8Jj64dQufGae
26749,2428,cGoo6##RE7Vu
26749,2429,qnAu5e8Zm2ZF
26749,2430,kAMcwdhUph7d
26750,2431,SRJMAvFYuvu6
26759,2432,@wGgkE9x@dVr
26760,2433,7d4fCtDqcJYb
26763,2434,SnivPZpxNRF8
26763,2435,iv8AYtStvMhG
26763,2436,zG9vKJGsgaH4
26764,2437,5cSMTatFQePN
26764,2438,XVARmkfStPKy
26764,2439,6d9MUTGXC8of
26765,2440,7iNF9#RFRrtf
26766,2441,Er@2ULdsZXG#
26766,2442,#fHiK8QuD3Uc
26766,2443,hzYv3k7@kVPK
26766,2444,dV@vWNtF@XLX
26766,2445,xsjp2Rb4szQd
26766,2446,6YuZuEq5hQk#
26767,2447,oJf#aQAAog5H
26768,2448,CePwribxybdx
26769,2449,Xy4W8cf@p#wu
26769,2450,vC9KX#b5zAkR
26770,2451,vK5DszpXev#n
26779,2452,KiHQrHEPCiyo
26780,2453,aB4UpnidnURq
26788,2454,t4AfKoqXXPai
26790,2455,CYFbWnbB8JBV
26790,2456,9k6ZK6cg#TSQ
26799,2457,jRpdnWX2RzHK
26800,2458,23zNtvgVJRfr
26809,2459,HBg#AW@5qWxQ
26809,2460,#bxyXjhVpVgu
26810,2461,FucgPY9KTU4N
26813,2462,AYdJ2ngh98Kz
26820,2463,NphaYee7vJkY
26820,2464,@YTvY6YLro6U
26825,2465,C2jBby56zsfz
26825,2466,RvWaPLnvr#3s
26825,2467,uYn#PwjVwpEw
26827,2468,bwwp2QEPM#2N
26830,2469,xkv@924K59Pb
26830,2470,3Pgq4bPCy@Em
26830,2471,tZvSUfFkWNf5
26832,2472,5z6BRFr2KRez
26834,2473,P#BTLoXwMa@U
26840,2474,BxrGR7GCkccr
26840,2475,xraSg523iRvE
26840,2476,TGyGYxkMsBMX
26840,2477,i#tyTVKXaMmb
26840,2478,9iZDAXKm4zZG
26843,2479,JAC#3hRY#Vx@
26843,2480,HunzCRJwbRjV
26850,2481,ChSiMKk6UVdN
26860,2482,JnA@8TcL6HtB
26860,2483,P6GD#me97gth
26860,2484,t4xkN7renh6g
26860,2485,mgsg2CiJC2Gq
26860,2486,ChTFmKnAeNXk
26860,2487,dyEP4#uKDwrk
26862,2488,rbt3fXG3SMd#
26862,2489,uWt7f9gwiNaa
26870,2490,TzZGrBiQja7R
26870,2491,c7j6NTKbJ9XC
26875,2492,A@y6VWMzJrLY
26879,2493,nbRt79AnBa86
26879,2494,jCA39C#jqtHL
26880,2495,qjE38Vb57mjF
26880,2496,pgFUzmXYxwWs
26880,2497,L4A9nN5N2LQk
26885,2498,6uQE#S9pxyaq
26885,2499,GmnqzVokFhfn
26886,2500,mkVyQirhieSC
26887,2501,5#yh4vbgbrjf
26890,2502,rh5MuAtfEhAf
26890,2503,yDUDtkDTR9uo
26890,2504,MtvuodJoV32p
26890,2505,Z3LEaR#WsavV
26900,2506,iX@W#FFgKV5B
26900,2507,sDW#b3oMCZ#K
26905,2508,5bTmBX4BhAHv
26908,2509,qZxTj66JuhUh
26910,2510,boJ9ogDRTM8n
26910,2511,CcgZz5q4bs5q
26930,2512,vRhYB6tRXnoX
26940,2513,mer7NUt7fSWw
26942,2514,bWUnyRJfZCVY
26950,2515,7Epez2sncL#y
26950,2516,KPKQZs8ovC9e
26950,2517,@@vjVDsbSu8U
26950,2518,6Q546BVGNEzm
26950,2519,vDDsTMQYJmZN
26950,2520,yresScJ3PNfr
26950,2521,9t6xNG@hazTi
26950,2522,ixdJMHrio5i8
26950,2523,@HwwBv58LAWv
26950,2524,#yWTEXThY6DF
26950,2525,LhbbBKzbqBk5
26950,2526,2cpNdPhgGrtL
26950,2527,7qQou9UE9S2R
26954,2529,pvJC6LJm9Xbf
26954,2530,TZJwXMqWixd2
26960,2531,HZp7j5yhRMVr
26960,2532,NBDQbrm52Ru3
26963,2533,qTJsKbfpjxHv
26980,2534,#fz3oi7htCEd
27000,2535,oPFqoPRAJii6
27000,2536,tW8ABy@MGz66
27009,2537,ekXVQL9FpnCb
27010,2538,GMM9fuEU93z6
27010,2539,7e@c#icMYMgF
27010,2540,9Fno@wXcXcFm
27010,2541,tQnUaPADBh5V
27010,2542,ikxdqCrheqTN
27010,2543,L6KRtveFQhWt
27013,2544,f9fbJyusVXCF
27013,2545,c2KEX2MsJx7s
27013,2546,iYrquurSeQ2d
27014,2547,uGsFh2axy2x9
27014,2548,SPgd6jRUHqX7
27014,2549,yzfLRo7ZqCsw
27014,2550,JQvNhCaCzidS
27014,2551,Na4Qpne3CAUt
27015,2552,GtmZ292p#aia
27015,2553,3is9gBT4pE2Q
27015,2554,rfuoxEv@yUMN
27015,2555,SME2hJTvY6PJ
27016,2556,Ln@u7xNhrAQs
27016,2557,kzoc#Yy9WRg7
27016,2558,bMX9mb@d9QjP
27016,2559,87kXrwYoysWw
27016,2560,Ho7otpCL6Gqf
27016,2561,KgLkCr6#8dH6
27017,2562,2J9tDcXR3yEf
27018,2563,U3wNNR4LcNbD
27018,2564,GdVYc4cCS9Tj
27018,2565,LSYNQ2S6RH6f
27018,2566,dv7HKdSCrfFL
27018,2567,mqobp6awBDiY
27018,2568,gfCrmq9hYYU6
27018,2569,kVXhAf9FYfCc
27018,2570,KPSrGwKLiYWc
27018,2571,4M7kZnd8C7Xw
27018,2572,hrRecv3u4Gm#
27018,2573,B9gx5DnBkNMg
27018,2574,ajKzHFnofU3q
27018,2575,H8urBb@zNCwn
27019,2576,24aLPheDuh@c
27020,2577,CznoweYhyygK
27020,2578,KGUmFLx4cKty
27023,2579,D#yG5i6So5jx
27023,2580,pj99xv2u2Y6Q
27023,2581,UKncYNDJRyN8
27029,2582,JUnwfcgwDx7f
27030,2583,aTbDFsoKazM7
27030,2584,jPuvkxnd2iUw
27039,2585,77zwD5fHaX@q
27040,2586,a9cn#RW@8ERp
27040,2587,K3tnF4taeTRQ
27050,2588,nxCuGpgTwqk#
27050,2589,wCetBVTc@RUV
27050,2590,MG5F2rwwZ5qw
27050,2591,bxHT7iV#3wGS
27053,2592,LgB6WjgrqQZJ
27053,2593,@LrTCRRXudn4
27053,2594,p52uA@vovUQu
27053,2595,tJfyAN53MTbo
27053,2596,7P27VVV5282H
27054,2597,gXChmG@#4ABp
27054,2598,WjGWwzKQhQef
27054,2599,4LF4mmpZeScA
27054,2600,exuHHi5Sxmw6
27054,2601,ugyeuvzu4mED
27054,2602,x4SPLFfLH6mN
27054,2603,RUkbqg5rciUn
27054,2604,hkYm3EbA7v8E
27054,2605,q6MST4xvCJJt
27054,2606,svLMDKsKC9sj
27054,2607,2oM93FNym6Lr
27054,2608,6g3Dyo#ZyPar
27054,2609,Sqsn9ABVhpLX
27054,2610,wLtahH6x8Mwh
27054,2611,tsp6oYudvHsC
27054,2612,Np4RcCHSP7r@
27054,2613,7ZAp6AcpF8QS
27054,2614,WLLRASzVpB6a
27055,2615,b@Hn8KCwgPME
27056,2616,vNbAsWP9qe9J
27056,2617,URsUY5JYwXsy
27057,2618,gZZqFK4zivW6
27057,2619,HqHLbuDfdWUM
27058,2620,efrSTWHaNaJx
27058,2621,C@zqHhDLPk2L
27058,2622,goL2h5ihTr2w
27058,2623,CDNYwXDTEf9E
27058,2624,KGPNvjNMzYeK
27058,2625,MvnGQxKhn8Sf
27058,2626,XqpJQ978PoLo
27058,2627,n7szgYwxV2vv
27059,2628,8MVWC#nU7dUF
27060,2629,gtGEsdRFYniU
27060,2630,NiAoGcbxa9YS
27070,2631,j27J6PicPycy
27073,2632,jNkBmfXi83c6
27073,2633,XZXQ#XbEFuwS
27080,2634,YC#mpPyPpdYF
27080,2635,qs@zCvUz@hif
27083,2636,dAgXm8irLMLE
27083,2637,3vDEix26Aqpa
27083,2638,3Ej56KWtaM8X
27083,2639,V7Sg6fn7Rsm7
27083,2640,scg@bR78#afj
27083,2641,@eKvedPKzCv#
27083,2642,LrnfdycYoxdt
27083,2643,3TprhWhV#bCY
27083,2644,sZRFyAcuZ5X4
27084,2645,uX8Szo23EPp5
27084,2646,HsM2wGjck@Dr
27084,2647,@VVpY4WY@ZUa
27084,2648,xobVdJN7ruim
27085,2649,hCoXic8JbDed
27085,2650,Kn@yxfdksWNi
27085,2651,pTmq@UGVS4b#
27085,2652,iDWMcPteEsZU
27085,2653,cVDzLnZiBHFy
27085,2654,jpmp#D5ah2sz
27085,2655,V@UakcS@EQwm
27085,2656,tVM3MtHjiSEX
27086,2657,LWcdGv5j893P
27086,2658,t95iWznQVZ#B
27086,2659,VxyomF2uiprc
27086,2660,MnBbBDxQPZZy
27086,2661,wekm9EmWu3Xi
27086,2662,8nhhtE8JVf5X
27086,2663,qPqRc8oe2VWi
27086,2664,jMfDmYiUCSHF
27086,2665,yprmbpHhZk96
27086,2666,eefMzptyZY66
27086,2667,S4ih7MgBLvw#
27086,2668,@QnGAu7y3Nn9
27087,2669,YbqEgd2mFwba
27087,2670,BmGSuncjZGr2
27087,2671,qBPhKWPKejWQ
27087,2672,mZCC82#3sFuq
27087,2673,fmAoxEqtxxDs
27087,2674,duTBWvHdKeg5
27087,2675,ZqqHBaLTc7ZG
27087,2676,wALrddR8csFF
27087,2677,E3sbRPxWQfuj
27087,2678,foPBPdvuvnGP
27087,2679,cscdHfHMnxJH
27087,2680,5H96f5eX3ZjP
27087,2681,TVHWLgf4HxAE
27087,2682,6MVh7FoVWS98
27087,2683,m4Mh6Z7QZ5Ki
27087,2684,9T#qUkMBFfpv
27087,2685,#Xzn9Bi#UTMP
27087,2686,qFT3MJTDcsiS
27087,2687,oTvNbRkGGpKX
27087,2688,bMy5@GyKN5jw
27087,2689,2wza#JDGxFza
27087,2690,wEVVNcbQzP5n
27087,2691,CHfxvs9728JL
27087,2692,2@5JG3k7wsH5
27088,2693,U6iWsTabxj9W
27088,2694,GDjM3ddpYTmS
27088,2695,MjhVzUJVGBbV
27089,2696,c4dJ2VRNzEBL
27090,2697,Z9o7D2LGGzuk
27090,2698,qoavVEUMbBVs
27090,2699,jAk8M6irFhvB
27096,2700,iMR3vpJcHDUN
27098,2701,hcAvma2gmvRv
27100,2702,@XekFWoZLY5A
27100,2703,7RzNdfEts@Th
27100,2704,FKFKgMhu#ZiC
27100,2705,Gdfj@X8A7daF
27100,2706,HwNdRWy68SKg
27103,2707,TuZp5fvBHVow
27104,2708,qWBTsSUwhBvk
27105,2709,AA55n6bhpQN@
27105,2710,bVwU3Uz7bSM5
27105,2711,LeFrhWHuZhzm
27105,2712,a6tJzqBmVAvf
27105,2713,tkpxgu4jomqS
27105,2714,2bQRCgUNtV4q
27105,2715,4FN68hMWmHyn
27105,2716,QyzHETuHxw7G
27105,2717,Xskv85t7whkP
27105,2718,5Ho2iZkvGsN#
27105,2719,QmVyCdydsqHz
27105,2720,fUo5pzGQvW3S
27105,2721,v#i@3ELRdWU6
27105,2722,G9L@SWCnWvLy
27105,2723,#DyygZhV3#PV
27105,2724,jopyLsk@y8yK
27105,2725,borrm2AQJKit
27105,2726,VcGEfrgcdHNq
27106,2727,eKx4cHkYUTXV
27106,2728,jppMwp66V96F
27106,2729,VWZvprysVZa9
27106,2730,vJePXarYRQEy
27106,2731,ZcAJ92zRmDp4
27106,2732,M9harY@AVj8y
27107,2733,SMz9z@MXxHWD
27107,2734,d9BHoue2KWpx
27107,2735,BMzWs8SUTY#8
27107,2736,bvtqufsWQhnt
27108,2737,P@MDB8he8wAq
27110,2738,jdFXhmqEu9GK
27110,2739,qaQCaFX#97oj
27110,2740,5ctbKbKGDCtJ
27110,2741,RmB#WFKP6fue
27110,2742,#ezRyW5W62Bw
27110,2743,p6pz9tVPaBwe
27110,2744,HryCVuedXQ@q
27110,2745,2SUFsug9HAwF
27119,2746,RxRKJzsHMgKJ
27120,2747,#MHQKF8t36Y9
27120,2748,2vui5SeZd2NC
27120,2749,ecHMS4JLjP2u
27130,2750,gn7NM#Md48ev
27130,2751,bogcpUPxDG6q
27130,2752,TPJtFAQykfNa
27140,2753,z7jCxCUCXbLD
27140,2754,o#fADm#h5qw3
27140,2755,RMtXR2HVX2Ee
27148,2756,RvyPmmN6@zor
27150,2757,c4@Aq6zX6j9c
27150,2758,RESxTy97DrSW
27159,2759,FWewGasn@@cq
27160,2760,kAjTVMoAMUVu
27160,2761,yLhB3SmpjybW
27167,2762,xDaWXhFcTnRx
27168,2763,2rtk@V#KMe@S
27170,2764,8YhRRNBL@FG@
27170,2765,pqibgLTBSXSd
27180,2766,Gep8WT3UWKBJ
27190,2767,Jg2Bcx5CniT3
27199,2768,ZBEy3FaZinUE
27200,2769,wokFscmvxxaT
27210,2770,qNFfQnkq3ZrN
27210,2771,uJPU5ondA@WF
27217,2772,r4UpxikCiKNH
27220,2773,A#ZyGgT8SWH2
27220,2774,B3v8GL5CXnYe
27228,2775,5GsLfpUVVuUY
27229,2776,SjhynQK2pkYd
27230,2777,yh48DuQesZUp
27230,2778,nzzTbBiKHn3G
27240,2779,uyAVwc6ozCAC
27240,2780,nJk5tSf9pyq5
27240,2781,ZXgwyPYSVABA
27250,2782,irACxW5GinC4
27250,2783,nR6J4Sh9PdcT
27250,2784,fvEq#BdS@C9u
27258,2785,U8e5r8AKzWDu
27258,2786,@FjALv8cNs3u
27258,2787,5GbjXT7VYn7u
27260,2788,9hA@b8bMAZ#p
27260,2789,DS8o8PpuY6@r
27265,2790,MRayKqtSE@7Y
27265,2791,dkabL9jk9HEd
27266,2792,hHBB7rBVto#f
27266,2793,SEdAHJUonLh6
27267,2794,pWdVFpCsYNHk
27267,2795,CTc5RB@Txors
27267,2796,a9kEMTgR3vrD
27267,2797,89VxsuoTDC4G
27268,2798,oGQb5yvW7GJb
27268,2799,VfCwmes#qkog
27269,2800,jBydzSQZau@R
27270,2801,JJd8gNT6cM6M
27270,2802,xqUKd@v9e3TF
27270,2803,ZSkCddBtUFgs
27270,2804,YaDwPt4T7ZzU
27270,2805,49n6rCBXJ8MN
27270,2806,Pc8EG5pQBGzw
27270,2807,WzqDhy@@fpTz
27270,2808,eAaZjZ2rcsQC
27270,2809,@nXu24UMi2fE
27270,2810,FrBRJidK9@Zx
27270,2811,CdWoF@PcMVmN
27270,2812,f2U#ssP5gwBZ
27270,2813,@XBc@HTZWZeA
27270,2814,XcF2QawMNCEU
27272,2815,RZhHdx#BsRpE
27272,2816,n6TEC@2eBS5r
27272,2817,eHuBNXHhx6oE
27272,2818,N6YBzyS@mc7Q
27272,2819,yx8TFDYeYvCB
27272,2820,YgytrnXhXQQ2
27272,2821,eR3Hbj#K4A6Y
27272,2822,tgEhcLGtracu
27272,2823,9nF4YbpoEC#o
27273,2824,UVq8fUv67isi
27274,2825,uCjKGBRKbo9s
27274,2826,i9FGmEZaNQLV
27274,2827,C8HFkXyuKJf8
27274,2828,v7fyp3fWxdbj
27275,2829,c#7r48QugYGm
27275,2830,X7Ykuc79WL#Z
27275,2831,y2#9@mj3dcjr
27276,2832,cJtc8EkaZpo4
27276,2833,RzutMmgd2Qfk
27276,2834,q83wUtPTecrw
27276,2835,X36tUSinTdkk
27276,2836,rtKjk2Z7Cwta
27276,2837,jwrK7u9Ca6MX
27277,2838,mr5xDpSG7jyA
27277,2839,RfQVrDj24LkN
27277,2840,HREkvbjt7Uz3
27277,2841,QP6eq77TbFsW
27277,2842,VecdTf5E@25F
27277,2843,57mHYK6po6WQ
27277,2844,6PhCnh@hFXUS
27277,2845,gtJys8AAGfq5
27277,2846,d2aQZxD4ymjc
27277,2847,BCN4w3rqSdFP
27277,2848,WDRDxfB5AyBN
27277,2849,2fAHuwuFB6CU
27277,2850,UVavZ74gheEH
27277,2851,8wdq8SU54oT5
27277,2852,cTNRgAZhgyF5
27277,2853,YhhbDUzZkYuK
27277,2854,oBXrQB8ZoLyv
27277,2855,fgeNKjj8YLtT
27277,2856,kBeGhfvJMANU
27277,2857,w4jFBSK4z2qz
27278,2858,U842zY2jhETi
27279,2859,hHJZMNhciLD7
27280,2860,EQWKKu5necW7
27287,2861,vj2dHZjEppNt
27289,2862,QHCFZvK92q9m
27290,2863,ZZzCTb7Bj9nH
27290,2864,LpSn3kdqnHAX
27290,2865,QRTYMq6idgxL
27293,2866,jqV@6JWeGuA#
27293,2867,#zmfUGULh@Cf
27293,2868,s2QTs@y7M5LS
27293,2869,#pp53ZST8j8f
27293,2870,Q554xxKacem3
27294,2871,iA5ztYmPdqtM
27294,2872,WLsGDQYTf7wo
27294,2873,@em8Nccbm2HY
27294,2874,UibqYJGukHXe
27294,2875,7TGTrUR#kdrM
27294,2876,zr@GnqFQa8k@
27294,2877,6@voMxUQzS6A
27294,2878,d9kf8KKTo4pK
27294,2879,YdLNjVL5tJ@Z
27294,2880,E89JMUH#QT42
27294,2881,yxnuWG8ECnsm
27295,2882,V#a8m7YfzH2Q
27296,2883,bmXGbS6Ygay#
27296,2884,Lnz6enUhQPjS
27296,2885,mKdroPL6SXBM
27297,2886,Kdbu2wphv7MC
27297,2887,Q65BeoU@8k44
27297,2888,nVHQpLGQBGoJ
27297,2889,fwnaG5EG99Xe
27297,2890,rYBq7jkHESCW
27297,2891,e4NnwkPKv2jB
27297,2892,f#KKv@t7yMLi
27297,2893,wtYooHaAf2hv
27297,2894,97YvNaywAVnR
27297,2895,T94Kti8jw5ta
27297,2896,XbwFZgg@HhNa
27298,2897,weTgdYacMSFx
27299,2898,uvh4LYJK3abB
27299,2899,gUZPdzz#a6Uw
27299,2900,PGZ6i3RWuNt4
27300,2901,dckZ5vQ3rRSn
27309,2902,bDzs3eCCLiT3
27310,2903,7qCHxYLM8w@D
27320,2904,rRmEAodTKrkw
27320,2905,rtnWaym7GnyZ
27329,2906,KnvZKZawGfPy
27330,2907,TiEbZ#GKwTf3
27330,2908,EJWrF472P9V4
27337,2909,y4VdUp5wdjsF
27338,2910,V8NXWQ3vE@bU
27340,2911,CLo6QGuLDgrF
27340,2912,tKUiCvfdX8Ry
27349,2913,sKY#diFRFuGS
27350,2914,7hGUPp5w77M#
27350,2915,vN4JB@a4KwSj
27350,2916,2NQM4LCQi3K7
27357,2917,Umk6#mo9HtaS
27360,2918,xR4LWuERHj3x
27360,2919,sYqM8ZjU5LfZ
27360,2920,AsU2X4qY9vFj
27360,2921,JvrqyAvuBHM#
27360,2922,8vTeT3G8RedQ
27364,2923,ZH55fWwadMQn
27368,2924,3GoZ9w2oxdaA
27370,2925,dS@87gHk2b6f
27370,2926,k7WKQbpt@Jtb
27370,2927,p8zVKxNvUUx#
27376,2928,8jbhThbjKm3R
27376,2929,K9ZABH2VWvrV
27376,2930,xF9BMrn#Y5@K
27377,2931,cEpc4QZEiv7B
27380,2932,88UV7EHgLpYa
27380,2933,75#Wdw6wc@Pn
27380,2934,TaiYA7gLTjT4
27390,2935,b2bLcF6AiK4h
27390,2936,5#A8NnrD3PUJ
27390,2937,6U3wMg#bdQuP
27390,2938,hApQT8Bp8JCU
27390,2939,X@Abx87c3uKo
27397,2940,5SMSNVrgeBT7
27397,2941,FAd2qyZdnDyP
27397,2942,RxR8s9K7AEGE
27399,2943,3tEPTdZqS4F#
27399,2944,6K58JLYCsqiU
27400,2945,bY@gM5MtasSZ
27400,2946,RNdfsSVjohtF
27400,2947,#5jYgKZ4zisp
27400,2948,L4vp#MeW4LR4
27400,2949,aNKj@p3ZD4Hr
27400,2950,3iGvNUaVrugN
27400,2951,9kPwpRRTbwds
27400,2952,rguVLGwBWeBx
27403,2953,57S5Luem@MXa
27403,2954,PCWq7U7d2s9K
27403,2955,vTGRdJssP5QF
27403,2956,xcC#Hp@M5pmJ
27404,2957,JUbBXfXf45VH
27404,2958,Sf#kUFJou3#G
27404,2959,Tf@eJSNjt4VW
27405,2960,gbkwwtETjWyS
27405,2961,bZwxmF8Gko#B
27405,2962,Utt85jRa5KeH
27405,2963,ZW4stATqTSch
27405,2964,s8Sy3rof3urb
27405,2965,WvByQKnRUv9R
27405,2966,Mf8hfE2Ums5h
27406,2967,@zLjZP9e7Y2v
27406,2968,f2qiLHKwh5AZ
27406,2969,DUFEN4UWcKxR
27407,2970,Gz2ujdk5NfgP
27407,2971,ERc@5yKGKmpk
27407,2972,WicdQ6d2U7kP
27407,2973,z@seNgAjoPUr
27407,2974,8PrqxgzXgfjp
27407,2975,3HGQa67poNta
27407,2976,MfxmDCkuiguy
27410,2977,WdnTRdA6SVqN
27410,2978,okBQeqTN8X2A
27412,2979,RvFeJeGRKein
27413,2980,oag6XBMsvi3d
27413,2981,Gg4R87Dd8Nf4
27413,2982,FCoBNxx6D5qi
27413,2983,8b5zuaZ4ziAj
27413,2984,524resYaMXsC
27414,2985,iSU3sYR4YHxj
27414,2986,VmANuwh#JCnk
27414,2987,kScSYW4jcNq3
27414,2988,qJh9X8Ayh7ad
27415,2989,pRMDwZD8orWY
27415,2990,3cG7YAHmqA7z
27415,2991,e3ppYqzv#3Ku
27415,2992,TtkZTh2dAUho
27415,2993,dx3PJCat7dWJ
27415,2994,3h5ubxSr92fy
27415,2995,YLJhXfp79wGh
27416,2996,9aJS7odDPJiT
27416,2997,#pPt3wcVjLww
27416,2998,666mZPXCUTz8
27416,2999,ykibJzFyUf6C
27416,3000,3T4X4Gzck#qB
27416,3001,Nu@WYnGbzdu3
27416,3002,WcaWnWn74WC8
27420,3003,psWXsiqD5m7u
27420,3004,Ws7XLnGy9Hi4
27420,3005,bPCyHdNLq4ww
27420,3006,fFN2UCDzxMSf
27420,3007,eQP4Pbciqwrk
27422,3008,JG7@TrBqUD5V
27423,3009,VjiCX6GwRwH3
27423,3010,bmUFqz@@ndry
27424,3011,jv92iRVgGyPJ
27424,3012,bq8TNis#G899
27424,3013,FEfvPLXu7vjP
27424,3014,hsxve@GC3g#u
27425,3015,2GAZ23zrXTh5
27425,3016,H8W3ct5iq8s6
27425,3017,Gt6F#LJtkfBG
27425,3018,bMCW7CbABqRY
27425,3019,YSErFc3Qf7yh
27426,3020,TWS4V2NgWiUQ
27426,3021,tu7jJyvmH72U
27426,3022,dWMj@d8gteGc
27426,3023,wvpDX#BrphKL
27426,3024,fdncj@SgojfT
27426,3025,YHW8Gvoj@NhC
27426,3026,6zNwhutA#t#t
27426,3027,#ADo63A4Nqcn
27427,3028,8Gw#szaTQ4k5
27427,3029,oHbMCkjY38uZ
27427,3030,Uf2A9Gfm6ojx
27430,3031,qTcPA646rYLD
27430,3032,4932AeVz8#Zu
27430,3033,6zogn9DyuAxZ
27430,3034,2JAar64UsTyC
27430,3035,NiXiMXauEJck
27430,3036,2tua#bK67aVJ
27433,3037,DtwbabzRbqKm
27433,3038,QHkKEPqXc4Xp
27433,3039,LgvjuhdTMgoi
27433,3040,Ucq3FseCyuL#
27433,3041,L3LHBmpwtFht
27433,3042,g@64WvLDLVpC
27433,3043,ZH2ZKxKWqKm#
27433,3044,yZ6FTERP7soP
27433,3045,GqLkLjNSuuos
27434,3046,zjt#QQCbC8ti
27434,3047,#J3SY4S5x6Ut
27434,3048,A9#eHRdbsNUM
27434,3049,c9gDE8fSfwPu
27434,3050,tqA8wFwuzEM8
27434,3051,ZpM34w3yNgZ#
27434,3052,eX9YBJynCjTy
27435,3053,Nat4qJNa8hYw
27435,3054,WEVvVp2PhaTs
27435,3055,8X@rm54PRFEA
27435,3056,uGem4TA9ka@g
27435,3057,cg6BvQAteN37
27436,3058,yWmuK5F@g@Pe
27438,3059,8@NKwZP8TJni
27438,3060,YWUUUTzaWQsi
27438,3061,B3DZeQTKN2kR
27438,3062,iZMqP#eRYi#g
27438,3063,udfUScF7PosQ
27438,3064,oyxo2YRzGRR#
27438,3065,LRjRCh#a@8Ez
27438,3066,Trv72oe5AmXT
27438,3067,pjmWxAbSampN
27438,3068,eyBa#a7Zkr9e
27438,3069,HuPpbGSpid7i
27438,3070,edynwuTo@Nqw
27438,3071,r@9vMxm39jum
27438,3072,32@EnDKUuw48
27438,3073,@@9T3t9#q52u
27438,3074,UFgBT5RSA5gM
27438,3075,QcqaYXo6heaP
27438,3076,vM4k94dHZr@6
27438,3077,7#UKCe9#7Po6
27438,3078,o4D5w6TN7EFL
27438,3079,yk8e3ty#6MHQ
27438,3080,StFLThBgQo65
27438,3081,W68nPr3nMD77
27440,3082,UzGdATTyCZQ8
27440,3083,TvhtWvwezPDc
27442,3084,Znph#5hHR3CW
27442,3085,ZHmnmN5Kfo5L
27442,3086,sb9sw@oresGg
27442,3087,dKqM8adJgxm5
27442,3088,hhiPTkzFbTtA
27442,3089,GmWsyx7ZnEzh
27442,3090,Uk@HFEGpfC84
27442,3091,butqrZnGc86Z
27442,3092,mdsqnZRdae5W
27442,3093,GaN5wpj@v9bx
27442,3094,Quko9cuouA2H
27442,3095,BhepAatFWtLc
27442,3096,vx2WKGQjytHu
27443,3097,esUf@#CxFCDs
27443,3098,9Fu3Mi7B78MC
27443,3099,Bj5Eh9Pi35Cm
27443,3100,pFsiLHsE6cgw
27443,3101,hyG2wxHJTfYA
27443,3102,6JSn@KexmF8s
27443,3103,@yA7#wPKc2EH
27443,3104,iz8i#KwLSxyd
27443,3105,fPEWCWpHgSDn
27444,3106,jTkHG2aocoF2
27444,3107,nwz#@xFi7c3V
27444,3108,rhp6RhxDS6gM
27444,3109,c@p7Ad85XBhk
27444,3110,AwL6NxqH3XWj
27444,3111,69Uvjmd82A5e
27444,3112,ZVqTFiBqo5dm
27444,3113,wfSvXASvNSaY
27444,3114,g5CmNBgnJMtw
27445,3115,2TmFhZNyR9Ep
27445,3116,SpDzfqxXqmFH
27445,3117,xBua3WPpFsxE
27445,3118,WVwjtiggjbtk
27446,3119,F2fNRNaENCsy
27446,3120,pQKdydvs9WGT
27446,3121,QM2jitEtJWTd
27446,3122,PFuXwpmv#5FV
27446,3123,4JktNwRxtus2
27446,3124,6Dd5TqYjCv8i
27446,3125,2ktjqVQLHLSw
27447,3126,q2Zjx42RU3Lz
27447,3127,QXaKzzMVmiUM
27447,3128,tynMCjkYisab
27447,3129,NHj8zKvvu6#T
27447,3130,jy2d9bRitA5L
27448,3131,kWHGbDpXuX2P
27448,3132,YmZkeoF44A3A
27448,3133,q3F5g9Susj7C
27448,3134,VB3GaqRUwWVt
27448,3135,JvKdtRRoqR2h
27448,3136,sb5xdh7AAjGn
27448,3137,Yp4VQFWdf3#X
27449,3138,XzjyFB9qLRAB
27449,3139,LVXRs4VVBpmZ
27449,3140,HDdY92DAvKbm
27449,3141,rasgUFzkeDK@
27449,3142,xJGLazHz@55F
27449,3143,cppa#B42v2#i
27449,3144,B2fo5EtXdaq4
27450,3145,n48JLouyScfA
27452,3146,ntXHLgdUpSPd
27452,3147,4es95PQHgRgE
27452,3148,Np5TiN3Q76o5
27453,3149,U4dNg2F6ULtx
27453,3150,LYn2bqkcrGaM
27453,3151,a4EUNvZa794p
27453,3152,@mtPxL@en2sT
27453,3153,REi3sajnWk#g
27453,3154,fi5qpo5jYRx4
27454,3155,9EKTJLAYWb@r
27454,3156,LbNFaqiv6yuD
27454,3157,ZrMxCBjgS6pj
27454,3158,9q8qU3uFiZQx
27454,3159,72dYUW#C45jP
27454,3160,Wsma@V83QovE
27454,3161,edSyiZND#zHL
27454,3162,NhboE7m9KNEe
27454,3163,JBxRKgb93F3c
27454,3164,w@FaHJKQz@j2
27454,3165,7rggWbDJvsjF
27454,3166,5dgXCwrM2oAt
27454,3167,6bELeZhRM3U7
27455,3168,4aJZhdcigUqa
27456,3169,zuFoHRbjgjQE
27456,3170,veayqeJqLFja
27456,3171,ukp9eG@oLbgt
27456,3172,x3mtBaSwZ4HZ
27456,3173,CJYjed2AezvZ
27456,3174,Wx#JRF3JkNiZ
27456,3175,@UCnaQbpMG95
27456,3176,GnRRCr#u72LG
27456,3177,gHkttxffNWe8
27456,3178,atNQnXjNRdz7
27456,3179,TBLPkphbiUvb
27456,3180,wq2yvbCwSaWB
27456,3181,iifiVhVZ#Vjq
27456,3182,ApEumWmhLxc2
27457,3183,odvfv#WZr49e
27457,3184,ky3asbqJhPHh
27457,3185,bEJxhubKsRui
27457,3186,vFfYS@PVgBPg
27457,3187,PHJVfZBuKXk5
27457,3188,t7KiRoeK994c
27457,3189,K6PBLgU9h5sb
27457,3190,ApL8ChQoVPgk
27457,3191,WcsDDfrSmzS9
27457,3192,UH5hQubsEZei
27457,3193,8f#84KnPZRNQ
27457,3194,p34ThEoPZJdf
27457,3195,eRh9tZhnLRn@
27457,3196,NovMr7m5wnKL
27457,3197,6Fyeg7HwSJKB
27458,3198,mbAHZFLm8wTR
27458,3199,n6dJsQiP#G6H
27458,3200,SqoANAxLgnEK
27458,3201,jbsG8DHM65Eo
27458,3202,eG29DwUJ#HZ4
27458,3203,ZR#C@7WQ5MeK
27458,3204,H#rfGFdQgawu
27459,3205,LB2EzMTmKu2s
27460,3206,LyzR5gX2Wu@p
27460,3207,42h3iAgcBk6y
27460,3208,TC4dQ6UP42KV
27460,3209,m62aNyAGhTet
27460,3210,skmPQJdxG5xV
27460,3211,MsfCcqMA9naL
27460,3212,6nLyVczpvk3x
27460,3213,gWDuroBBJLvs
27460,3214,DBMyUqyXWcag
27460,3215,HMLYw2kBzhwB
27460,3216,Qn4rQxN9JRYM
27461,3217,hphj9aW88UAP
27463,3218,hZx6LaaBEeC5
27463,3219,7LhGVybMZne4
27463,3220,pWq@5MRz#Xj3
27463,3221,6mB6KfmanZYJ
27463,3222,oPb2B3KMYFVW
27464,3223,pUL3DjNPN@NM
27464,3224,78pq2ea3ftcL
27464,3225,HfEFCMXGiuGM
27465,3226,aULojVQYs9Gy
27465,3227,MD4GTfbx8Mm4
27465,3228,nARyyCd4jNSg
27465,3229,5Zk3CdbvwLwF
27465,3230,vDQYYJ7vrJE2
27465,3231,w5ZxKrRYf4Kj
27465,3232,FKERhe73Y9SY
27465,3233,TDw#cLTLDxHf
27465,3234,p38nZ4VaGvqU
27465,3235,PUb4m@yz7A9N
27466,3236,Ts@8nJBGLKam
27466,3237,Yp5WhLjh5eE@
27466,3238,s#oq4N3mhJmQ
27466,3239,GrbnJz#SX85D
27466,3240,6zGcaUWT#Rm3
27466,3241,5t@#CFxAZgUh
27466,3242,zyWuC#L#SaUj
27466,3243,MGvf3YRJEhUg
27466,3244,27rMHuYx9VKi
27466,3245,fSCznY#XRow8
27466,3246,QL8HbEZwZHHQ
27466,3247,vMWDTXpnuNsS
27467,3248,hU@cxpUwScR2
27467,3249,QmsWMSdPkfbv
27467,3250,679tPr8QAp#J
27467,3251,FB9Pm65tg2Kj
27467,3252,ptNrFpaV3tdU
27467,3253,qtNyoQJNgzso
27467,3254,zM#hdaYAnZKj
27467,3255,yB6PyxJtTeoP
27467,3256,LUTGeRGu9PNE
27467,3257,@FbjXBoTQAko
27467,3258,g@rf6VRHpxjP
27467,3259,RyW7tnhcnSWL
27468,3260,Df@N#meKVjHi
27470,3261,2otT9HES3yAy
27470,3262,KCrk@whMhsKu
27470,3263,agxc#uDDTwvJ
27470,3264,Q@YhzeoEnEFo
27470,3265,f32PeNMd#kGU
27473,3266,8KgupMRGiGG7
27473,3267,t5DwTdZSs2sr
27473,3268,3RxrzDKcpppf
27473,3269,AndQQzPgenPP
27474,3270,CNRJ23Queyvv
27474,3271,UeZVF@P4ZmYs
27474,3272,xNFVZLk3@fZQ
27474,3273,VF5j3Y2BZAjq
27475,3274,7wixRMiLDfGM
27475,3275,5zSEtdP3Dyjw
27475,3276,8NPJPjz4KqT6
27475,3277,LgPgUt@9zT5E
27475,3278,SaTRQYfuw@ys
27475,3279,7h4VYuZogNnt
27475,3280,Syq5PP9vb4xJ
27476,3281,gabVU9rbFZB7
27476,3282,RXhQR6w7bE2M
27476,3283,C7p@gGzsWgGK
27476,3284,G92YpwupbUYA
27476,3285,R4bJ4awLKcZx
27476,3286,CqWTBfQzcc9s
27476,3287,4ECP#uRMcdEb
27476,3288,FXXYxzq7sicC
27477,3289,6@4gX3EGxeFx
27477,3290,u7abXFTpyPUG
27477,3291,hwNwQVmg7nUY
27477,3292,yasbVJkMNJRt
27477,3293,GChjrpoC7kWY
27477,3294,2fjcTvLRGnB8
27477,3295,i@tVphNASoP4
27477,3296,2VqKAyjJ2ZXb
27477,3297,7BdLXsSderBS
27477,3298,SotgbnyqELvm
27478,3299,mj3NsHwjCnXu
27478,3300,T6BCJZvrb4Le
27478,3301,h6#t@BPjST8S
27478,3302,GyKejTc#aszz
27480,3303,XpPWP3dpruAY
27480,3304,2RRPBq2@UciU
27480,3305,stHqbaANT5be
27480,3306,e8uMgVLj7Pai
27480,3307,2sadMSNkE6He
27484,3308,i5HmFsN#KM#@
27485,3309,iiDfoywVLVuj
27485,3310,LFAMdLxHGcGA
27485,3311,tbtEFs8jTzdp
27485,3312,@NLKq2gQaPfG
27485,3313,yVfi#nL@SNiA
27486,3314,EFyxA54bp#M2
27486,3315,eKpnX6sfiKKF
27487,3316,#F9YaHeuxjEe
27487,3317,Bxc3m@NSqT9D
27487,3318,msyo92H6SFWY
27487,3319,KBNvKogs@ZXR
27488,3320,mMbWGc@N#WcC
27488,3321,L4EQy9YANTW5
27488,3322,CeAZLiR2S749
27488,3323,e975cmnqHd9Y
27488,3324,s8qPL56Tg#@Z
27488,3325,9NsJfbvvdN4W
27489,3326,yEo59a3JFfh7
27489,3327,oKn6DFqwZP3d
27489,3328,9XuEkAae2Mcx
27489,3329,sa3iUf5rXK7c
27489,3330,r82RpK#Cq3Z9
27489,3331,BR#DPufJ5RFK
27489,3332,zDWqhq2vmXkQ
27489,3333,N4yMUi#92bEg
27489,3334,z74TshHsHvTw
27490,3335,6@#LwHMDVA7x
27490,3336,qF5NrunpcWKi
27494,3337,pW44#FZzU@4F
27494,3338,YFqMP4GvoUv3
27497,3339,bR9EVFHHwUyy
27498,3340,bxMFaNgJ7LS6
27498,3341,kWZ4Wh45okhm
27499,3342,Vn6f2rRguZyd
27499,3343,8J2aehp5DsNg
27500,3344,K8Q#SgnaCY9g
27500,3345,h9qG3WiuDiEM
27500,3346,LDigPwm2UBMh
27502,3347,eo6HvC@b@dcF
27505,3348,ymNyM8Z3ZbFD
27507,3349,roiye@p2twUq
27508,3350,QRX5abSo3rfD
27508,3351,rd7AxiLvxDEN
27510,3352,ytWShMLTrc#T
27511,3353,z@dtbamgvFmp
27512,3354,TCbuBgqjAWw@
27514,3355,zG6kqA99ZFp6
27515,3356,xZHbpXM@RoNW
27516,3357,bkuTJqeoih8S
27517,3358,2j5KXPvTto@V
27517,3359,MmnjFBfbydsj
27518,3360,eA2Xfz75z4ek
27520,3361,usTnpz2LB8G6
27521,3362,VnSGThJEvLTS
27525,3363,Bmwf3#m77n8h
27526,3364,M9vRUXr4XqDe
27527,3365,sSFmd9cV#Xzk
27527,3366,SunXYwGR3xDp
27527,3367,M8dJECFc@oWh
27529,3368,qmNe6MyTXtjg
27530,3369,29BZjkx8NZv5
27531,3370,HYNDC4SSs#Zo
27533,3371,kMbvkxPboJCo
27534,3372,tuVhifJp2oMF
27535,3373,wxbm8XxNpVVa
27535,3374,2kfXy3ftVnN#
27537,3375,QGPJTYE2b@ct
27538,3376,FeC@QQrdqVjz
27543,3377,h@@pddLqpDB3
27544,3378,R53Lwhmg4ePy
27545,3379,DLGdH6SvkEcr
27545,3380,GSxFDLHegnRp
27546,3381,m8AJboBp6KEk
27547,3382,hMGqRgsAiBSe
27549,3383,eKhm53oFW6dV
27550,3384,L5CdFcfCBwMr
27555,3385,MDf9oyrt5npc
27555,3386,54JkJwJciNPh
27560,3387,uj#Ch7NB@KVM
27562,3388,GNacRNMd867L
27565,3389,FzPb2sU5b6bS
27565,3390,ffMozLcDaMd2
27570,3391,GoJ3#jzNpPV#
27579,3392,#2tzz8c3LuRg
27580,3393,fWx6Q8KpMD#n
27587,3394,ovdzRCjCTzBa
27588,3395,vYJQ9juArLm@
27600,3396,STmcq@#DPXFT
27600,3397,Lxu5RhHPwNEX
27601,3398,NCSUw4Cknxbw
27602,3399,38BgKP#zJMPk
27603,3400,SKNrs8rR2GGj
27604,3401,@toz7vTFNyAi
27605,3402,gFcwD#a9FRRw
27606,3403,utE@VzmPz9F2
27607,3404,gDVGXo8LAtDs
27608,3405,ZXvtYwVnD8H#
27610,3406,5C9pSK6MgEfx
27612,3407,og5aqEKJ2ymr
27612,3408,cD2pFs2#aa2u
27614,3409,26dnQzU5UJY2
27616,3410,eMucuqLLCTMK
27622,3412,veNfSMtvk#VC
27623,3413,AC9E4ZcMAB9F
27625,3414,WbRKdFz5ZHtZ
27626,3415,XpkT6EqSxUq3
27630,3416,5jAcPPWPS@on
27640,3418,P5vBYgbjwqC6
27642,3419,##KAcy8c5As#
27642,3420,WpKoMA6saxoC
27642,3421,48ytGBasRi@b
27642,3422,EVbgP9oN8Pb2
27642,3423,25xzLbxYjRxS
27642,3424,e3E6cZpg9AAx
27642,3425,hsRyPJKjsHar
27642,3426,mkiGhWMEozfD
27642,3427,nn5g58AZ2Fin
27642,3428,xmkMTnzoKd2b
27642,3429,tkoPDUW@umRp
27643,3430,zMPNeZ57WzFM
27643,3431,ZboqdLhasViZ
27643,3432,ZpXKgHb55Nbk
27643,3433,L6@wmiGLgtit
27644,3434,MZZBWeGSJdBh
27644,3435,PD4qmtrSJQ8H
27645,3436,SovG@YtnBC23
27646,3437,bSCReGBwLCwz
27647,3438,Jk6tZ2jnK9yb
27650,3439,mGG6#iRyGsQd
27652,3440,xZKZPdTJMLrW
27655,3441,d5vbUEpXKXFD
27656,3442,Ab5SPh5xHoc8
27656,3443,U3TsqPuPP4vh
27657,3444,FzL4fCgH8soY
27658,3445,pkg3s7NuUc8D
27660,3446,HLeKaiwauheB
27670,3447,EGfqKmZqv#mX
27680,3448,ZnnLnkjgh#iF
27682,3449,VTWBr6u3F4PK
27689,3450,MbXfddPn6UKd
27690,3451,RnF5M9UBV6M7
27695,3452,N4@fGtkE4b@D
27700,3453,FrVQP@YsAbui
27720,3454,rzbUNZtChM4Q
27739,3455,Au#Z8ryVS4@p
27750,3456,QfzFqPXmD4TH
27758,3457,bTuhn7ioz2TW
27800,3459,SFA7vrQpXDjB
27804,3460,tQgJQ84XD3Vq
27804,3461,TrGL@gTL@Fr4
27805,3462,JnWgs6dBFToa
27810,3463,UVXKMnqQLDwn
27810,3464,AAdgNk8Rbe34
27810,3465,amiNQzNjus4s
27810,3466,WijogcFNR5Bw
27810,3467,sCbCWUZk@htQ
27810,3468,vXy@CVaSHYVe
27810,3469,os#nN67mHQ6Z
27810,3470,NURYek9cAk@a
27810,3471,cyk7C67aX4YV
27811,3472,ZhabhRjvngio
27811,3473,FwT6Rg9DG5Ex
27811,3474,hoEupEgvL9Ng
27812,3475,hn9YC33QZB8b
27812,3476,hzPvFeK5GpmJ
27813,3477,aHqhrqBiuotB
27813,3478,2j7BsD2BotL2
27813,3479,BDWDVG788n@B
27820,3480,PBBK3eSicixq
27820,3481,QVCmYTD9nLx#
27822,3482,#yJsA73i@2bQ
27823,3483,rWUUQLy5pMzR
27830,3484,@vUAfAmAHAq8
27830,3485,2xANaD@rmYwC
27838,3486,C8diaKPUqf86
27838,3487,MTZphUoNbiGn
27839,3488,zaFn9xjkDA25
27840,3489,@zQMusJERZ@P
27840,3490,Cs4Z3CoqPnyg
27845,3491,ZHvApDCY2Bqa
27845,3492,6UEogC9T@yFG
27845,3493,X#S8ntZZaHSP
27845,3494,FqiorDFSvfgk
27845,3495,mtJWNg9qxKv@
27845,3496,fxTPqjf8b2GK
27846,3497,XJMSaGYZz757
27847,3498,giXpMCFwiESs
27847,3499,fGcA4jEnCqiJ
27848,3500,w8CDnhaGp67Q
27848,3501,Py5kKzyAHjhP
27850,3502,fti7yyBPvD#8
27850,3503,kiqd@Y4FJDj6
27850,3504,PkcHoWG@mzC9
27850,3505,FF5w8hDui9Bp
27850,3506,cG336C2drpk#
27850,3507,oHiXfdZbv7ig
27850,3508,RPN9#h@FT#8e
27859,3509,wek34QDrTQpX
27860,3510,AbZGoNTwxSgF
27860,3511,5F4gHUBnoYg9
27863,3512,UYd3a4XtWZVi
27870,3513,PykqXfey25tS
27870,3514,WeFivTSYks5V
27870,3515,2Vs5zryqPTpw
27880,3516,rVNpLdMLWF9V
27880,3517,esVTridCPTQB
27880,3518,hq2FTSX8bNHq
27890,3519,mJcd9z7m8srh
27890,3520,sv4fSwizuoAy
27900,3521,FWKFQebU3QsF
27902,3522,#ju57m6KK4cL
27902,3523,NEex95ox5wBb
27902,3524,SeCaC4#bE7WN
27902,3525,aT6xR2SmQEqJ
27904,3526,52z36#2nntby
27904,3527,wUr#i@TYpMce
27904,3528,X5bHhss9rY3W
27904,3529,SmMAoXsszJQd
27904,3530,FJxUdFQ#rLn8
27904,3531,kkba5mEeYnZ7
27905,3532,eYjzhYkhXWq@
27905,3533,#3f3nJ5J5HnK
27905,3534,fehamfwc2WMH
27905,3535,RSVeDqSh@3uJ
27905,3536,Mg6Ccit@rq6f
27905,3537,Agir#sLqtYGA
27905,3538,z@LpNw2zWmpU
27906,3539,ewsvCXuwJU#J
27906,3540,UGxtMypw8CFn
27906,3541,jNzF9XMj7fyT
27906,3542,uwui9hbgTg3o
27906,3543,6bY58RUnD3sa
27906,3544,zt39WBGz4Nzk
27906,3545,uYoai2As@Cr#
27906,3546,EUkUFEm7Fjb4
27906,3547,ski4mDkhgws#
27906,3548,3oF9BCD6b@ww
27906,3549,sLDWDdvkMPvo
27906,3550,M29YSZhD#Gj6
27906,3551,8pSFr3Ygncxw
27906,3552,B7gMreXvyyTE
27907,3553,VFBevo#zL2Lr
27908,3554,kJ2kRDWayqVJ
27908,3555,#YyW8xGU2vTc
27908,3556,DF@oZMZ8pnev
27911,3557,fEMm3@wTQeFi
27913,3558,t3X9XcxECggj
27913,3559,#Bc7W5tL6cSu
27913,3560,ECTzGQatXC6@
27913,3561,TAh2LAV4tfUo
27913,3562,5sy4CADneum9
27913,3563,FCQqzUcXCLRy
27913,3564,bJvhDNsqvMEK
27913,3565,Aha5U#XacdKX
27913,3566,GDainwC4wHs#
27913,3567,ukEhLa5Q@hnD
27913,3568,CrrXrsJw5B5t
27914,3569,CJLkjRDVJDXW
27914,3570,#S6ZwFjfDR45
27914,3571,Ejefz4qXPjog
27914,3572,cAJf3YTYxWo6
27914,3573,Taawy4tJjguC
27914,3574,SA@KCt@39iKu
27914,3575,vu3JoMPEeegA
27914,3576,APMLuzf3#5dA
27914,3577,yVi2cBSq3Qt9
27914,3578,H3tEhu6ojbST
27914,3579,FD8U3giwJDUv
27914,3580,oMHUpnBKsLf6
27914,3581,Y7xM544B9d9P
27914,3582,ZvWX5AQBCu2c
27914,3583,dtbigZh5TQfj
27914,3584,LVz@ZxnpqttL
27914,3585,UE3CApHiSJ3z
27914,3586,hc2wFs7oJAfN
27914,3587,TYi@jMg3nZJT
27914,3588,B@e@GfrNWEbe
27914,3589,AwRLpJ2SM4PF
27914,3590,L9VKcjcNAbUm
27914,3591,nvPV#DWg#m3y
27914,3592,ALAtuN8SFMcw
27915,3593,h3iQ#Ag9MZda
27916,3594,Q7euW#5B3677
27916,3595,jp482iQtfvez
27916,3596,7Jug77BjhckJ
27916,3597,uB6jEGQFcVYC
27916,3598,ScheRXj@YWns
27916,3599,qm6opQWVHV52
27916,3600,ybFFSHMs@9a5
27916,3601,Aa9jEXZ8zmx2
27916,3602,2W5nJqq8oiea
27916,3603,qJGT4AwpRphe
27916,3604,ehkzr2BAvbbz
27916,3605,YvsACn#gEYqo
27916,3606,P8EXn3BApFhy
27916,3607,FrcAHKKiayya
27916,3608,77pTa6hBSUz8
27916,3609,oEZ3YKakXAMh
27916,3610,iCN8xPta82m#
27916,3611,ebmdGohY@vTW
27917,3612,YzBkhTYaJBR7
27917,3613,BF8vftfBmGxu
27917,3614,FFxZpxvj7eJj
27917,3615,PWkV2WeDZpj9
27917,3616,2Cxiip2G3M@s
27917,3617,fbb4QB2sRQVv
27917,3618,y5FAxmMYWMDb
27917,3619,DfaEhxy9nAkS
27917,3620,b3nyX#W#SsrR
27917,3621,@pCvKo@AjZw8
27917,3622,5u@VqXQNNP#e
27917,3623,i#LbpEdBgSEX
27917,3624,u2Lu#efCLrY#
27917,3625,fQBERgF57scr
27917,3626,pbLPZJCTqDoi
27917,3627,zmLcyL6uVYa3
27917,3628,ctZdoRheYS2L
27917,3629,S2ityKG5tum9
27917,3630,LZ@cZwa##w4S
27918,3631,a#w@Qir6aYnr
27918,3632,@4thVATuq5aZ
27918,3633,X7AyM6ysnzMX
27918,3634,pJTMv9tLHtw9
27918,3635,aLRS#BQT5rU9
27918,3636,ic7vi#2fudBf
27918,3637,yEQVtPGU8py2
27918,3638,TrtCmt8ogMS4
27918,3639,cg3Q88KtqdH4
27918,3640,UBac44Eowx7Z
27918,3641,o9yCL3bno5h8
27918,3642,w3mhrXydS56z
27918,3643,bkH4P@@PydLv
27918,3644,U@6DgXjYfrtq
27918,3645,BGLhNFu2V7Dt
27918,3646,7mN@LQTLoFKE
27918,3647,GoxnaRKfEc@r
27918,3648,gwjt7@B#ETP9
27918,3649,iJaircn836vK
27918,3650,8NeH#VjBKRys
27918,3651,FLX9gGLCU9ES
27918,3652,GApJUcjdU7nB
27918,3653,5BA2ZFkm5Z@6
27918,3654,F@7BiJ6ds4hN
27918,3655,MTtAe9UvMW9L
27918,3656,EWxPcQHiQtay
27918,3657,doQc3UVusNJg
27918,3658,3RQDWZMhudmd
27918,3659,va7yvNN@vP@6
27918,3660,adCXPcsu2WQm
27920,3661,E2nW2zMj76SY
27920,3662,VGdEy8p59Haa
27920,3663,KrJ6eRTPo3ZR
27920,3664,YfwNYBoeQhbr
27920,3665,2BnRd7x2W#a9
27920,3666,Y7@Hb4DmHTpb
27920,3667,knoePUJSgX2#
27920,3668,P7#p2ozQn6PY
27920,3669,iV3kzge3JJ8#
27920,3670,ac#6LSGUFYus
27920,3671,qhRX#BRdFr7Z
27920,3672,AMDJSNe@ZxYj
27920,3673,EANQiSKjhDLT
27920,3674,E7GSVPaj5wdo
27920,3675,wTD6Ec2SLb3v
27920,3676,hRaeKEXvVDGJ
27920,3677,xEoarkFK6vJD
27923,3678,VyB8DUUCDA3m
27923,3679,bqQEFTnDkt2z
27923,3680,uk#hzU@V4aqU
27923,3681,rfbFSQRyyFNz
27923,3682,yiU#EveKcEh@
27923,3683,dWTVH6hnwJFz
27923,3684,2z9JhLW#LszU
27923,3685,iP2KbEwBXNzQ
27923,3686,pWyMrs3GkvTP
27923,3687,LC#hNfd6cdf2
27923,3688,2zHC5PW2o5AQ
27923,3689,nigZT7cJYrRQ
27923,3690,XXouo#jSeFXi
27923,3691,7p7YPfvzvAr2
27923,3692,mWMFjMebLbv4
27923,3693,jNitj4#rCYRu
27923,3694,@3aRgfj7Rb@Q
27923,3695,pv7mmdJP@#Gk
27923,3696,5ngcQPL8gR3F
27923,3697,GSy2Mboy##vE
27924,3698,GrXQVFFCW@m4
27924,3699,tcWNB5Y55uVa
27924,3700,bjWKDCKughB8
27924,3701,hYCkXrN47Qwz
27924,3702,#@s7tpDRJzZJ
27924,3703,wfx6Ukafw@YU
27924,3704,x2n5bTppaKb4
27924,3705,u2EDpw9Zi5Kb
27924,3706,jFDkT5sdpFhB
27924,3707,ggZ2YEfJK29y
27924,3708,uxdiQ6VYjHV6
27924,3709,CkWG#AgN5g#A
27924,3710,2hx6pUbqXLDD
27925,3711,2NUjazSnuffm
27925,3712,if#Fa3436xBg
27925,3713,SkQeF8ssgdq7
27925,3714,X9@7HxGXcnxp
27925,3715,EjyjVX6G#k2@
27925,3716,miLASueNfF4P
27925,3717,GQ7GUJ9txooD
27925,3718,qVSnrejodp5j
27925,3719,f4kGH4TyUdRf
27926,3720,WXYdiqTyEsAL
27926,3721,VkAYgRrqB#MA
27926,3722,MLu9L88RFT#T
27926,3723,k#fTMV@RfaYA
27926,3724,Z7D5AbXWYpGA
27926,3725,y76WX@@nJnK@
27926,3726,ZV42gtgV@Ldc
27926,3727,dXKLosHFST6R
27926,3728,q9rmz3EtMG99
27926,3729,tVbePXpxt9cX
27926,3730,QwCApZB56h7@
27927,3731,chCqxb9Dc5xG
27927,3732,CTEKVrtEjK9D
27927,3733,ouN@giNaa55d
27927,3734,48iyiBX2GwzH
27927,3735,EkBZDehYV8#r
27927,3736,oM4VGVKTMrEn
27927,3737,H2f9wj7MeeJD
27927,3738,wVok6fB8CXUk
27927,3739,AtKgUd4xXqSA
27927,3740,UFg3JLQexNSa
27927,3741,dHHhBxyyvF6g
27927,3742,q#d5dc2P3DgZ
27927,3743,efiePfmkfEh#
27927,3744,7BZKuPQ5YbCH
27927,3745,@TXLSMgWaAAT
27927,3746,6aMTrzzqJmcB
27930,3747,9AJcLVFYsaRw
27930,3748,xmfjXij@gdCF
27930,3749,kLwiXKT8c8Wp
27930,3750,VyDyPfRAx3En
27930,3751,NCAWS7VQP6W9
27933,3752,@6jbGQUvtkeu
27933,3753,hRaJuDp76RkA
27933,3754,WJnEAzVh5J#K
27933,3755,##bvcjkBGje2
27934,3756,zpyuETG@yeRM
27934,3757,5H4L4p7DNgWJ
27935,3758,2JfjbEJRcEzr
27935,3759,gPJTWjrYj9uR
27935,3760,Nkzp8mv54kt4
27935,3761,v5v2EbwMbc4J
27935,3762,5zZmFUDJPowU
27936,3763,YyQhYAwHDTKv
27936,3764,mZ2Us5Nez9CW
27936,3765,Q6quqay6Gzwv
27940,3767,DnrkCqQHLWYx
27943,3768,Vc6Dog7P43Sm
27943,3769,UxUKYQDPU8Vw
27943,3770,2mCgGF4sx#gu
27943,3771,4vREq2FQ2n3b
27943,3772,ei2t9E93CJUY
27943,3773,9gDSAkbMsUh9
27943,3774,d#R638jhgf3F
27943,3775,Vr34sqbu#LLt
27943,3776,CxsktzMMEv26
27943,3777,d#4Fw3ueR3m@
27943,3778,eZnASqcTWoCB
27943,3779,fh459U9kwQsc
27944,3780,sueTXMsuQHQH
27944,3781,Wup2GcY35MDc
27944,3782,wRN2fTkFytdp
27944,3783,kH8XPBs8Tz2b
27944,3784,e8@URWrWc@hK
27944,3785,#q3QJJTq2@ki
27944,3786,RE5GU8Ruigwz
27944,3787,7UDuphYc8Tmd
27944,3788,Go2hS3fjai7h
27944,3789,rx7#t2yn@n#u
27944,3790,9vuqQtMrdoGx
27944,3791,jvd3XLUreayf
27944,3792,jRnarAy@5jFf
27944,3793,yKQVW7FoAAaW
27944,3794,8LKQt2b5dDDo
27944,3795,fXVFNLq9nuFz
27944,3796,pfi6FZWi@kkn
27944,3797,JVhijru2yLNt
27944,3798,U2deDU7bg2v8
27944,3799,LC2jkPE#H5JD
27944,3800,cGTguXAMS24j
27944,3801,uQ5PehhxGrJ3
27945,3802,i6Ddz@uR7VcU
27945,3803,rFQn#zSGmnGs
27945,3804,kam2Kzit8WEk
27945,3805,qU9r9rEucD7F
27945,3806,AAYGE8qCe3DH
27945,3807,4DFs3NmdRmep
27945,3808,mr26wXcW2GRn
27945,3809,teX4UrKe87AV
27945,3810,dQqhnbhXkTQC
27945,3811,uxvWWpxBuera
27945,3812,Q34Q5QB@qF4P
27945,3813,mdp2Ez6ny4zt
27946,3814,R8t26xiDQt#@
27946,3815,VSTSk6mmg65F
27946,3816,ANi98QSCN7uW
27946,3817,z56nSLqbXXzr
27946,3818,t5f8ud2W#F2d
27946,3819,mAikoKTVjVhA
27946,3820,usr64WgS37VT
27946,3821,cb3iJcnVZkAA
27946,3822,u8x2sZfKMfLf
27946,3823,u8mxV7T9Yprd
27946,3824,bvrJKayrYW3M
27946,3825,rz543ozEAhxg
27947,3826,M9Ab#aGVZ9wP
27948,3827,qpcJHbTRZinc
27948,3828,W@AuQ9t6CSk7
27948,3829,NUBrPdKszFTs
27948,3830,2Px2V8WmCYhQ
27948,3831,N2nh5cThAVgM
27948,3832,M9RNeJUB5Xiy
27948,3833,yQiJzJKtBkMA
27948,3834,YGxTSVwKLa#N
27948,3835,qdSFa6mD5NYX
27948,3836,jfxG7PnMkVs#
27948,3837,gf5qQtM8NAfU
27948,3838,zvYyPf5C9GB5
27948,3839,vfXTa6XjJTrS
27948,3840,yhYtwsa9epdL
27948,3841,oQyf8ka37VEk
27948,3842,62R2i89Mz8VN
27948,3843,63Q5gi5#GNDp
27948,3844,D4VRMUUUVHNk
27950,3845,SRSh2gmuBCUA
27950,3846,qid7kyJj869H
27950,3847,Y87Z7mp76Hdz
27950,3848,MZjcaEZdvf5Q
27950,3849,GpwcL9hCBCF3
27953,3850,ULzr4mTQbLab
27953,3851,VwqPsgz4SHeY
27953,3852,8PrBG#2uExrz
27953,3853,dadLAPZ3NaHA
27953,3854,b2WAUQvArVsJ
27953,3855,#t3DL4z6SjZF
27953,3856,bBhUuqdAeyKA
27953,3857,sDX#jU5hWaER
27953,3858,GH5yUHcCt2wQ
27953,3859,ncgCgyfXLBGz
27953,3860,HZKNn@HePukJ
27953,3861,k2bWZVWZ4xn9
27953,3862,@@Nf6mTY6NTT
27953,3863,nruR#3AEz#iK
27953,3864,MvwfqZkEiRQW
27953,3865,#vNaQmCL6frK
27953,3866,z4ABQjw@Kqtj
27953,3867,bCSkc5LPoJ79
27953,3868,izJ4Kpk#uF9c
27953,3869,LnyhuTvMQMop
27953,3870,JLHqs6skVs#H
27953,3871,W6UsitcHwyDT
27953,3872,iQboQLSaThaj
27953,3873,62Tfi8kaEDaj
27953,3874,nHAHindE@eH6
27954,3875,M#YBtWsdJ2JQ
27954,3876,4HDTA5vxeRiM
27954,3877,Q2spk95dn4An
27954,3878,auP7yEsW5Dm2
27954,3879,u9xYFB268jNv
27954,3880,oSDDV7x66eya
27954,3881,8ZxHLArNxAdQ
27954,3882,2sy8cf#EFy4Z
27954,3883,rQNDXPzgG5iJ
27954,3884,Y7Ym94gq3tTy
27954,3885,@@iF5SM7qF6P
27954,3886,P7YXtxHMi94B
27954,3887,z9RxiHHLcP6J
27954,3888,gVRh4XSkjXpT
27954,3889,VaBvqJA@kPRS
27954,3890,63cGWcT#mutb
27954,3891,4U6HPgs@BtQR
27954,3892,aVqunVv3bPYa
27954,3893,D#V4XBQej5oa
27954,3894,LMtq9S8k7Vcp
27955,3895,7GfV9e3uq3BJ
27955,3896,kAuYewd9xTVW
27955,3897,PG5Y@qNA3nJC
27955,3898,J3jcBxTsfEw6
27955,3899,8bSHo4Y4axot
27955,3900,K4TasdV3tBm2
27955,3901,borZ87Phw3Ay
27955,3902,FeZEDA7BB3VA
27955,3903,HvJEwUPRNj89
27955,3904,aEXH@FBt7Zcj
27956,3905,Q@2bpeLX38H6
27956,3906,VzkfoUkiHDAe
27956,3907,Bo3AVG7uM6JP
27956,3908,9Z5Zugn2Ti5J
27957,3909,JN2pjvdnbpK8
27957,3910,8Ay2yZRSKbhG
27957,3911,GxzL#v66hRnf
27957,3912,BXWaMWhjFzit
27957,3913,fyXGrKjXnr#J
27957,3914,r3WhT8GgpjM6
27957,3915,D9DP66emhi5X
27957,3916,6@69HoXTPce@
27957,3917,vVNmdmLFcVmM
27957,3918,SVm8W6ieapmr
27957,3919,6TBzx9y4en6m
27958,3920,o@BwUXup6C#k
27958,3921,QGiEtDvfbxLm
27958,3922,R26EcLchQNUU
27958,3923,Gsbpwuspud5g
27958,3924,zrnHzwYYEahr
27958,3925,VwKLKb94B89v
27958,3926,aaRWHP7S6RE4
27958,3927,Z2Aj73CTbGeH
27958,3928,rSDbWxYpUZuF
27958,3929,29KVC3UbthFk
27958,3930,5ExMBX4nJSbc
27958,3931,7TZXd5JZTxv3
27958,3932,gPGZSCQ6JccJ
27958,3933,ZPoZcyDy6xVg
27958,3934,meS@TsC7S7bd
27958,3935,HG@YCxgWa3de
27958,3936,@7Ch6vi@uYLi
27958,3937,UU5ZuR6hNJoF
27958,3938,#zyyWbRxzthe
27958,3939,jzpu5xrjSEoe
27960,3940,enUPPtTurnZN
27960,3941,XYcyyfq8LuZd
27960,3942,HjDdTd3PYzEr
27960,3943,FTt#tDk6jEZG
27960,3944,QmZ6i8XnX2cC
27960,3945,NBEigaDWhXz@
27960,3946,UN7HdcCL34YH
27960,3947,xAC9FPocYP89
27960,3948,XQq35XBnCTFZ
27960,3949,pCMDQNba5z3D
27960,3950,qRi9nSjyRQg#
27960,3951,DaEPBKn4ECzu
27960,3952,5LbtUPACdyns
27960,3953,3gyK7ybdmdDs
27965,3954,fhECNAeyzzZQ
27965,3955,HbfrQbyph#vD
27965,3956,ZRYNFzAhxufA
27966,3957,7fp4XXM3M9hb
27966,3958,iSChb7dSqa6A
27967,3959,m5QKALxBfEHN
27970,3960,@@6tPEEFabao
27970,3961,EWbQoFgYgkRD
27970,3962,LHTziK9@vvfe
27970,3963,jQfohqUeVntE
27970,3964,EfFke3VXrMs5
27970,3965,wjAGSmcChSrr
27970,3966,dpQpNqBCbF2w
27970,3967,sLzRyJgEKtjc
27970,3968,ZR99GiopZLzd
27970,3969,2VBHFCcuWTRA
27970,3970,UNxXNJj@2tKk
27970,3971,8xAokf3GM2SB
27970,3972,PWwysbGu84jh
27970,3973,rKUsTCezYqgG
27970,3974,37Q7gdjgepxn
27970,3975,s6uowCdUNnPh
27970,3976,qdSCb43gNEd5
27973,3977,Q7cqByuuTwLk
27974,3978,m7QfohU4jZJh
27974,3979,o9DhDG2Btk#o
27975,3980,yEtqjfitgiVb
27975,3981,H#rm4mBj3FiM
27975,3982,B6AzekzujszW
27976,3983,iEGzBwcuF4EH
27977,3984,dTZuvqqPaYJ7
27980,3985,dXK2KpePpMj4
27980,3986,DLH8fBik@jpt
27980,3987,TvRfPicpY8V2
27980,3988,mVVxbtwvLHjM
27983,3989,Uj2Ef@YA76iC
27983,3990,eDo6Ys99H2UF
27983,3991,TQ6C4Ls5Wkai
27983,3992,FaNQbfwfTaph
27983,3993,tjMpwtkov72G
27984,3994,CY7dm5mWDQQh
27984,3995,LbuTGwMhHwpQ
27984,3996,#kXkk4pHyihR
27984,3997,wUr2uNHhpdnK
27984,3998,bXSW8jAukrk#
27984,3999,HYcP8RDDT54j
27984,4000,P9wBGq7pcp3#
27985,4001,8R4j#JYgJxbX
27985,4002,uy6SA@9LBdkW
27985,4003,JWXpm6Mwo#as
27985,4004,239zdhBUapTD
27985,4005,TdMBD896XSXe
27985,4006,mnXHWiZiiEbP
27985,4007,aHCSYQaNvzm6
27985,4008,ocQyK#UFLQ2o
27986,4009,E47ZJZGt68io
27986,4010,W4aT7sckbfL6
27986,4011,Lk5U4zhdHQc5
27986,4012,gXLwJPH8DqZE
27986,4013,hXG6NDTEuCzX
27986,4014,bFo9UtoUKLKC
27986,4015,T647n8GPQ#HH
27986,4016,zJGGb8tNB9W9
27986,4017,RmDqoYgk@SH@
27986,4018,jHmgF8u2rxvJ
27986,4019,VEjYC5Cqmqr9
27987,4020,JKV2PzspiUSM
27987,4021,UWzpacRUxwum
27987,4022,xWPWgAmTBFXT
27987,4023,4mZTfwLVgEpb
27987,4024,Js6sbYCnFLQR
27987,4025,WdcwZHKxQeqw
27987,4026,zaCTKN4FJcPb
27987,4027,iCt2NYTj9@VC
27987,4028,LbTJV8dWwUz9
27987,4029,N5Fsoai@guvM
27988,4030,XvPvCDa8@HKE
27988,4031,VNSKhnkeEEzk
27988,4032,mht8Y@JLe99G
27988,4033,fmXwHVXuLffy
27988,4034,yX9VpZjgjNhk
27989,4035,FopYMotZM5qq
27989,4036,u4ZuEWYXGtUw
27989,4037,WKz7QSBFUa#z
27989,4038,nEswK9xUqXqP
27989,4039,Pm2XqzWn#@Hq
27989,4040,VbisxLciqAUu
27989,4041,pL3F7BYvP8t4
27989,4042,LhvdocG5GYiP
27989,4043,iJ5iw4sHkvFU
27989,4044,4EACNchhbamg
27989,4045,gX#PziMr4JLQ
27989,4046,6ToEgLX9uq4W
27989,4047,pr@oZ#cditAj
27990,4048,WWCU62W5bHgt
27990,4049,AV@7iQNfdH6C
27990,4050,862C3NDE7xBn
27990,4051,MhBYJnjftcac
27990,4052,#5VenydsmC8@
27990,4053,tfKKz6bvdS#2
27990,4054,i2id6Q#RtafN
27990,4055,@82Ymh8sZVZX
27990,4056,JGy4v5KZ9NoW
27990,4057,xJzMp3wpEk7t
27990,4058,nif6BPCrqnfQ
27990,4059,c3b@UpE9DLvB
27990,4060,ys6JSn@xPEjv
27990,4061,RWJPErNanKoF
27991,4062,erUAFS34xsL5
27991,4063,K#FgEBdxDVTT
27991,4064,JCZDRqPZAmxg
27991,4065,vmZiRsf4bwWe
27991,4066,RQYKzH@QLWoz
27992,4067,dCRc5fPVmSV6
27992,4068,EGcW@zqAmaKM
27992,4069,72HrWXhTQHTP
27992,4070,ioVJZv@oMNdK
27992,4071,qohU4x7w2jQQ
27992,4072,RaX9ZNdxVfTA
27992,4073,gbAr6CYSB@8F
27992,4074,SQXhkNBLjdkj
27992,4075,e8pak3TzpWHq
27992,4076,ZsmJy59u@Ji2
27993,4077,62V#ucPmZwxC
27993,4078,#2Wgk#WEKbws
27993,4079,D7PBaZukbV@8
27993,4080,hWuYyDneN4pA
27993,4081,rLpJXouWVu4s
27993,4082,6m8ETpGvS@Kb
27993,4083,#AeAHrfoMsNF
27993,4084,6x7JNaq9ujhB
27993,4085,A2@7cFWbakc3
27993,4086,wh79hivEYN3J
27993,4087,iF#gx5oaR9mt
27993,4088,8jsd8ATMF4mg
27994,4089,8rH6p@379Boo
27994,4090,MdSVpLxjw8U2
27994,4091,m@Sz@Twv5DGp
27994,4092,JfNLS4aEbcNM
27994,4093,anLb9HNESKkC
27994,4094,QeZa6WHVHpfb
27994,4095,RYYfptKGCkSG
27995,4096,LvrBfTNMRWyP
27995,4097,Z2upKxepb9BR
27995,4098,ifi5Smc6vF6D
27996,4099,RBvsUnwWMMuQ
27996,4100,hktVFHjtJT#T
27996,4101,hQSke2yfbf2d
27996,4102,5htszi3ivgzF
27996,4103,zK2KL2RMLnsp
27996,4104,eSD#5#sesNNX
27996,4105,WdJhfUzDu2Ns
27996,4106,qxagKkSbVH6u
27997,4107,xNkCrEfupAeK
27997,4108,WaT2o8e9gkmQ
27997,4109,mw7HWzkJwN52
27997,4110,sBjjjDrUEAWu
25016,4112,Q998#Udnv26v
25016,4113,e8KsNssrSH6x
25019,4114,2fqqC8pnH4Xc
25083,4115,9v6avrHUQvA8
25088,4116,HG@6@HC2ejJ#
25094,4117,3J7GrWH2W4tX
25117,4118,9vTEZ2Pt#hUN
25138,4119,XNJruA4PeUDg
25200,4120,Tio48zyWqDUH
25200,4121,BsqCgyULyusk
25200,4122,MjokGbKwt8yv
25207,4123,kJW3y#N2Si7r
25209,4124,BEtDNwzuQ35y
25240,4125,NPm8A89mcvKN
25285,4126,ixpuTTLHewnC
25294,4127,#eb2X3sWHgBB
25297,4128,shJoshaccsA4
25354,4129,XP7WLcHH#Bny
25356,4130,fPsTaWr8cXbr
25414,4131,HFmxMYTtkEUw
25415,4132,YK76JZeoJvES
25644,4134,Kx8NisZ8VRSg
25710,4135,#EDp8QZSHDfw
25734,4136,HStBVuMDrvQ5
25750,4137,ZetTPGQpYzax
25780,4138,Ti9Ldz5qPJYS
25796,4139,TVk92o#Cxqz6
25904,4140,#wwYiji8NmFE
25904,4141,aPSJ@SyiEujD
25987,4143,x6PqFnJ2D4bX
26070,4144,GH3oEaoU3q5#
26093,4145,TZ3oagiPWVV3
26099,4146,YXVbvBFxUEvk
26140,4147,H#Lb7cePCZmX
26140,4148,CtY6Swuga6La
26236,4149,EoJR#U9jC2B6
26315,4150,rMAAv8KzUU8t
26729,4151,VzcsXFWfMkEc
26820,4152,MNsh2GNoJnFT
27010,4153,#S@@XBJrQ5HJ
27010,4154,sqYgXyVi6sZE
27013,4155,#Md8yUejuuE2
27014,4156,iGe4B2KCLPD7
27014,4157,gUxtkLvxS3hw
27015,4158,BsyqYhZ5Fnxf
27018,4159,Nsptv3sypM7b
27039,4160,AYjimeieemx4
27040,4161,5xKFqNxDQW@j
27050,4162,WHmdC92ixFRx
27053,4163,7pKZnALRLWPz
27054,4164,B4ZnDoBuywc5
27054,4165,puJeUPNbb29d
27056,4166,q7k9cF6U@zdR
27058,4167,HyJr@YxGgZ8W
27058,4168,NEBTWCMUCoj6
27058,4169,qFBPogabKbRt
27070,4170,mY6@ZvCD5rm@
27073,4171,iQk7BXQj3@U2
27083,4172,XJuWz#zmSYWp
27083,4173,YFCoUPF9F6XH
27083,4174,i3v66DtWNdks
27085,4175,Rzx3KGWx7wHW
27085,4176,FBmgYmBH2z6k
27086,4177,o9WRUBVBEp@#
27086,4178,q#MV2cDbHhro
27086,4179,FDYWbMLZRtqs
27087,4180,NxzjHdFncNXE
27087,4181,5wanZTc4twpp
27087,4182,XwUqmDtfQjTs
27087,4183,n#wvzRdjXxpb
27087,4184,#v4nu9@9mv8n
27088,4185,#YceAf#FDEsc
27088,4186,8PpLTB9ER9uv
27105,4187,6ytHhiYKod5S
27110,4188,V4ReggviJjnU
27228,4189,gmszhXYzdsN2
27250,4190,sYYvzw8UEBDU
27258,4191,KThzr5VeH4z#
27266,4192,EkTos7prCQmE
27267,4193,WGn6a55LTxJi
27267,4194,ZRN47s7JFDg2
27270,4195,xZ9iHM6LajEE
27270,4196,hqLCXLHXTTQr
27272,4197,Khzsi3bM7kbG
27272,4198,iGMYh2msPjzW
27272,4199,HCeUSYrx@huS
27274,4200,aek8WgFe4Vbz
27277,4201,ZMG7queEURt9
27277,4202,#WcudD4y8yRz
27277,4203,#XBZZKijCYvq
27277,4204,ZMTm#ZUkbvyx
27277,4205,ocqqrzcEKiXN
27277,4206,ErAxzNAMjPGA
27277,4207,RaczHd9kMsMT
27278,4208,4WXF3#xEwGMq
27293,4209,N4azqFmxa7Hc
27294,4210,7Db5yAboYHHm
27294,4211,jJmAjpoRTH@a
27295,4212,7wd2Mmka3TmM
27403,4213,EVPLtjkA@Ar4
27422,4214,Ntnanj2GvdgV
27473,4215,db7pYDLPuvWj
27505,4216,sbHJhDhfRR4H
27540,4217,gDbJJdt9VbAW
27570,4218,Z@VaZuDL9DHv
27986,4219,gpbbPd7WzoJw
27986,4220,#KbmH@5HLgdD
27989,4221,LzK7KGozoCGj
27990,4222,Xoo2We8GVxFS
27990,4223,5xnsvtBrhTAw
27990,4224,H3JakCSMS@RF
27992,4225,3pfR2Zmk6dXP
27993,4226,2PAYcEnpJdPi
27993,4227,L3#zJUuYBops
25013,4638,et6y7S9cKtLA
25019,4639,Sov3@u3hTcKi
25047,4640,3e6hormh#Akk
25057,4641,SbrB22hxaCiS
25070,4642,b3V5jz2mQQfT
25123,4643,VpED5EF@mK2T
25200,4644,EyM6uopeAxNg
25290,4645,gH#MVD9JSuzh
25297,4646,zUArz89cz83u
25298,4647,VHJnqpooceVB
25298,4648,Av#F4#ycEkd7
25311,4649,yH5mFX#fMp3j
25315,4650,Y8tnqMF99vud
25315,4651,3t@pJh2a5t7G
25368,4652,TqNj#rDQqYP#
25616,4653,2@KRjQiSmZBj
25902,4654,4rP7S3JTh8ow
25902,4655,4mfcy7b2uUt@
25904,4656,NB92SeDj7hfH
25905,4657,9Sjz24DZ8MLn
25908,4658,bn@ih3xhsX@@
25908,4659,V7FshXtYMLWM
26092,4660,Q5GJsruaeJzV
26185,4661,aSaK#aJuHURK
26370,4662,hV9WaJ5wgzcX
26887,4663,t25TXFS8kmb8
27058,4664,Q6otNV#wKhUG
27058,4665,R4JqwmEr#bVA
27086,4666,9mRR@ZLvUNH@
27105,4667,DFXMvPsPjJYJ
27105,4668,oU6n9Bufu6iY
27107,4669,mPnoy7CgWRF3
27277,4670,PY7dMgmcG79D
27460,4671,vpW#43rtHuLC
27489,4672,N6t3rjvCXMXv
27993,4673,cCCA5F8TppuS
25017,4715,K9wBzgrDxW@c
25038,4716,FQMEQi4ugGk#
25083,4717,7Ae3T@ui4PjK
25084,4718,tZuawAaMX6EB
25084,4719,jLy2Y5vYTryZ
25110,4720,oSN@p5JDkBX#
25200,4721,BGxuKCSWehJ3
25204,4722,ruFtCddcKeqW
25205,4723,FuPC2Y6dvfpM
25209,4724,EHuReuEHj@LS
25209,4725,se#oDGxWkwbv
25210,4726,AiLUd5cC7qbk
25239,4727,9JDCiicXUz#M
25293,4728,7bWsZwRUunzH
25294,4729,zeJNQnCgAwh9
25307,4730,i5w6XAGjx7mk
25313,4731,AsZK@SveeRzd
25320,4732,NUwdCWJ@FQUP
25329,4733,PEaq@LxMNwv7
25344,4734,WhqbJre8EhMQ
25354,4735,sNL4Xbta6hw4
25354,4736,D5ySmbSirNvZ
25364,4737,a#W6@7ZfKc7b
25504,4740,JHUNqAPJY6YN
25543,4741,bfo@YvCuNehb
25545,4742,v2s2AFGd2xsj
25550,4743,pMhciM5Wepxt
25628,4744,LJdybh9YaS4h
25805,4745,cbNBTKYDwN5o
25875,4746,KoUc5LLWFhFv
25880,4747,EWJNGtBdZBxy
25902,4748,SUeNdSHwVjNS
25904,4749,aCXcqewEkPpN
25904,4750,SizcwuF6@fnx
25905,4751,2V9QJ@oBGm#w
25920,4752,k#BAf3ye7RcC
25960,4753,CK6A7kYLX4KV
25987,4755,#T96A2nLdyVr
26050,4756,qYPNVanX2j@S
26063,4757,xe5GFxgwnRhF
26069,4758,XFdj7bdckEW9
26083,4759,KawiQHJwoNKY
26093,4760,a32tKAju84ep
26093,4761,aX2dS2evLMts
26094,4762,o@Wg3hudX@y7
26094,4763,y#g@GLJJEmtQ
26095,4764,BJWToNikwEUz
26180,4765,ZMQkNhk4HAGd
26185,4766,MNKdji9nb8P9
26345,4767,Hyqo8aMj#3H3
26346,4768,TVLBHpSnhwc#
26365,4769,QaETfMyRHbsQ
26370,4770,V2bftwPiNXim
26467,4771,8JfnR3E7yY2M
26485,4772,d4H8NJWFMg9r
26486,4773,sC4PskRTXgQ3
26513,4774,6a@Ux2W6QsDc
26544,4775,vFk6SAvhCE@6
26545,4776,ZGpbu5Awcm5Q
26567,4777,#n5riqDubGkt
26605,4778,jjJ#HkV7Bb@m
26605,4779,kFcw#d2@EwFq
26605,4780,UDdPP2GFywRZ
26605,4781,o8Bw5VWWttGo
26710,4782,YQUAkTa4@kWh
26729,4783,TSDBt8G5pusf
26739,4784,qCLc3AcXkvFV
26740,4785,w5KMJbwaZvSG
26747,4786,Ja7YGKxM6nPu
26748,4787,7v#x4FJYGVwv
26749,4788,HVJbT5rmEh#i
26749,4789,@zT3dDqfiMQB
26759,4790,ufcQaNRZLqz9
26763,4791,kFvQHRv69SYN
26763,4792,XWn9WtBvoBGE
26765,4793,qU97KcBnsK4d
26769,4794,2CVtsYCe4EEW
26885,4795,LUfWiTrpBupD
26905,4796,QCpH2qBRY9z7
26910,4797,vMkg35rK2DbC
26930,4798,VDmqFej9nCUC
26942,4799,9kdVbX5feSj3
26950,4800,vruWFCRqDQE#
26950,4801,UaLEqGz69o3R
26950,4802,yNPBTPHjVX@9
26950,4803,4KQ#4gasWd9@
26950,4804,dG3XPoh2gUQV
26950,4805,t#WDUH3xk3zK
27018,4806,ZrCfcpieyrUP
27104,4807,FuLgNn5rGj9L
27108,4808,R96jw2FPgMuC
27110,4809,E@YZd9GShSXr
27406,4810,LWccfBgYxYFY
27407,4811,pMkBWsR3pQYK
27407,4812,7Nm9tdb5JcWv
27407,4813,ixL2HmfgGKB3
27407,4814,UkpAsfUt8w@p
27425,4815,mJrSB6EPSqdk
27433,4816,9ZDtjVGgggcj
27450,4817,CwpnY6cEkvP9
27458,4818,z5ciVgsrRREr
27460,4819,67JSdALp3QNK
27464,4820,ogLCUMVt2GEz
27465,4821,ggqXHqyXDRdL
27465,4822,x5oZEBQC4Q4X
27466,4823,dpUvBDKsEBH2
27466,4824,JXQTfgfoJcvv
27466,4825,pAM9m2taqCVK
27466,4826,taFxbvgviyfH
27466,4827,2D2a#afMPQGv
27473,4828,ZZLP4A9fii3c
27474,4829,GXzoihDVh6pR
27490,4830,qMNfJjUwkjEt
27612,4831,fWDWBMuvbDwK
27670,4832,RZ4g8p@5mcQt
27913,4833,y9S83Ktk4kKQ
27914,4834,PLCH@zYX#DPk
27914,4835,fV4Uocdp5Q8q
27915,4836,V3tBKXxtXJTi
27916,4837,7BMucJRdEahK
27916,4838,Ro#iW7Qur9vD
27916,4839,8wMXgr9ceRC8
27916,4840,xJNdRhzMRuF9
27917,4841,Ty##HAqyGDK3
27917,4842,5R9Af4CM5FPS
27918,4843,t6ohBZGcwh4y
27918,4844,@#5jbxu7HQoV
27918,4845,nR7stf@QNqDS
27918,4846,sZu8SAtRU6rz
27920,4847,JN8#qoeBmeh5
27920,4848,G7qNCNH2bekF
27920,4849,V7Fhts4odkJ#
27925,4850,mFopHZeRScAz
27926,4851,ke#RUnCFmzH3
27926,4852,RPZcKHn7E4xf
27926,4853,#F2xku5mUsvz
27927,4854,is5vAk@6Bn3A
27944,4855,fudxW2oLrDJH
27944,4856,dKDsrae6HrXJ
27945,4857,tYhASu#XyW5m
27946,4858,8VuVYULJvnnp
27946,4859,ZSWmhr72aCLn
27946,4860,YKV6Tw7WES7m
27948,4861,dNcJ@44FN6nn
27948,4862,@3Q#H52TM@ba
27948,4863,2Bh5XP6kULVK
27948,4864,#no4GmWerm@u
27948,4865,EjBdb6VStpsQ
27953,4866,CjowJnierRic
27953,4867,E4cxMoKqBhC2
27953,4868,5yWrLsq9JuKu
27954,4869,RoRW6KoKJEHH
27954,4870,avbdNhFcasEs
27958,4871,B6LEXBXj4FTR
27960,4872,LbbTk@z4UGkQ
27960,4873,2ZNrP7Y@Ysao
27970,4874,UNj3ums6yQSt
27990,4875,dvZ5ZXeaERcU
27990,4876,XsT2wZKBn2Hi
27992,4877,v5fBtgt5424d
27992,4878,Sy#CXpEtZ3rX
27994,4879,JYPWsTusNro4
27997,4880,VTe5SoqianSe
27942,4881,yPM9c@Mt2Bjk
25023,4882,BCf5mvJBE3n6
25088,4883,gYULBxZJbc7b
25093,4884,U5MnFZ@Qby5a
25096,4885,XsQPuZPu6cEC
25116,4886,mi8Gm48DJDya
25117,4887,rKLuHp6eiFwG
25204,4888,KgmXAtV4CGhY
25209,4889,3KSqGn96KjoW
25220,4890,w5VF@HS9XBiY
25298,4891,iE4v8But3gxD
25298,4892,jPnBtjLdUDmb
25302,4893,aKKMZiotxaoh
25305,4894,rvWbuw9nTfZr
25310,4895,jP4pZzRFDfqx
25311,4896,NoMXR#Ubwpzu
25343,4897,LkpGQhNJvNkF
25354,4898,3bfcCUoRkGaM
25398,4899,MQV4YZHCGqw@
25830,4900,XJF3ZY#3pt2k
25870,4901,#dGSJLXNcNuB
25902,4902,yFGTeDTmLLcX
25902,4903,MyNDp3oaXr3S
25904,4904,enLvUpbNzjde
25904,4905,7X7QmB@cjF3f
25930,4906,3iBkEfmMLXS@
26016,4907,9JsG3yG4QWV6
26033,4908,7HG9mJ6wzoCS
26034,4909,6qoKqcnE6mYy
26080,4910,5KSGaLNaPdBZ
26083,4911,Zfg64nV#PN9E
26350,4912,5SDDfGYS#bDw
26520,4913,686keMJZp6Gh
26533,4914,KNUL7ACFPjiE
26543,4915,Z#42@a5X9tnW
26607,4916,bKFzt8Vkek3D
27013,4917,AU7fCB#bQLVb
27433,4918,SYDhhWBy9rau
27433,4919,yQGv3La#4mJ@
27438,4920,bmcDePoSrC6s
27440,4921,vRDxFQuNFNgV
27446,4922,XHLW5puQkqer
27449,4923,aygdKb3RFuzi
27684,4924,A#LcL#3W7dcs
27684,4925,DYak4GsEGx57
27810,4926,wzbs9nhgQoUX
27810,4927,2jgqhnBbZ5C4
27839,4928,a6aHTHggQYUD
27845,4929,KD4zn2F2L@gy
27924,4930,uUtkSSxdk9vs
27930,4931,#V4nkMWRbYhn
27948,4932,jM3#FwWGQC2G
25013,4934,YxiN@5KWTxvJ
25013,4935,joLs3QDHu@uG
25015,4936,xVMBRmMHpCQp
25015,4937,Yr@Sr7A#kbr2
25015,4938,E3evs69NUsMa
25016,4939,9CGS3j6AHCz@
25016,4940,FCiXydTmQdKr
25016,4941,6y#qALqDvs6j
25017,4942,D6eW9DypB#Da
25020,4943,GyFwsp@hzk7N
25049,4944,zpori7Mxjxqx
25057,4945,aKKui5eHdvpY
25060,4946,aW7#uVwdbViL
25086,4948,TM5vRk#VSabU
25086,4949,3RcBLYhwMyyX
25088,4950,QhtxCrcX64HC
25088,4951,P5hC55bw4rRQ
25094,4954,Z@grPiMFCEZ8
25094,4955,3HDqGF2AHdFP
25097,4956,JguyAeZ4wrJE
25107,4957,UWHKvTcpJ#Vn
25107,4958,MYyex9Cx8@QJ
25110,4959,97fQxmLDXohZ
25116,4960,9BWZ8jCRVHA6
25120,4964,F86tmTnXsRGY
25123,4965,ToM7r3chMpL2
25124,4966,5DuStZwTgFoX
25137,4968,ACWMBx8QHnCp
25160,4969,taggpQLVhVnx
25167,4970,3whne#SKW6xy
25186,4972,jdggC4pJfDfV
25204,4974,GPyWE9NE8#PV
25204,4976,ZgxKAv5iuzLH
25207,4978,NCH#geWxEHC4
25209,4982,7bJvnitk9rjj
25210,4987,tPUajgFVkuhA
25240,4988,t9RxpQL#q8gM
25254,4989,t6RUT2vKs2zn
25260,4990,UJkvKHiZhWjo
25290,4992,iUhqbKVTQCT@
25294,4996,a3QTjRf56dyf
25294,4997,BAy@2uEBe4uz
25294,4998,wcxQ4PZA7ukN
25295,4999,EhJP@NB4bXds
25297,5000,qLp2i7YZVgup
25297,5001,8d7mXa5CLujQ
25298,5002,2cp6hVeMLeTa
25298,5003,VAuBwVwUmhz#
25298,5007,Fj99R#VE8#7x
25298,5008,P2g7CLt@tvoV
25298,5010,ioz4rha9AU8p
25298,5011,unqE2LoqD2zH
25298,5012,G7M9fkrfF#Hh
25298,5013,wMtUh2yaSyiL
25298,5014,qmmMfmxrqSBt
25298,5015,8MhkeZppNQHu
25298,5016,yKhWzNnEN@rM
25298,5017,jK8hbfERe5yk
25300,5018,Fsuxu6gphzsC
25300,5019,mhq6Z9Y9SfuT
25302,5021,G7pnfMDZE8Jy
25315,5025,8LWr2vJRpKC4
25324,5028,WsRdU#wa4tcS
25325,5030,dJ5k2Zfc2rZR
25329,5031,oWK@cU679xBn
25334,5035,#Jo6zAXs8RQm
25336,5036,Fonn8HQZy4G4
25340,5038,XQEBqJx@h2hN
25343,5039,CDziMULbz2eH
25347,5042,R6T2yz@7vMy#
25353,5045,pMBBQthCcSYf
25354,5046,swCQKaYF#P#C
25355,5051,N7RBWhDqfhov
25415,5059,nbwSw6#qBVF2
25470,5065,L5ua@h#maTR9
25503,5066,uuxNPaZBFMeP
25504,5067,XUP6HFL3ZqS9
25534,5071,DHKCcz9wfvDh
25570,5079,xbsdJ5PyvzZo
25617,5080,qMLP2oN2QJLo
25619,5081,q#uSXNrveHnd
25626,5082,PKorAKhopkTW
25629,5083,RQqLU6xpgQxt
25644,5084,Ccf9uvnib#Je
25650,5085,zjQc55WFo2oZ
25660,5086,jJbTdTdUDo2G
25668,5087,gCN6gxVGPyMA
25670,5088,YfTtFRVL8Bin
25710,5089,5#soM9u6aJfp
25710,5090,vZA7KE5NVXGR
25716,5091,CrmeCL5YqYg3
25717,5093,esqZcmTkhSrW
25717,5094,T9iZtDgq2ov2
25718,5095,zkUEcgWv@v8m
25720,5099,6pt8Zoiwz8Ue
25720,5100,vMzA6#4FzvRc
25720,5101,7CZULByK7Jhb
25720,5102,JNiKk#FLkp5E
25720,5103,85id2jL29gVh
25724,5104,gr7YHvtKun3f
25724,5106,K#2B@A4Fa9Yi
25724,5107,HTvqyRYsCEiK
25725,5108,XGZAN@FfwFYi
25725,5109,#SqB4h9zGdu9
25725,5110,JGoPcMU9KcHn
25730,5113,aHkpuvUqVi#t
25730,5115,bEU8@q#4GKCC
25730,5116,bugJryDwvbUM
25730,5117,p#QzLVtVkekz
25733,5119,fZWHNuDJCLLe
25733,5120,Uji5AiwR4T4E
25734,5121,#crFCEkqej8o
25740,5122,4fQKT4PhDBmo
25740,5123,tatGpZeqJW@D
25740,5124,uKBTK3yRW6Sv
25740,5125,eq8JjvWBq@Jm
25740,5126,rcHfie@#pAE4
25743,5127,cK@77uYVvTio
25743,5128,3D96zh3KthWh
25743,5129,4y4uG5CgiQz7
25746,5130,CACg4gRi8q#b
25747,5131,#eGUBHoSTQij
25748,5133,xrYfZGp#hGZM
25749,5134,P3ZacVxS@rt4
25749,5135,rr8e5cqk2JbT
25749,5136,uqA@2Hy8U9dv
25750,5137,n6jW5Tq43J8m
25750,5138,tV#uB@TjFWf#
25750,5139,wQ2vpt34tKyq
25750,5140,ZMm9LY9ZNUaW
25756,5141,ovwFajHFJdMF
25756,5142,t6emb3gHLZjV
25760,5143,rz2Vs9RHtHSu
25760,5144,SuoR5KNMP@j8
25770,5145,S3BcWUpGCjbE
25770,5146,McoZ4XsyvMRC
25770,5147,voJMNsjiPGnS
25770,5148,9xbGuyMxHtyP
25775,5149,GaWnPoLn85fP
25775,5150,3FU7XGNHvzuo
25776,5151,ngMcB5Dp#Yzw
25790,5154,5HmHfhhkqAGf
25790,5155,oMMAYfQtuN78
25790,5156,aaeZGYj9zPT6
25790,5157,C5hhjrH2daqG
25793,5158,USrXDgxwUyxQ
25796,5159,VQmZh6VuSgHs
25870,5167,jhsmgFbX2srp
25870,5168,8FMjxTQE6S@D
25870,5169,N@nR44pYRr5Y
25870,5170,sXSibuqe6iTj
25870,5171,4t@eQa@V6NWG
25870,5172,T4tEiAfVUEt3
25870,5173,2Vb@pfoKejRL
25870,5174,7#hLGets3b9N
25870,5175,9SVfFdT2Xwxm
25902,5182,UvArdDypM2#N
25902,5183,cz6jnQgoBBB2
25902,5184,XvHJbk6NBCru
25902,5185,pZdXbhXMiSBF
25903,5186,2ByCktFGcr3j
25903,5187,MaUzp42pQ@NX
25903,5188,PuC629Br77dd
25903,5189,3YpEEaiT@ccK
25903,5191,yjnxjtnNczLb
25904,5193,PbYmQxv6dP@Z
25904,5194,s#zZLeaxbqK7
25904,5195,QZz83m7K5jVW
25904,5196,XPTjrAGQagxo
25904,5197,jUR5DEkMpxHQ
25916,5198,4gfFXwYdjNga
25930,5202,uwt7299MU9cm
25970,5205,WJRzMg4tadie
26010,5209,A66pPbpTiRsD
26014,5210,HW#s6rzpRGM2
26015,5211,vzUko6#AKmVQ
26015,5212,NabePp4qtUFE
26015,5213,8eedF3k9YdGJ
26015,5214,TQnqzqeYhz92
26015,5215,8QzwPyP8#rS3
26015,5216,w7ffTbtumNzZ
26016,5217,3sHwkJ#KZ6dv
26016,5218,Fs6rsgF6nHvY
26016,5219,d3y7dCVe#fTr
26016,5220,pPP2H2qrif8f
26017,5221,jvNJW9GJMZCy
26017,5222,aHe6BWKUFtRg
26017,5224,HkE96r4fn3No
26018,5225,PqwpFH4F6o6u
26018,5226,vrzZj2GPM7oF
26020,5227,TQ7vK855r8Ww
26025,5228,Pcp26hN#Lqo7
26030,5229,TPzsaudpuRwE
26030,5230,z#5#uHWT2PDp
26030,5231,LW3f7qdCWY3s
26030,5232,7xkjw62H9Bzd
26030,5233,VmY6PNPYfVF@
26034,5234,j65u8fA5L3HX
26040,5235,8JS8JjRc46rF
26060,5236,eFhc5PvLgXrC
26060,5237,JEJkWQNeJ83Y
26063,5238,B2XzcU#dBvc5
26064,5239,ChLdkDQT#Umz
26068,5241,kdUHRCtVHYV4
26069,5242,aeh33J4ToHpR
26069,5244,4Jj37Z6#C4Vm
26070,5245,9ZsNQiRvEYC6
26070,5246,#5hxxg@Hs2WU
26070,5247,pLX33K3ZPUG5
26070,5248,VNpXE98VF3CK
26070,5249,e8j8SGoYjLZu
26080,5250,Xcbcjd4mTsYr
26080,5251,eSzDPdkb@tJ3
26080,5252,9XPZCfnUce83
26085,5253,kLFeno4qtEuy
26089,5254,rMXX5#iGyx#J
26093,5255,iXN9e#n7Xp9w
26093,5256,w8VD8ZapNCdr
26093,5257,9Sg#d8HobHp6
26094,5258,JoKpn6Hug4Lx
26094,5259,TZB96Xp7eW6u
26172,5263,C2sKm64qxvDL
26172,5264,5HKncn#Sbi#w
26174,5265,vpDU2ng45Y7b
26174,5266,6X#DSYtfJue#
26174,5268,SGkD7Rb8LdUM
26174,5269,SeEAv7Vd2eYW
26175,5270,EWk#gyywZoTp
26175,5271,T6SyZtQHUCno
26176,5272,@BxgnjUSo2#T
26177,5273,7G4ruEfNdywL
26177,5275,TUHuKcKJVQxU
26183,5276,72xCkGvhLhJX
26183,5277,8vzJvBfQsGmE
26210,5279,fwpxMSuphp3M
26210,5280,oozMgtoTsw#F
26215,5281,SKN2SwZ9yL@a
26215,5282,uKhw2gd8p4dR
26230,5284,igkdEMwwTUK5
26234,5285,DLVBgq2DdyKq
26234,5286,9txgDGJmrWkh
26235,5287,SCxrvTPXM4sg
26236,5288,gdgFHMuk9QA6
26236,5289,evMxTJWT7@Es
26236,5290,sG36YfopkzFV
26236,5291,PFtNB6PQDNVs
26236,5292,@xoGQEiGszXd
26237,5293,PZiYkT3rQskR
26237,5294,NxhjrLVSYL7@
26237,5295,XbmqBaFGkE@X
26237,5296,DtZuZYv7uqRW
26237,5297,YkxkWu5zN#ka
26237,5298,jsy3oBwLuhQf
26237,5299,ZkevYMXML69s
26237,5300,jNj2H7eGoPMY
26248,5302,s7Zq9vZU#gWf
26248,5303,bnsSvyGdHuwX
26249,5304,LWvCFaDV9DPW
26250,5305,teuJUthPUepZ
26250,5306,HkRfdzhBNNKJ
26250,5307,a6oL8y8DYUnY
26260,5308,J63WAg@NtUjp
26260,5309,UuCg3YTXcmts
26263,5310,jjrknPxLCj74
26264,5311,EVEN6a6ZvhtR
26269,5313,HsTUZuv7GL3J
26269,5314,ApQLsxAUZBUH
26270,5315,d8JQ#sqJWiqr
26272,5316,dH6eppKzH94Q
26272,5317,EkpHzQqaWELh
26280,5318,BZabrEQmXhoP
26282,5319,7MvagcfwjsKh
26283,5320,dWxrH7x2FHAz
26283,5321,3o4E4f#Xeciu
26284,5322,MGxZJVpFWDkg
26284,5323,WUCkmwHVLfFW
26284,5324,NYRW4ueEYn4i
26284,5325,R3vwPC#ZsFxX
26284,5326,x263tygZHD4c
26284,5327,UvY4xT7cf3T8
26289,5328,LQhgcqtmmX6Q
26290,5330,VrGkePbCiQ4T
26342,5336,Gtzw84SwvAbd
26342,5337,yAk6XqWfHSia
26342,5338,epQHrYvrjKMn
26342,5339,6TUNszNKzjYM
26342,5340,9evDbedHNmeR
26343,5342,6P9RbaBid3ay
26343,5343,53UPsk6aCjky
26344,5344,wQq898o3saEm
26344,5346,r3QCrPjfwQAW
26344,5347,5VNhgqtK3S9D
26344,5348,V485X6J#HVJS
26360,5349,BwzhshxugfkX
26370,5352,hk4qvp3w@PTu
26370,5353,5#cDsCA38uzp
26370,5354,E8@hWC6P5Dui
26370,5355,mhsUDhEuHZFA
26370,5356,QdbSHoMub3qf
26370,5357,MixLPgVv74r@
26400,5358,Hkv7WFeC73kp
26400,5359,EvYtLykcYdvy
26401,5360,k5Q@CfbztZfX
26401,5361,LM35i47RkadV
26420,5362,A5hSP#pR#x4d
26420,5363,5kmXXDSMYKts
26450,5364,UgT9GVKqg622
26452,5365,dqr57V5hvLNY
26452,5367,3BkWaYHVkiHx
26453,5368,oEbwvAVyJDA3
26460,5370,K35CqFL3UqK6
26505,5377,D4qn9Mcrt3jS
26517,5396,Zz6qBj9RP#Fj
26517,5398,zxyA@EvyFkr7
26532,5404,BC47hvdMKoZg
26532,5405,EdnhpwtXhUoT
26532,5406,wf9LASYWxZ7x
26532,5407,huwwDLsycepR
26532,5409,qoa3xwHjHCpH
26533,5410,L4sgXTRv@n2r
26533,5411,nFfc@QpLsvWy
26534,5412,wG3L7zkVAg6m
26534,5414,U9LGFHQmnJCc
26540,5416,pGsG63D2SLxg
26614,5476,vnMCUZ2PBwAW
26640,5495,qkSXUzr@hKUQ
26650,5497,9Q5KfBYAESSV
26670,5499,tVeu#D9Yy9sY
26670,5500,LJDPEorMe5#f
26670,5501,ABMV9D6KU4@A
26719,5506,YkVbrm3CXDkC
26729,5507,5RhVhcatwuLD
26729,5508,nJhrV@QnV#MZ
26729,5509,#HeE5kzuXLGk
26736,5510,5dw46cKgTQqh
26737,5511,FpAwj3uu6qrJ
26740,5513,LB2byUMJcUnu
26748,5514,PR@kdfdcbLk5
26750,5515,qz2VRoCe2wfb
26764,5516,z#H#rsHnWTH4
26764,5517,v2SfBaNpKtWn
26766,5519,zTAirux5Za@@
26766,5520,C9GM2hui5z2c
26766,5521,vUsdAwTqbCaf
26766,5522,kEz8#Qd5zZj2
26768,5523,n25TbhUZfDAt
26788,5524,LCkjh@B#UXH7
26790,5525,u4u7cY8csZSP
26790,5526,XMbrPp@W3JsZ
26799,5527,cWZF8wpHXAp8
26809,5529,L3X2C39GzZZb
26810,5530,U2M7uduxwB5v
26820,5531,8UJFQP6SmUd6
26825,5532,K6eEPJgCDxZp
26830,5533,L#b4PKegueWU
26834,5535,gakcAMrrbtma
26840,5536,fDtypFEgJ2zM
26840,5537,fvFGzAb2Mz66
26840,5538,CVKE59oWadSa
26843,5539,KKiWesN@Au9k
26860,5540,spJ4nH8GuMQu
26860,5541,4JoDA5v9Vm73
26860,5542,d3DQnrpQt3Lv
26862,5543,3Qt@i77wYkeb
26875,5544,fqxDB#CkV88Q
26900,5548,hdcYtyBqvSnf
26950,5549,87yhCG2H4UFq
26950,5550,p9bJVjTiY3t3
26950,5551,PucTVZASaq6Z
26954,5552,@jafJV@ZWeo2
27013,5555,Ji3dngpHcVT7
27013,5556,AmeYm3kL6SAK
27016,5558,EVVkBUo7Frsq
27016,5559,fTXsx8Te#2BZ
27018,5563,RgeGow6ktezJ
27020,5564,RABhbU#KuLw4
27023,5566,PhSa6#BkEcHh
27040,5567,UpoCyTqUH5iY
27050,5568,qRixSxw6bQk#
27050,5569,hTexXoof8pEf
27053,5571,r@5ucMaqoPqc
27053,5572,S6#vWeXxH@po
27054,5573,#CZAAo@Nd#Mi
27054,5574,tLSMHV22#RtW
27054,5575,aqb6PwtCbJKe
27054,5576,dKTf7CcwL#sB
27054,5577,fXkTAhTYSCbX
27056,5578,YA8qdfSRMk@7
27058,5579,9XxKjj4AZzjQ
27058,5581,dtzZZyWFf#u6
27073,5582,DvJSeiDwBjQw
27080,5583,d2zgYLeLPTsS
27085,5584,ocdvez7#WSbb
27085,5585,WtpuENMLvP@d
27086,5586,cwuiUi7DurPW
27086,5587,fowXdmR#P3LY
27086,5588,7UDF2dFFL6oM
27086,5589,8bfVRgMd6#M2
27087,5590,@VrkMXN4mzxV
27087,5591,yGeeWu5SRAXQ
27087,5592,yBdxjNd2SkYm
27087,5593,AiqRWhwZXKB9
27098,5594,hSBXW5UN6axR
27100,5595,gUPt3DzR#tgb
27100,5596,t@HZ@34AvJzM
27105,5598,phW4iBeE9iUq
27105,5599,8@@R3BEtdoBh
27106,5601,QLEXmDe5DKYF
27110,5605,kYoQNwcY6Fhj
27110,5606,cz8XH6nVYWBh
27110,5607,gSFwEi8Gjvm2
27119,5608,ukmtm3Nhk@26
27120,5609,WocAWni74Eun
27120,5610,iRdMVDAM7J3x
27130,5611,7UpWLUUgvXXP
27140,5612,7EK3HdyZNWnM
27148,5613,xRqz3upbCiHN
27199,5615,#mGZofqSeFHk
27220,5616,86neuq@bcTT9
27230,5617,7RrAh4wgNJFZ
27240,5618,WpWpZo9ZWkcY
27258,5620,jA65mmxfzd#Y
27265,5622,DziL@DYquQCm
27270,5623,rWGQkYB3zx5J
27270,5626,FWLWjckTDwNp
27270,5627,pwkZNh29pvuj
27272,5628,EhKm65yrBMCX
27272,5629,bTSWE@ztaDSW
27275,5631,P9h6PhCwEpM9
27277,5633,ee7@ovQ6eiKH
27277,5634,WvKT24NRmy#V
27290,5635,yB4DB#9PqpEi
27293,5636,D5pPaMaFy8ap
27293,5637,XNfmkkhPqqgj
27294,5641,nxvjX4c8W3zW
27294,5642,a7Pv77YqHA3b
27297,5643,WcgywtDabuWi
27297,5644,JKwsdfViwfyG
27298,5645,WaxNinQ9Coyq
27299,5646,w2bkFpxGKWCD
27309,5647,9EotbojQ2Cjh
27310,5648,tmfZF8xSa4NN
27320,5649,F36#2paUKuxo
27338,5651,jGnZ5hM@Cz98
27340,5652,3bs8YT3MMkjy
27357,5654,a6QNVt3ZtdFW
27360,5655,#Upbq5yQF57u
27360,5656,iYFNb8nqrjzX
27370,5657,BTtN@3dphgfe
27376,5658,Wi5ZrfonrH6y
27380,5659,pzJ2Tpwnj8V4
27380,5660,K@#UH4YK3pxy
27390,5661,74cyi5mZRp5T
27390,5662,6qxKk4QyGuNH
27400,5663,A7E4f2erPY4B
27400,5664,FAknNDraz6nb
27400,5665,mAPFHz78bRuJ
27412,5669,X3pT4uqAJ9JW
27414,5670,wBtHoViad43p
27415,5671,Bz2ca#CpBUtd
27415,5672,@iugEatu2htk
27420,5673,cPhVS7FmNrdL
27420,5674,V8#ESrxUWG4V
27430,5676,ZSsBs3MTMzAu
27434,5679,AinK2JWodXhR
27442,5684,jcY7AchgNGDv
27442,5685,q89@9@JnNUF3
27442,5686,5Rgz9ZAuerD3
27442,5687,MMt5LAnWX8@E
27442,5688,ypuhihgqe@hh
27442,5689,MnCbZVCUwQt7
27442,5690,pPY2GpZ9TSJ5
27442,5691,9PUL2H@Xt4iC
27443,5692,aKZWyyZZ4zoA
27443,5693,sr#R3h85L3F2
27443,5695,MhsTb7Xxk7oc
27443,5696,3wXs@KHq2@kQ
27444,5697,a5yt#EebGVfL
27444,5698,XjL8#FKMa5R#
27444,5699,bu7PKj2Ti3hR
27445,5700,#WsWXbQXLdBn
27446,5701,gQLy7gYgwbhd
27446,5702,TfmTay2N@foG
27446,5703,dnwWiqqvqxmv
27446,5704,KLcb9xxSjUDa
27446,5705,jURqfG2gL8U3
27447,5706,UMoHx#H2GXAM
27447,5707,uX5cyARdV8p9
27447,5708,p#q@@yijfdBr
27448,5709,2WqPTaEKhqG8
27448,5710,gMw3RAaZC6bu
27449,5711,Z7no4xTNAxAU
27449,5712,hd4ZDjUvWJCY
27449,5713,niM2gcfTLwMN
27452,5714,4xhigUzEaYm#
27456,5718,#mXjNH36psAt
27456,5719,tTuNFMyr5LYp
27457,5722,K8T2PTRS3@Jp
27460,5723,BtKVNee5FHEc
27460,5724,WFifWwT7qpph
27468,5736,PYAjtfFnQHQ2
27470,5737,uivHq#pEL6E6
27476,5739,xDAyE5fJMbTp
27477,5743,HGbdLKfjeNad
27477,5744,kA2HrV2PbXmM
27478,5745,hgZNG6tVuCzW
27480,5747,@xvYf#eVCV5R
27480,5748,pjZC9zqoQ6AZ
27480,5749,hyVy8v@J4Ywi
27487,5752,FuwUuVmJTX5U
27487,5754,JMSGQUZ6mxA4
27488,5755,r7NK3REiG92S
27489,5756,#qhMU6CEBpUs
27489,5757,HcoJBArKXPBC
27489,5758,a#dikKKfgvGU
27489,5759,WmzdG2qL33Ja
27489,5760,6t84oHuqAjBb
27489,5761,QM@Pb5BKZKn5
27498,5763,YvVXH22DEr#h
27518,5768,DzcJZWP6NBcG
27545,5774,A3i2QXHYVByM
27545,5775,xULXjGY687cJ
27545,5776,X7vsaeKiQ5Co
27545,5777,GhZ@h7uZim5S
27545,5778,SBBwsyWeaXNC
27550,5780,47WaEsamuuYZ
27610,5782,8esDjuQ8madQ
27625,5785,P2dPK42RWkxZ
27642,5787,jXn4gSLUVN8V
27642,5788,xb7PNaAwwbR3
27642,5789,evYFhW8wPx3g
27642,5790,xowEXYF6ePe4
27642,5792,zLrfJ7XBwXxM
27642,5793,tU2QG2eThwc6
27643,5794,iq6zxMRtseXC
27643,5795,S4TnSLoWnBVq
27644,5796,E@9vN3AhMyWi
27700,5799,PBSygtVKhYAH
27700,5800,pKX@YY3zNSse
27700,5801,TMeqPkXMQsu5
27700,5802,VNsvHzgCigwR
27750,5803,K@paUbKz5JLd
27810,5805,bvHMfvCAYzdS
27810,5806,oP55gePxEwu8
27810,5807,BD#p3CCpK#cA
27811,5808,5eLrmngHwn9E
27811,5809,2Qt2dZRaJE@a
27811,5810,KovimMGnnA#F
27812,5812,DuMqxyNshYRw
27820,5813,2M63Gm4zW74G
27830,5814,gSFg3W92z8g3
27830,5815,czbzpdkdH3DD
27838,5816,jMTRMEYYSCtZ
27838,5817,s33hVPhVo6E5
27845,5819,T2nNpfJRWttA
27845,5820,k@FP@CsHTS#L
27845,5821,VVEFPHQT9QsZ
27848,5822,uq6s6@uextS5
27850,5823,UM2vMg5@9Co7
27850,5824,oxdeUycF83JX
27850,5825,YGeZJkvUFcUD
27860,5826,3VEqeNi74CtT
27870,5828,QkmdWG8gFBpi
27870,5829,nV#BeU#zzm2o
27880,5830,XqtNDPjjMnJE
27890,5831,rqBSu7QJ8eZL
27890,5832,9owRHWHSz46n
27902,5833,JqACKxggicU4
27904,5834,m7qz9S5snBtv
27904,5835,ZwEM59CE4vnt
27904,5836,C6RAnXtVgjk4
27905,5837,Fi@cMEXzvy8b
27906,5838,fRg4EpuXKVDw
27906,5839,9zTEvZ7MfW4H
27906,5840,dFaDLhiQo33J
27906,5841,zDF5kv9fstXe
27906,5843,2m2vmjW9pskJ
27907,5844,VAeZLV7jRGWY
27908,5845,Hi6#rM3SdEQ#
27911,5846,F@jEvugzDBuk
27916,5848,TecMTtivBiXG
27918,5851,LF5pwTDuRDZw
27927,5866,rZXrGJ3XovwA
27930,5868,eXNr7hW4Gvai
27945,5882,CULMqLLb7QuR
27948,5889,JTyoyn#zhe5J
27950,5890,9tUjxWzortnV
27954,5897,W@N5LUkRB8aN
27955,5902,Sk6h3WW8xa4b
27955,5903,Wf#S#F8tqq6g
27955,5904,w559fVFmejnY
27957,5906,TbLrS@ax#A6R
27957,5907,fEb47tjChpy3
27957,5908,WwJxpHxo77Dq
27958,5909,mrowJAFqs2p3
27958,5910,9FbJocfSAnQb
27958,5911,wfriVdJvMTD6
27958,5912,3t3xZFymz8Yq
27970,5922,Xdt8LuVco@F4
27970,5923,V3AV@W6k#sL#
27970,5925,5ucrGqM4qmPd
27980,5930,4D3wXcnp8Wj7
27983,5931,ng7rSnz9So#K
27984,5932,DAdJC3AC2Q4G
27984,5933,dJ@x99zE3j2g
27984,5934,#y32exuiAhcZ
27985,5935,aapSNdvje3DV
27986,5936,i7UEVys6zSvM
27987,5939,GosoqgwxgBk7
27987,5940,XMAjjShsy@SU
27987,5941,BqwGZb4JAqBP
27987,5942,H2yx43365LC@
27987,5943,cMMEY29zqBUA
27988,5945,a9jii48oFfxE
27989,5947,xUChkDisF8n9
27990,5948,UaEZu5RbA4d5
27992,5952,#YqcaKK2NHA#
27993,5953,ympGh5n#yXoR
27993,5954,vo#pR8p826Pi
27996,5958,yR8Bk8K2rSqr
25016,5959,d#iYeRw5YW2#
25019,5960,@swuPLLMzYoK
25019,5961,2trSMCXbFBVq
25023,5962,XT8xmG5E65NG
25065,5963,9E96wz3Z2CK3
25075,5964,u7TqLvgAt2#n
25083,5965,37F3RQNtnnpD
25084,5966,e8AC#7g5FGxg
25085,5967,HPmUb9@qxN7R
25086,5968,NDFdmGhvVpeG
25087,5969,XZtuRUZNz6sW
25093,5970,vmBL7gP3c4aj
25094,5971,#CS4YHTTK3QU
25096,5972,J7eeXvJFS56k
25117,5973,sUJNvgwBbJCc
25117,5974,kA9g6iNfayTe
25117,5975,tUZquiSyBCEo
25117,5976,otqc#23@fyiA
25123,5977,kNAJgkpvDhtK
25123,5978,AvdxC8dFkGmf
25124,5979,rQTP66rALKuC
25124,5980,bQ3YuBDw@2CN
25154,5981,xvBoJT4@#BYk
25167,5982,RUqwJgoYG5Ww
25193,5983,S92DeHNxUfhn
25200,5984,aaFo9cABsH3W
25200,5985,4e29vGWdsFzC
25204,5986,bc4ZmyDe7#eY
25204,5987,LkPkJSwe3Uqw
25204,5988,AAXPXtTNUmha
25204,5989,NpZ#JgDPYVV7
25207,5990,@KpUZt9z9seE
25207,5991,yAe#HikT#vDg
25207,5992,95k8JStSwpTX
25208,5993,roSKAoyc5W3J
25209,5994,fAMtposYYBq6
25209,5995,4kHRx4zvPcC5
25209,5996,oRJFtHcxLbq@
25209,5997,R#9LPWknbuaR
25209,5998,sqv3ZL6iUu3X
25209,5999,dzqaX@mqdgtQ
25209,6000,zgBtRnoCC2Ta
25253,6001,KFv8A7@Cqdy@
25260,6002,nK3HkXdS2dvK
25279,6003,5ebos82SJWev
25293,6004,BiBdXmbodhVH
25293,6005,7PZf@Y2q84GR
25293,6006,UT9o4m@kPomu
25297,6007,dv6rM5gVf5sW
25298,6008,ner4JAuEGzSc
25298,6009,LtqX5wsiyD6Q
25298,6010,S5zDccswS7s4
25298,6011,@nFM4PgXq3EM
25298,6012,C@ViwRQgFA29
25298,6013,VyDFmC8jUZ5c
25298,6014,qc@tdYAQi8au
25298,6015,5BN37LigUJUu
25298,6016,FFv@utyUaqxs
25301,6017,SyWB8c#TLcXw
25302,6018,N8BKKpV8CX9z
25303,6019,8xF@o586j8ia
25304,6020,NnPS6G3759GG
25310,6021,ybSYg5M2#Eo@
25310,6022,pgzyXy3pEWRr
25316,6023,24waCYPKRJHT
25317,6024,zdKWKjVgBBns
25318,6025,43yDE#2fJqhz
25321,6026,Gt3uz4gNynkZ
25322,6027,r8udxEZxqEDQ
25325,6028,ovtxMMWjp43v
25326,6029,ykJ4HszzMi4u
25330,6030,was3aLpGmX8b
25337,6031,vgbAY8bpYRaF
25343,6032,htWo7U2SDRnN
25352,6033,tHQchyVPbiGa
25352,6034,r56Jzo5ZWsbe
25354,6035,2SyMQrM92L#u
25354,6036,f6nTAj86xDe6
25356,6037,nvp4jKXqzzSA
25356,6038,iXEAvqD4gNii
25356,6039,hc3eFDodEDUQ
25356,6040,a2LP2Nd6N6df
25357,6041,x7nZ5AiygtEY
25357,6042,ZnKqjrhKKXDL
25363,6043,qLyf6zw7E4#q
25363,6044,e743gKpTD6pk
25365,6045,tkvsCazdJJwq
25365,6046,B8sQwzr5WuBJ
25365,6047,vNiZmEHZRZ#x
25366,6048,bVN3hJJRL6dD
25367,6049,dAM4CpFAvMky
25367,6050,FKD6QGfgQgHn
25369,6051,YCitH4Bft@ee
25372,6052,vcsSb3Lm@Mrf
25373,6053,trFSiupG6JQf
25376,6054,WJSqhtvt73Cs
25380,6055,5omJiU5D2nar
25380,6056,oMhxvkcAoGQu
25382,6057,SuXoovw7ximq
25386,6058,PhKwNNY7VYiB
25387,6059,4akBeucqnN8P
25393,6060,sTVwx5BKs8SK
25398,6061,Sxc3vENYniYY
25406,6062,W5HuKtGKKBB@
25413,6063,2jywHrHTKY9M
25413,6064,eoUNB48uMcc#
25418,6065,gD#3dAtFLZdy
25419,6066,qo4AB5c6pmMe
25428,6067,#kuPH69Gye7q
25431,6068,PwwMWGKzF6p9
25440,6069,8bGw@J#rGSpN
25440,6070,sZHkeuV8HooD
25446,6071,THnFdJ2oXkNP
25463,6072,CtMcrmbubR2L
25490,6073,qEKGrAaU6epW
25494,6074,5s4qP8TURygB
25495,6075,MX#MCThaV3Y9
25522,6076,T8tmAQSyLpv3
25550,6077,JrmBdD8y5vkL
25554,6078,CjH5DuSC8Fr5
25554,6079,K5SgaFMcyg6t
25554,6080,XBiDciK#qav@
25554,6081,BES#MGdQBKw@
25554,6082,mSAuwgGNnsZz
25554,6083,@sk2JXdXCcbr
25555,6084,e7Lq5wysmYhU
25555,6085,wUDHjqAZLPWR
25555,6086,J5rt@BwWoiPe
25555,6087,Y6dLz9tUCJeA
25555,6088,chgEzcw9pn2#
25555,6089,S74Q#fDNTaD8
25580,6090,Cik2Lx24T6XW
25587,6091,wyZaxyxjmn6B
25618,6092,FcfyhuemwR3F
25628,6093,ZWGqxBTev6Du
25640,6094,7c#exdyo6PyZ
25643,6095,nuZm4vaoRst8
25644,6096,6WANZfqC7GBq
25724,6097,pXRC7B5cxndR
25725,6098,h7PqYWtu5VnD
25730,6099,j2yDwH#DdZNz
25730,6100,bNCdsMQHndLa
25730,6101,6eeRpw2FJvkc
25734,6102,QBqxM#8@ZUdF
25740,6103,r8yifJWD@yyC
25750,6104,9NSSQEnfJqZm
25760,6105,Yy8mb7cj7dRR
25790,6106,hWaAnR3zH6Bk
25790,6107,aM9Bt2YS9Vzs
25793,6108,UjZ78hV77@k3
25800,6109,P7sp6jdu4Ro6
25800,6110,eYE5JZa2V2ad
25802,6111,BzJWdj4Xz2kb
25803,6112,ZMzhaNBN5PvU
25804,6113,cNxsaEx23puy
25805,6114,4xJjCeEM#Bum
25810,6115,MKwScdEz7HPG
25843,6116,x#TEKj@7sCva
25844,6117,whjAW8U7Y6EQ
25846,6118,i#5TjvBYbgtz
25850,6119,QwPGKsGoocwS
25853,6120,xvqTHWPdFywp
25860,6121,kFFNYgno8@bK
25865,6122,6bogSXHEjEuB
25865,6123,MpBSiJ@TskCM
25866,6124,fE7gzzghoJbh
25877,6125,y6F3LCm2r75F
25878,6126,kZtfRQAxiwqE
25879,6127,pxcqwzcWn35x
25884,6128,Eb9o7b7#7i9e
25894,6129,JqJjMwG9iCiN
25897,6130,Ykp2dtAj25kr
25902,6131,3aoD2aswCsd7
25902,6132,MiVTZ8mYWADr
25903,6133,VeQZXxFJj6Es
25903,6134,6ErSSqMcHnKb
25904,6135,ssgJEycqEt2V
25905,6136,pxx8J9m9anDN
25908,6137,2iyN4NPZe2nd
25910,6138,2kigrAJLSXDG
25913,6139,NiuQgG4UePcA
25913,6140,G3nJtkud@ajK
25914,6141,mmQoc4TP8j#L
25915,6142,JbL4v6avHfBv
25915,6143,U4bittaT3Dmy
25915,6144,MGg4yAFe#w2N
25917,6145,KfwQEGtpDgYN
25917,6146,6RXaEW6XadhX
25918,6147,KbfH44uLMc@B
25925,6148,ACjRnrsdW2hg
25925,6149,KnARnP39txPj
25925,6150,GXxq#AMZ5y86
25925,6151,P32UiTjB7Koa
25927,6152,Ni8XPgtmZHHC
25927,6153,qKbD8pAXzi4w
25927,6154,RAwEc88oXbxZ
25930,6155,AEb5YS8Hks@e
25930,6156,M#3sb9cXnHx3
25932,6157,SjPLZDv87S65
25932,6158,MnRTtznRMks8
25932,6159,JjGV2dAJZe8k
25932,6160,NNGPp4iUvHb5
25933,6161,6TgJ@wfV56hw
25933,6162,hp83aAjBzGix
25933,6163,FvZiQ99CzR4P
25933,6164,hPu#K9XvBx3b
25933,6165,ip4YGPN8HE8X
25933,6166,#Pa7jYNtUNGz
25934,6167,RmEVaAcNjrZz
25934,6168,b#HDTebz5x6c
25934,6169,DckhgCGLSpuZ
25934,6170,n#CNV3r6mqei
25936,6171,q2Sxa2vcrLSZ
25936,6172,m4tLCsQoyqYZ
25936,6173,ZSDFX97WBfrX
25936,6174,x46Z79wz#cea
25937,6175,WYY3sS4QbgQx
25937,6176,kpXEKSbGfuU2
25937,6177,erkhPqtv3cz@
25937,6178,@yeC5ycfMkN3
25937,6179,ZZyNdTWiBX@A
25943,6180,vNBmrBYiTUqj
25943,6181,gZXW5EJGZLRR
25950,6182,5nWMsNyM7Ebx
25952,6183,rCHnkpMM4BDw
25954,6184,KtXxW7zbHQYa
25954,6185,eBf5d4Yj6CGq
25956,6186,65xd#YZAMfoo
25960,6187,7HrKWQsD3dK3
25960,6188,wN2t5x2sXGip
25970,6189,5YaqTDC36qcN
25975,6190,ac6pqE2QVKkS
25976,6191,ckTGW9NPWNGa
25978,6192,gjQGiApDjPfP
25978,6193,AzzwDg7TSdoU
25978,6194,pdu9VRNa6vtn
25978,6195,iNdTZsQ9uFHo
25980,6196,E6uZR63vfbRw
25980,6197,eAvYVuF7MMPW
25980,6198,mzy73gnYJSDq
25985,6199,Ng6eADd2dd2h
25986,6200,gSYTbpcyCARC
25990,6201,KYNvL6MM9eZ6
25990,6202,daawZc#8S6AN
25990,6203,fnar6vuvYP9o
25993,6204,ngNTr2bEzhBF
26015,6205,Nh9wh#@xSxaA
26017,6206,99@BG42q#fXe
26064,6207,zy6MSd3eofYM
26064,6208,u68uUqmxJc42
26065,6209,TFrxxLGb4ThD
26069,6210,Kyk9PjmsKr2c
26069,6211,aQ7yCibyEE#q
26094,6212,kchRm5N5TSm@
26114,6213,xf8@U7MJMNDj
26119,6214,4hCxhAUKs2E#
26140,6215,FhqTuNR49B6N
26140,6216,UG4NDydBRdiS
26140,6217,bJDMvfGYsb3L
26174,6218,Gi8da9Vwh9ip
26180,6219,qpsFfjSxq5gr
26183,6220,nUKgwh9#z4LY
26183,6221,@j2Dex6m5jXf
26184,6222,ahMskKx3NS6b
26184,6223,nHeNfoB9ij86
26186,6224,ZzKNRGxy3f5A
26186,6225,UNvF9Q7p38CA
26186,6226,wrFvCyn9v74n
26196,6227,X9Hk5hR78ZVm
26196,6228,VT@hCKbaMYgd
26230,6229,KaYd5uuGD2VM
26230,6230,kWXNTekgo8bs
26237,6231,LBGzFKiy4A36
26240,6232,9wern3DTSBRU
26248,6233,HPFALGNwhs@Y
26260,6234,Ly@u53fjbXHu
26269,6235,Z7XXdSByb@Zw
26269,6236,ydP9L8#QXmv9
26284,6237,dB7XF6tfZPBw
26293,6238,U28g2q3f5ftD
26302,6239,aHKkxk#eyUWV
26302,6240,Bjq5hYkyKiF#
26304,6241,ohszzy#kSqcD
26308,6242,T6sTZzZf5U2g
26308,6243,8bRofDmFUQzv
26309,6244,tbwDF69iYusR
26309,6245,tAuyZQjHFqbp
26340,6246,LzZQfStEm6ih
26342,6247,yWPBSf88#dfP
26343,6248,wZ72TgWTNcTD
26344,6249,un7rNzAnh9GD
26344,6250,gFKhW764yMSi
26344,6251,@iPMp#Zpc@ai
26345,6252,auCpxGQsaBLE
26346,6253,g4i68KeZ769T
26348,6254,ZJvPHrhv#faZ
26356,6255,ot8@gvQxmAMt
26363,6256,XZrYxi5hzRv6
26363,6257,cokfKtsYdkV3
26370,6258,7KHjvgDbt5Wo
26380,6259,mbm52oHu7dXm
26383,6260,Y6wdppMTky3N
26384,6261,rWNRNs5o2cBf
26384,6262,Sj7sARSAU#yH
26401,6263,wfLxctmmFgtD
26406,6264,h27qpkdBXhES
26412,6265,EZghitAbi#@T
26416,6266,PkEDB7vEGnWE
26420,6267,CTUhwCBR8yAY
26420,6268,#D4CWEGmTGZJ
26423,6269,hkCrw2LEQXgR
26423,6270,DWM98kkXzCwW
26423,6271,G8ibvnZy9oA4
26431,6272,zjB7z#P7r3qK
26435,6273,5LjvyC2xS7zr
26463,6274,q4qVRnA@GZEq
26463,6275,kXbUbPfzMngd
26463,6276,UkhS7DshEZrs
26467,6277,FEELqFGfqQFp
26470,6278,x@9te2QWAzjk
26477,6279,NCsUNNh4bC27
26500,6280,DUVFStmiFuPN
26500,6281,98LskBrvnBCW
26500,6282,FaurYXM#X@GU
26500,6283,GYaEVHqVsbwk
26500,6284,VrX3ErqTepNT
26500,6285,x59s58kosShM
26500,6286,EyJ6kYHRFZxP
26500,6287,nw5vEqf2bQsk
26513,6292,xehqSP9DwHiN
26513,6293,3St5FVpgwXmW
26513,6294,J85Z3uSeMWFy
26516,6295,r4knKHu#hKCZ
26517,6296,kKabD8DUVkr7
26517,6297,RRNwTjj2@jBr
26533,6298,hYG6tbqyP6cm
26534,6299,ijYuK#wswSML
26540,6300,5nGrdSLJWWEE
26543,6301,v9cRMsFAShSh
26567,6302,jtEtSdd@2Jjo
26590,6303,iTK6252GNAai
26600,6304,b8F9fi2w6rpm
26606,6305,@c5avv3eCPZj
26614,6306,iSXo#mMvnnsE
26616,6307,SsWf4ZTzZWoH
26636,6308,fX72K6MsywSR
26640,6309,yBBdd@4Jh4An
26643,6310,FS8Hk8ob#TxZ
26643,6311,eQNhBGnGy8e3
26646,6312,fL@mntYKvHVm
26659,6313,y@XXgZZpZW#B
26659,6314,dcmPwgg5MWRK
26670,6315,MwosftpWn9JS
26690,6316,5Hmsv3bnAGTH
26695,6317,Pg7MazUF46gx
26695,6318,xwysHdEkZJLy
26700,6319,ms2fU2CNyEzP
26840,6320,@FtcBBLfwpT4
26890,6321,VHWXFz8HW3FT
26903,6322,Pi@YVVHx8B8u
26930,6323,hKLZE554Srqg
26942,6324,#xVn#KFap@#u
26943,6325,RiGL#5BzSTir
26943,6326,M7Db57Zm#FrF
26950,6327,2q8@MvWSZREj
26950,6328,z4bGQJncjXfy
26959,6329,6aiEn3wZr6xP
26960,6330,BveUvQN@m@2R
26964,6331,7@hJueH2eVPD
27013,6332,G9BWCB#WL2YR
27013,6333,cjbgoTFbMQHM
27016,6334,eBxRR29scj3a
27018,6335,6ctqRfcgj34u
27018,6336,ToL3bNsN9m45
27018,6337,GsB@rNzx7878
27018,6338,Q2jdiXhEKT@a
27023,6339,@#fuLMNmAbZ9
27053,6340,#5zLnnAGiixx
27053,6341,xCmYhQkZg7g3
27054,6342,ciLSa8u9QLjU
27058,6343,Bbxjrq8vpDUD
27073,6344,qUqtjrHChGji
27103,6345,KekXj2bHNKY8
27105,6346,upnDrAtyat6W
27105,6347,XJasNDfrHtD7
27106,6348,6xcYswMnLR3z
27107,6349,tBdXaLpWK3@c
27107,6350,9unsazhbDnoy
27107,6351,VdfEE23Do78h
27107,6352,8qz4BpbECHUa
27108,6353,@YE9F@jvgjfT
27260,6354,Q7SLLNKhcRxb
27260,6355,tYY9bYtg55bD
27270,6356,5tjttsoyuhN9
27277,6357,Yk99TVu4bMNB
27277,6358,gAA8FveEsBnF
27290,6359,sttuBSEPVDR7
27293,6360,EicbZYKMgnUh
27294,6361,uC5M2QU8TsqW
27416,6362,yW@MhAdYN429
27433,6363,rtPB97oUyvjd
27440,6364,o@F7TxngvuNr
27442,6365,4QGeseNhwWms
27442,6366,gsE@We4P2uq4
27442,6367,WVPryBd42FpH
27443,6368,@b2mTAFdSTCc
27443,6369,ozHArAgVndSG
27446,6370,SFn7GFu@9oXL
27449,6371,dd6zFCkLz6eH
27449,6372,hLttcZ3vz@sF
27457,6373,pNm6RvDRtNkE
27457,6374,qsNJZEg6KQTg
27460,6375,a@MFdKipQva2
27464,6376,X462tgkar5xp
27468,6377,sxiuSExKwXTR
27473,6378,JBg7Q#qGm#Qx
27473,6379,WEoSwuxj@ye5
27473,6380,@ZDAyiK3z#S8
27479,6381,HfDEfdi6Bt@Z
27485,6382,5BZveivqUuD#
27487,6383,nTPbsPyMBvua
27489,6384,eGXV8dKyDa6u
27489,6385,yg#Fz2V2ePjU
27489,6386,ASRjexrn7Dyd
27494,6387,EyPYANRjqwY8
27494,6388,fAeRJxzmhMMd
27502,6389,doroX8w@7gRx
27502,6390,SQJj68sbSurj
27502,6391,nMyP6KbQn@au
27502,6392,ZsGmzLas7Qdc
27502,6393,4SzH#rzVNx7S
27502,6394,eVk3TfS6HxEr
27502,6395,x#jCrAZ#hQH5
27502,6396,PTbfiWxUGFif
27505,6397,wKR8TKu3B9k#
27505,6398,8nx9prtY9TTe
27505,6399,Bc6GfVECCUg9
27505,6400,sco7N3sDJut9
27507,6401,FvpQJnpgQ4qT
27507,6402,kTrJsskpKLHh
27507,6403,dbaEV@wVsE2R
27508,6404,oD2Kmh87vDeL
27508,6405,PCvgQYpCaZ7i
27508,6406,3Yw88jHcDDd6
27508,6407,2C4y2#cdRNv5
27508,6408,x6tp3AS7u6b#
27508,6409,SJteY2cGBW47
27510,6410,Y#gnNCR88T4v
27510,6411,7AgLJcY6ubSj
27510,6412,Rj2wYPHubTgW
27510,6413,82weNujEZFvy
27510,6414,kzkqQJAffyte
27511,6415,4VUouLMw6r9w
27514,6416,YD3Zbi@@zw8h
27514,6417,V@wbnQKeD546
27515,6418,pfFUmecu4kY#
27515,6419,9YSQ@of8SsZE
27515,6420,AnJzN5X2YmQr
27515,6421,UuSPpoPMXjiC
27515,6422,4KeAwUHBNm@@
27515,6423,t9mYKn4zTUwW
27515,6424,6U2pv6ejKooK
27517,6425,6cBL@BnyhWBJ
27517,6426,xozwvYVLmDPw
27517,6427,TaVm7Gd3axCi
27517,6428,gzcMResVyhWN
27517,6429,U9xZEXmNPTtn
27517,6430,@dshRBk6MpZZ
27517,6431,S3Jo5#j2xRsa
27517,6432,bBauchzUEWmw
27518,6433,JkMYwMgr3ZVa
27518,6434,zuZYi3he@oDh
27518,6435,5D#a7Pf6imXd
27520,6436,3cSb7MroxcSL
27520,6437,6RvtdGrEydL#
27521,6438,49mXudALt@MC
27521,6439,m@WPniior9FR
27522,6440,KiQN58qzgcma
27523,6441,apidV#NAuYUc
27523,6442,vLo@6fMb8mwD
27523,6443,bMVjKt5xDujW
27524,6444,KRQiVxRWma55
27524,6445,4Txa5qhqwZ#y
27524,6446,7j7WccS89g#F
27524,6447,kpmXtrGxXx2R
27525,6448,hPNMoT6sPRQk
27525,6449,o2dHP6CMcCTX
27525,6450,fdmNb4KZLuLn
27525,6451,omebFctuHebB
27525,6452,9CAbJj3NMFKW
27526,6453,nw5GPMXWdxUV
27526,6454,RvLCvi5#7Nwt
27526,6455,yqe8DPZExQ84
27526,6456,kjD@s3y8qQjQ
27526,6457,n6noYyeYzf8M
27526,6458,BNrTSXo5hYvQ
27527,6459,Jqsb8R3#XBXs
27527,6460,7EXJkMMJd@Zu
27527,6461,VJHrYak@WSVz
27528,6462,ggjcBBN54dJZ
27528,6463,iYNCGSdwR65T
27529,6464,2B#4DPGxuRot
27529,6465,fDyt6WhD5mJK
27529,6466,HaMiui@cp35r
27530,6467,dBiTQ7nkQUbc
27530,6468,9AQySd9uggez
27531,6469,@CKgtmgKYquf
27531,6470,QZBr#KSRMdBi
27531,6471,9DFhsq7ruWSk
27531,6472,DY5V7ztVxUEh
27532,6473,7uZMED#@xK5h
27532,6474,q#3GE3mB7i5Z
27532,6475,CoDo5RKaQoon
27533,6476,odUUfAUZNKTk
27533,6477,LKc7KU#66k@T
27533,6478,mkyEQ35prbix
27533,6479,uDRqmPdCZZ5u
27534,6480,BqgCHU7Kb#yf
27534,6481,8YWfGAoVvket
27535,6482,cEkXTPZ8dQ5g
27535,6483,PuLPWkPzUt#n
27536,6484,Ezf#wGqEWMAF
27536,6485,xev8mD4o6Gym
27540,6486,L4BudHnq#PZN
27540,6487,t5yLazjxNnyt
27540,6488,VHrtytpM5n54
27540,6489,RPEXbZaCtvuE
27543,6490,aNqKTi8GB8pc
27543,6491,7sDUfmSEW8up
27543,6492,HUZRyDtRdy8o
27543,6493,UhSFGW7K2wv4
27543,6494,gCTnfcfJmopB
27543,6495,aqprmRMPx8S6
27543,6496,hnYLSmkMF3tt
27543,6497,jn6zV#3ZUdqY
27543,6498,oeL7GAisVmEW
27544,6499,DP2uKTXV8tum
27544,6500,WemqcpQS9vMa
27544,6501,neLDatw#UVgH
27544,6502,a7LyUByAh8Bq
27544,6503,tCf@ujVKyHwh
27545,6504,rZ7eUQae32MB
27545,6505,H8zChBnJXLdS
27545,6506,5ZmMGtjq7ivP
27545,6507,nUuLzG4GP#wM
27545,6508,oYFrgSRNfxC#
27546,6509,rfH43d3gbs@t
27546,6510,KuHoGegRUzRY
27546,6511,#wjCmP#THZ6s
27546,6512,q#mxXG7idKwT
27546,6513,8yGUMPUrPo46
27546,6514,kBJTc9ekUjuT
27546,6515,PYNjHzwoE6GJ
27547,6516,ViHV3BjdRWtd
27547,6517,gdXT2J5fzEDQ
27547,6518,LdVyKyxqjhuh
27547,6519,zpKTBaf@Gb4T
27548,6520,67Lc#Dn6z#Dp
27548,6521,Qktjonh6eWKG
27548,6522,Maoqnds6#zxv
27548,6523,fe@VtWFwZ6yJ
27548,6524,x9DBfSjPZXGN
27560,6525,#J@QewGYDAiL
27575,6526,YuvysAnjWnxj
27586,6527,ocVb#WVedAP8
27586,6528,siRtGHfKvi9L
27601,6529,EYJBXWbg#dY3
27601,6530,irDNJ4HuZU5F
27602,6531,i5S7DXSBCoxZ
27603,6532,i9hLLbpeA9et
27603,6533,ea8GesikAhQn
27603,6534,FLsCfTpcZw83
27603,6535,z@ZBtytPcrVF
27603,6536,66W7Z@AhYNXD
27603,6537,#iqz3wjak9SV
27603,6538,i7N96rtWFLM7
27603,6539,itNZ8fnXiWZ7
27604,6540,CT#2X7z9SvHF
27605,6541,zPWLbaJmyqGo
27606,6542,CBXprfYhstby
27606,6543,8QN4LCBPpsDT
27609,6544,CU4u9FaspeHZ
27610,6545,t5aeipQQB5Ad
27610,6546,RRKxk#GTvW6X
27610,6547,VLeuBG58cirx
27611,6548,7CRSA6o8fsqb
27612,6549,85JnmQzVGp8R
27613,6550,Usg5pryeWnxg
27613,6551,nfMRCgTLoZpf
27613,6552,6YJvigyQWyWS
27613,6553,ne2oia9G4WLD
27613,6554,tL8hfvF2@jkE
27613,6555,RSDCwhk#P7Ap
27613,6556,TnpZg6JeJWAn
27613,6557,yoHnxCBAEZfq
27613,6558,Rn8ve#xm32vk
27613,6559,P5enmJvqjERp
27613,6560,2EVY9#wmMwnb
27613,6561,6jDvBoSvP3gP
27614,6562,VyXB#8DhGf9t
27614,6563,WzrvqSbrrPM5
27614,6564,eo5TqKEsoK@q
27614,6565,8acAphY@Hb#N
27614,6566,ZJeABBc2cxf3
27616,6567,7Ja9EYWnoqu8
27616,6568,htQmMH5mennf
27616,6569,8Tj4bjG3Z#Mn
27618,6570,Wz3mntdo4K2V
27618,6571,zJqNroe58imD
27618,6572,r#67u45uiJJ#
27622,6576,sGzC6p6bDAPB
27623,6577,VTq33UEqxv8e
27624,6578,BA9D#gNPcGWS
27624,6579,MsNjgfEMi6y9
27625,6580,yiepegjUWKY3
27627,6581,6QPHL#4tXMid
27627,6582,pLGxA2KwD@vb
27627,6583,Gtm9ZP6wgnaF
27640,6584,HajwtW4N@S4Y
27650,6585,hYcCSrdg42q4
27652,6586,5CkF66p4GHiQ
27654,6587,oQep5y9Na8ve
27655,6588,nAK8uSmEAXhW
27657,6589,PKBi7D5YPRRa
27657,6590,czZoBdshPjFk
27680,6591,dHnhYcRw@X5g
27704,6592,hmhauqypfpxa
27755,6593,XYHzRnjNaoVN
27760,6594,6bPxB9#uEdD2
27800,6595,RKvkZxB6cPhz
27810,6596,yBkhc@9CeAqo
27812,6597,NDGy6AWpuBLs
27813,6598,MBHqEYfBfB9h
27823,6599,ovRXxqSK4pE2
27840,6600,dcwRCNigR@rf
27863,6601,mbacdLJ4BP9#
27863,6602,xVsjV7FAG5rA
27900,6603,nxGc7vnmkeg8
27905,6604,BQwU5i9Ezwof
27906,6605,6UEvd#C4yekX
27907,6606,gvWDhPaJB5Tb
27908,6607,AfBazZeRc5Lg
27908,6608,5fDzpN9pD8no
27913,6609,U2JPodYk7cZS
27913,6610,25wyEJH2H@eu
27916,6611,#7qwJ2GxwTLx
27916,6612,mzD52eu#f9tz
27916,6613,rUconVWTmjWF
27917,6614,ppAu4q3PGXU8
27917,6615,2awX3R4bpaK6
27918,6616,8HPWAmDos7Fa
27923,6617,ZTBc8v2he8XL
27925,6618,CJLEGz88A55R
27930,6619,DXZxxXvEnpWx
27937,6620,7ZVjqSuKT4S8
27950,6621,26PG354HK6Zg
27957,6622,f7JXKtfPYiTu
27958,6623,PrzFXHHnwLTE
27987,6624,xNDdyqpEd9Ue
27989,6625,XSANF2CDisf9
27990,6626,bsjMfFP5YdsD
27990,6627,Xh7TPyzk@udN
27990,6628,aE#Fhm9mp7uZ
27990,6629,PLKPiL7T#5BY
27990,6630,2yY2bhW@Qjqk
27990,6631,R2defrHLBQ#f
27990,6632,256Y9bbLCTVg
27990,6633,YxFJYuRS2XGh
27991,6634,BPCuBtZB5kQ7
27992,6635,Ur#oBmufNULK
27992,6636,gehovW5TZFRj
27993,6637,fchvRyNnaNet
27993,6638,Kg2jT2DL6eEU
27993,6639,Q5FagYP#hTS6
27993,6640,SsX8nWn9uiVJ
27993,6641,Lpbd3ef6hpYR
27993,6642,XWm2j@zz4rs6
27994,6643,NGPyb#fuGVZi
27994,6644,@mMZMfNq3Fxa
27994,6645,uCB@GyErZKtK
27994,6646,GmybdeWdvo7A
27994,6647,HnrbqDF3#ubC
27994,6648,a@g4py#QzPRK
27994,6649,JrEzpXxQRATR
27995,6650,pmsryxgPhwbF
27995,6651,sod7vW4wroVZ
27995,6652,JWNHcpA9eQTB
27996,6653,GqF9SeTb49tz
27996,6654,dtGW8hC846Z@
27996,6655,rB8kqHNmXzrx
27996,6656,BEXGYg93m5L8
27996,6657,cMgfhvTRKTbY
27996,6658,mjriP@2UB8Ef
27996,6659,gyagkD84cgCR
27996,6660,8VAJEhJ2UWd7
27996,6661,xjCLvAS4vktg
27996,6662,3h#vW7Q5N8WC
27996,6663,tEH2WGMAtx34
27996,6664,wk8mrQ9@9Bn#
27996,6665,2yPTT5opHR@g
27996,6666,yWjCRGwtinja
27996,6667,#mM5QreJ4gWJ
27996,6668,3wUptesC6sEu
27997,6669,ATeD9@ZyG5Wg
25013,6670,dtW2N@KcCBHK
25013,6671,WLRQfsBPi8qj
25016,6672,i@9288WaDDqT
25016,6673,mq4CgkWdd@Ba
25016,6674,qsGx#cqUgFiB
25019,6675,L3GP5edSM3Hd
25080,6676,6GWU4zznakAD
25094,6677,7qJVPyJG66dh
25115,6678,nrsyN5eDtzmD
25117,6679,PKx6xRr2g#5X
25140,6680,@nRQ4TLFsmQH
25193,6681,fzexNFY4qqsc
25204,6682,S8SitkacxiLb
25204,6683,Kis#Ze#WrEpS
25204,6684,YiT3z#Pi74XV
25204,6685,Vv4SSS#sbETx
25208,6686,6eevXufUfz2d
25208,6687,8K72kb#SKB9Q
25209,6688,oD23td5suT4f
25210,6689,bg6otEmSUgb4
25290,6690,4T#k6hX3X4Uj
25294,6691,9DUvaUd78@uH
25296,6692,kvhay4yX5Y65
25296,6693,ZCMBQr8hAx33
25296,6694,3kJBU4HZ4BLw
25297,6695,foT6UZsWm7tW
25298,6696,nPefXSXVjX58
25298,6697,dZvv5CsacXWc
25298,6698,FDMTVSFP2Gos
25298,6699,sj6ntp6STByP
25313,6700,J@S9GzJd9DwD
25334,6701,Zri8yX7MykoE
25356,6702,qCT8sqAvZnNp
25356,6703,qeZWjk9vp@dt
25500,6704,kzivkPoewE@b
25734,6705,xx@fXSEwTfvG
25800,6706,8dTmXVbhnE3q
25902,6707,6y2wu3ruwQBv
25902,6708,jXE@D89ouce7
25950,6709,92DPBy9CREGv
26176,6710,LVFvv5x96pu5
26350,6711,xq9oC9epKNyB
26450,6712,eLAWWgAgZgU7
27018,6713,X5LaAEZ38CRQ
27073,6714,P878kbfn9FT2
27940,6715,B#cXoG6K4FgH
27980,6716,nEddMjMPzUvU
27989,6717,J#q9q#vtwFEr
26284,6718,VgkFTxg6Dein
26284,6719,#fJU7it5RD9c
0,6720,w##ZjzzVqw23
