ID,Comentario,Tipo
1,Deberían ofrecer más descuentos para clientes frecuentes.,Sugerencia
2,Podrían mejorar la experiencia en línea con una mejor interfaz.,Sugerencia
3,La página web es muy lenta y difícil de usar.,Queja
4,No me gusta que el personal no esté bien capacitado.,Queja
5,Me gustaría que ofrecieran más promociones en productos populares.,Sugerencia
6,No responden los correos de atención al cliente.,Queja
7,El ambiente en la tienda es muy agradable y acogedor.,Sugerencia
8,El producto llegó defectuoso y tardaron en dar solución.,Queja
9,No responden los correos de atención al cliente.,Queja
10,Podrían mejorar la experiencia en línea con una mejor interfaz.,Sugerencia
11,Podrían mejorar la experiencia en línea con una mejor interfaz.,Sugerencia
12,"El sistema de turnos no funciona bien, deberían optimizarlo.",Queja
13,Me gustaría que ofrecieran más promociones en productos populares.,Sugerencia
14,"Me encantó la atención que recibí, fueron muy atentos.",Sugerencia
15,El servicio al cliente fue muy lento y poco amable.,Queja
16,Sería útil que agregaran un chat en vivo para consultas rápidas.,Sugerencia
17,Sería genial si agregaran más opciones de pago.,Sugerencia
18,No responden los correos de atención al cliente.,Queja
19,El personal debería recibir más entrenamiento en atención al cliente.,Sugerencia
20,La página web es muy lenta y difícil de usar.,Queja
21,Sería útil que agregaran un chat en vivo para consultas rápidas.,Sugerencia
22,"Los tiempos de espera son excesivos, deberían mejorarlo.",Queja
23,El servicio al cliente fue muy lento y poco amable.,Queja
24,El personal debería recibir más entrenamiento en atención al cliente.,Sugerencia
25,No me gusta que el personal no esté bien capacitado.,Queja
26,El servicio al cliente fue muy lento y poco amable.,Queja
27,"Me encantó la atención que recibí, fueron muy atentos.",Sugerencia
28,"Los tiempos de espera son excesivos, deberían mejorarlo.",Queja
29,La página web es muy lenta y difícil de usar.,Queja
30,El personal debería recibir más entrenamiento en atención al cliente.,Sugerencia
31,"La aplicación móvil tiene muchos errores, deberían mejorarla.",Queja
32,Podrían mejorar la experiencia en línea con una mejor interfaz.,Sugerencia
33,El servicio al cliente fue muy lento y poco amable.,Queja
34,Sería bueno que ampliaran la cobertura del servicio a más ciudades.,Sugerencia
35,El ambiente en la tienda es muy agradable y acogedor.,Sugerencia
36,"La aplicación móvil tiene muchos errores, deberían mejorarla.",Queja
37,El ambiente en la tienda es muy agradable y acogedor.,Sugerencia
38,Sería bueno que ampliaran la cobertura del servicio a más ciudades.,Sugerencia
39,Me gustaría que ofrecieran más promociones en productos populares.,Sugerencia
40,"El sistema de turnos no funciona bien, deberían optimizarlo.",Queja
41,"Me encantó la atención que recibí, fueron muy atentos.",Sugerencia
42,Me gustaría que ofrecieran más promociones en productos populares.,Sugerencia
43,El servicio telefónico es ineficiente y no resuelven dudas.,Queja
44,Podrían ampliar el horario de atención para mayor comodidad.,Sugerencia
45,Sería genial si agregaran más opciones de pago.,Sugerencia
46,La página web es muy lenta y difícil de usar.,Queja
47,"Me encantó la atención que recibí, fueron muy atentos.",Sugerencia
48,Me gustaría que ofrecieran más promociones en productos populares.,Sugerencia
49,Podrían ampliar el horario de atención para mayor comodidad.,Sugerencia
50,El producto llegó defectuoso y tardaron en dar solución.,Queja
51,El producto llegó defectuoso y tardaron en dar solución.,Queja
52,El servicio telefónico es ineficiente y no resuelven dudas.,Queja
53,Sería genial si agregaran más opciones de pago.,Sugerencia
54,La página web es muy lenta y difícil de usar.,Queja
55,El personal debería recibir más entrenamiento en atención al cliente.,Sugerencia
56,"Los tiempos de espera son excesivos, deberían mejorarlo.",Queja
57,Tuve un problema con mi compra y nadie me ayudó.,Queja
58,Sería útil que agregaran un chat en vivo para consultas rápidas.,Sugerencia
59,"La aplicación móvil tiene muchos errores, deberían mejorarla.",Queja
60,Deberían ofrecer más descuentos para clientes frecuentes.,Sugerencia
61,No responden los correos de atención al cliente.,Queja
62,El personal debería recibir más entrenamiento en atención al cliente.,Sugerencia
63,Me gustaría que ofrecieran más promociones en productos populares.,Sugerencia
64,La página web es muy lenta y difícil de usar.,Queja
65,El producto llegó defectuoso y tardaron en dar solución.,Queja
66,"La aplicación móvil tiene muchos errores, deberían mejorarla.",Queja
67,Tuve un problema con mi compra y nadie me ayudó.,Queja
68,El personal debería recibir más entrenamiento en atención al cliente.,Sugerencia
69,La página web es muy lenta y difícil de usar.,Queja
70,"Me encantó la atención que recibí, fueron muy atentos.",Sugerencia
71,"El sistema de turnos no funciona bien, deberían optimizarlo.",Queja
72,La página web es muy lenta y difícil de usar.,Queja
73,El personal debería recibir más entrenamiento en atención al cliente.,Sugerencia
74,La página web es muy lenta y difícil de usar.,Queja
75,La página web es muy lenta y difícil de usar.,Queja
76,Me gustaría que ofrecieran más promociones en productos populares.,Sugerencia
77,Sería genial si agregaran más opciones de pago.,Sugerencia
78,Sería útil que agregaran un chat en vivo para consultas rápidas.,Sugerencia
79,"El sistema de turnos no funciona bien, deberían optimizarlo.",Queja
80,El ambiente en la tienda es muy agradable y acogedor.,Sugerencia
81,Me gustaría que ofrecieran más promociones en productos populares.,Sugerencia
82,Podrían mejorar la experiencia en línea con una mejor interfaz.,Sugerencia
83,Sería bueno que ampliaran la cobertura del servicio a más ciudades.,Sugerencia
84,Sería útil que agregaran un chat en vivo para consultas rápidas.,Sugerencia
85,Sería útil que agregaran un chat en vivo para consultas rápidas.,Sugerencia
86,Deberían ofrecer más descuentos para clientes frecuentes.,Sugerencia
87,Sería útil que agregaran un chat en vivo para consultas rápidas.,Sugerencia
88,"Los tiempos de espera son excesivos, deberían mejorarlo.",Queja
89,Deberían ofrecer más descuentos para clientes frecuentes.,Sugerencia
90,Podrían mejorar la experiencia en línea con una mejor interfaz.,Sugerencia
91,No me gusta que el personal no esté bien capacitado.,Queja
92,Me gustaría que ofrecieran más promociones en productos populares.,Sugerencia
93,El servicio telefónico es ineficiente y no resuelven dudas.,Queja
94,"La aplicación móvil tiene muchos errores, deberían mejorarla.",Queja
95,Sería genial si agregaran más opciones de pago.,Sugerencia
96,No responden los correos de atención al cliente.,Queja
97,No me gusta que el personal no esté bien capacitado.,Queja
98,Me gustaría que ofrecieran más promociones en productos populares.,Sugerencia
99,Sería útil que agregaran un chat en vivo para consultas rápidas.,Sugerencia
100,No responden los correos de atención al cliente.,Queja
101,La página web es muy lenta y difícil de usar.,Queja
102,El servicio telefónico es ineficiente y no resuelven dudas.,Queja
103,Sería bueno que ampliaran la cobertura del servicio a más ciudades.,Sugerencia
104,El personal debería recibir más entrenamiento en atención al cliente.,Sugerencia
105,Podrían mejorar la experiencia en línea con una mejor interfaz.,Sugerencia
106,Sería útil que agregaran un chat en vivo para consultas rápidas.,Sugerencia
107,Me gustaría que ofrecieran más promociones en productos populares.,Sugerencia
108,Tuve un problema con mi compra y nadie me ayudó.,Queja
109,Me gustaría que ofrecieran más promociones en productos populares.,Sugerencia
110,El producto llegó defectuoso y tardaron en dar solución.,Queja
111,Deberían ofrecer más descuentos para clientes frecuentes.,Sugerencia
112,El ambiente en la tienda es muy agradable y acogedor.,Sugerencia
113,El ambiente en la tienda es muy agradable y acogedor.,Sugerencia
114,Sería útil que agregaran un chat en vivo para consultas rápidas.,Sugerencia
115,La página web es muy lenta y difícil de usar.,Queja
116,"El sistema de turnos no funciona bien, deberían optimizarlo.",Queja
117,Podrían mejorar la experiencia en línea con una mejor interfaz.,Sugerencia
118,"Me encantó la atención que recibí, fueron muy atentos.",Sugerencia
119,El servicio telefónico es ineficiente y no resuelven dudas.,Queja
120,"La aplicación móvil tiene muchos errores, deberían mejorarla.",Queja
121,El servicio telefónico es ineficiente y no resuelven dudas.,Queja
122,Sería bueno que ampliaran la cobertura del servicio a más ciudades.,Sugerencia
123,El personal debería recibir más entrenamiento en atención al cliente.,Sugerencia
124,La página web es muy lenta y difícil de usar.,Queja
125,No me gusta que el personal no esté bien capacitado.,Queja
126,La página web es muy lenta y difícil de usar.,Queja
127,No responden los correos de atención al cliente.,Queja
128,Me gustaría que ofrecieran más promociones en productos populares.,Sugerencia
129,"Me encantó la atención que recibí, fueron muy atentos.",Sugerencia
130,Sería bueno que ampliaran la cobertura del servicio a más ciudades.,Sugerencia
131,"La aplicación móvil tiene muchos errores, deberían mejorarla.",Queja
132,Sería bueno que ampliaran la cobertura del servicio a más ciudades.,Sugerencia
133,Podrían ampliar el horario de atención para mayor comodidad.,Sugerencia
134,No me gusta que el personal no esté bien capacitado.,Queja
135,El ambiente en la tienda es muy agradable y acogedor.,Sugerencia
136,No me gusta que el personal no esté bien capacitado.,Queja
137,Sería bueno que ampliaran la cobertura del servicio a más ciudades.,Sugerencia
138,Tuve un problema con mi compra y nadie me ayudó.,Queja
139,"Los tiempos de espera son excesivos, deberían mejorarlo.",Queja
140,Tuve un problema con mi compra y nadie me ayudó.,Queja
141,La página web es muy lenta y difícil de usar.,Queja
142,"Me encantó la atención que recibí, fueron muy atentos.",Sugerencia
143,"Los tiempos de espera son excesivos, deberían mejorarlo.",Queja
144,"Los tiempos de espera son excesivos, deberían mejorarlo.",Queja
145,Sería bueno que ampliaran la cobertura del servicio a más ciudades.,Sugerencia
146,"Me encantó la atención que recibí, fueron muy atentos.",Sugerencia
147,El producto llegó defectuoso y tardaron en dar solución.,Queja
148,"Los tiempos de espera son excesivos, deberían mejorarlo.",Queja
149,Sería útil que agregaran un chat en vivo para consultas rápidas.,Sugerencia
150,Tuve un problema con mi compra y nadie me ayudó.,Queja
151,"El sistema de turnos no funciona bien, deberían optimizarlo.",Queja
152,Sería genial si agregaran más opciones de pago.,Sugerencia
153,El ambiente en la tienda es muy agradable y acogedor.,Sugerencia
154,Tuve un problema con mi compra y nadie me ayudó.,Queja
155,Me gustaría que ofrecieran más promociones en productos populares.,Sugerencia
156,Sería útil que agregaran un chat en vivo para consultas rápidas.,Sugerencia
157,Deberían ofrecer más descuentos para clientes frecuentes.,Sugerencia
158,"La aplicación móvil tiene muchos errores, deberían mejorarla.",Queja
159,No responden los correos de atención al cliente.,Queja
160,Sería genial si agregaran más opciones de pago.,Sugerencia
161,"Los tiempos de espera son excesivos, deberían mejorarlo.",Queja
162,Deberían ofrecer más descuentos para clientes frecuentes.,Sugerencia
163,No responden los correos de atención al cliente.,Queja
164,Tuve un problema con mi compra y nadie me ayudó.,Queja
165,El producto llegó defectuoso y tardaron en dar solución.,Queja
166,"Me encantó la atención que recibí, fueron muy atentos.",Sugerencia
167,El personal debería recibir más entrenamiento en atención al cliente.,Sugerencia
168,"Me encantó la atención que recibí, fueron muy atentos.",Sugerencia
169,No responden los correos de atención al cliente.,Queja
170,La página web es muy lenta y difícil de usar.,Queja
171,El producto llegó defectuoso y tardaron en dar solución.,Queja
172,Sería genial si agregaran más opciones de pago.,Sugerencia
173,Podrían mejorar la experiencia en línea con una mejor interfaz.,Sugerencia
174,Podrían ampliar el horario de atención para mayor comodidad.,Sugerencia
175,La página web es muy lenta y difícil de usar.,Queja
176,El servicio telefónico es ineficiente y no resuelven dudas.,Queja
177,"Los tiempos de espera son excesivos, deberían mejorarlo.",Queja
178,El servicio telefónico es ineficiente y no resuelven dudas.,Queja
179,No me gusta que el personal no esté bien capacitado.,Queja
180,"El sistema de turnos no funciona bien, deberían optimizarlo.",Queja
181,El producto llegó defectuoso y tardaron en dar solución.,Queja
182,"Me encantó la atención que recibí, fueron muy atentos.",Sugerencia
183,No me gusta que el personal no esté bien capacitado.,Queja
184,Podrían mejorar la experiencia en línea con una mejor interfaz.,Sugerencia
185,La página web es muy lenta y difícil de usar.,Queja
186,Sería genial si agregaran más opciones de pago.,Sugerencia
187,El producto llegó defectuoso y tardaron en dar solución.,Queja
188,Tuve un problema con mi compra y nadie me ayudó.,Queja
189,Me gustaría que ofrecieran más promociones en productos populares.,Sugerencia
190,"La aplicación móvil tiene muchos errores, deberían mejorarla.",Queja
191,"El sistema de turnos no funciona bien, deberían optimizarlo.",Queja
192,El personal debería recibir más entrenamiento en atención al cliente.,Sugerencia
193,Deberían ofrecer más descuentos para clientes frecuentes.,Sugerencia
194,Deberían ofrecer más descuentos para clientes frecuentes.,Sugerencia
195,El servicio al cliente fue muy lento y poco amable.,Queja
196,"Me encantó la atención que recibí, fueron muy atentos.",Sugerencia
197,El servicio al cliente fue muy lento y poco amable.,Queja
198,Deberían ofrecer más descuentos para clientes frecuentes.,Sugerencia
199,Tuve un problema con mi compra y nadie me ayudó.,Queja
200,La página web es muy lenta y difícil de usar.,Queja
201,"Los tiempos de espera son excesivos, deberían mejorarlo.",Queja
202,El ambiente en la tienda es muy agradable y acogedor.,Sugerencia
203,Sería bueno que ampliaran la cobertura del servicio a más ciudades.,Sugerencia
204,Podrían ampliar el horario de atención para mayor comodidad.,Sugerencia
205,Podrían mejorar la experiencia en línea con una mejor interfaz.,Sugerencia
206,"Los tiempos de espera son excesivos, deberían mejorarlo.",Queja
207,Sería útil que agregaran un chat en vivo para consultas rápidas.,Sugerencia
208,El ambiente en la tienda es muy agradable y acogedor.,Sugerencia
209,No responden los correos de atención al cliente.,Queja
210,La página web es muy lenta y difícil de usar.,Queja
211,El personal debería recibir más entrenamiento en atención al cliente.,Sugerencia
212,El personal debería recibir más entrenamiento en atención al cliente.,Sugerencia
213,"Me encantó la atención que recibí, fueron muy atentos.",Sugerencia
214,El ambiente en la tienda es muy agradable y acogedor.,Sugerencia
215,La página web es muy lenta y difícil de usar.,Queja
216,"El sistema de turnos no funciona bien, deberían optimizarlo.",Queja
217,El personal debería recibir más entrenamiento en atención al cliente.,Sugerencia
218,Sería genial si agregaran más opciones de pago.,Sugerencia
219,El personal debería recibir más entrenamiento en atención al cliente.,Sugerencia
220,Tuve un problema con mi compra y nadie me ayudó.,Queja
221,"Me encantó la atención que recibí, fueron muy atentos.",Sugerencia
222,La página web es muy lenta y difícil de usar.,Queja
223,"El sistema de turnos no funciona bien, deberían optimizarlo.",Queja
224,Me gustaría que ofrecieran más promociones en productos populares.,Sugerencia
225,Sería útil que agregaran un chat en vivo para consultas rápidas.,Sugerencia
226,Sería genial si agregaran más opciones de pago.,Sugerencia
227,Sería genial si agregaran más opciones de pago.,Sugerencia
228,El producto llegó defectuoso y tardaron en dar solución.,Queja
229,El personal debería recibir más entrenamiento en atención al cliente.,Sugerencia
230,El servicio al cliente fue muy lento y poco amable.,Queja
231,Sería genial si agregaran más opciones de pago.,Sugerencia
232,Podrían mejorar la experiencia en línea con una mejor interfaz.,Sugerencia
233,Sería bueno que ampliaran la cobertura del servicio a más ciudades.,Sugerencia
234,El ambiente en la tienda es muy agradable y acogedor.,Sugerencia
235,Podrían mejorar la experiencia en línea con una mejor interfaz.,Sugerencia
236,No me gusta que el personal no esté bien capacitado.,Queja
237,No responden los correos de atención al cliente.,Queja
238,No responden los correos de atención al cliente.,Queja
239,No me gusta que el personal no esté bien capacitado.,Queja
240,"La aplicación móvil tiene muchos errores, deberían mejorarla.",Queja
241,Podrían ampliar el horario de atención para mayor comodidad.,Sugerencia
242,Me gustaría que ofrecieran más promociones en productos populares.,Sugerencia
243,El ambiente en la tienda es muy agradable y acogedor.,Sugerencia
244,Me gustaría que ofrecieran más promociones en productos populares.,Sugerencia
245,"Me encantó la atención que recibí, fueron muy atentos.",Sugerencia
246,Sería genial si agregaran más opciones de pago.,Sugerencia
247,El servicio al cliente fue muy lento y poco amable.,Queja
248,"Me encantó la atención que recibí, fueron muy atentos.",Sugerencia
249,"Me encantó la atención que recibí, fueron muy atentos.",Sugerencia
250,Podrían ampliar el horario de atención para mayor comodidad.,Sugerencia
251,Sería bueno que ampliaran la cobertura del servicio a más ciudades.,Sugerencia
252,No me gusta que el personal no esté bien capacitado.,Queja
253,Me gustaría que ofrecieran más promociones en productos populares.,Sugerencia
254,La página web es muy lenta y difícil de usar.,Queja
255,El producto llegó defectuoso y tardaron en dar solución.,Queja
256,Tuve un problema con mi compra y nadie me ayudó.,Queja
257,No me gusta que el personal no esté bien capacitado.,Queja
258,Podrían ampliar el horario de atención para mayor comodidad.,Sugerencia
259,Sería bueno que ampliaran la cobertura del servicio a más ciudades.,Sugerencia
260,"Los tiempos de espera son excesivos, deberían mejorarlo.",Queja
261,Podrían ampliar el horario de atención para mayor comodidad.,Sugerencia
262,Deberían ofrecer más descuentos para clientes frecuentes.,Sugerencia
263,No me gusta que el personal no esté bien capacitado.,Queja
264,El servicio telefónico es ineficiente y no resuelven dudas.,Queja
265,Sería útil que agregaran un chat en vivo para consultas rápidas.,Sugerencia
266,Podrían mejorar la experiencia en línea con una mejor interfaz.,Sugerencia
267,"Los tiempos de espera son excesivos, deberían mejorarlo.",Queja
268,Deberían ofrecer más descuentos para clientes frecuentes.,Sugerencia
269,Deberían ofrecer más descuentos para clientes frecuentes.,Sugerencia
270,La página web es muy lenta y difícil de usar.,Queja
271,El ambiente en la tienda es muy agradable y acogedor.,Sugerencia
272,Me gustaría que ofrecieran más promociones en productos populares.,Sugerencia
273,El producto llegó defectuoso y tardaron en dar solución.,Queja
274,Sería útil que agregaran un chat en vivo para consultas rápidas.,Sugerencia
275,El ambiente en la tienda es muy agradable y acogedor.,Sugerencia
276,"El sistema de turnos no funciona bien, deberían optimizarlo.",Queja
277,El ambiente en la tienda es muy agradable y acogedor.,Sugerencia
278,No me gusta que el personal no esté bien capacitado.,Queja
279,Sería bueno que ampliaran la cobertura del servicio a más ciudades.,Sugerencia
280,Podrían mejorar la experiencia en línea con una mejor interfaz.,Sugerencia
281,Podrían mejorar la experiencia en línea con una mejor interfaz.,Sugerencia
282,Deberían ofrecer más descuentos para clientes frecuentes.,Sugerencia
283,Podrían ampliar el horario de atención para mayor comodidad.,Sugerencia
284,Podrían mejorar la experiencia en línea con una mejor interfaz.,Sugerencia
285,"Me encantó la atención que recibí, fueron muy atentos.",Sugerencia
286,El servicio al cliente fue muy lento y poco amable.,Queja
287,No me gusta que el personal no esté bien capacitado.,Queja
288,"Los tiempos de espera son excesivos, deberían mejorarlo.",Queja
289,Podrían ampliar el horario de atención para mayor comodidad.,Sugerencia
290,El servicio al cliente fue muy lento y poco amable.,Queja
291,Sería útil que agregaran un chat en vivo para consultas rápidas.,Sugerencia
292,Me gustaría que ofrecieran más promociones en productos populares.,Sugerencia
293,"La aplicación móvil tiene muchos errores, deberían mejorarla.",Queja
294,"La aplicación móvil tiene muchos errores, deberían mejorarla.",Queja
295,El ambiente en la tienda es muy agradable y acogedor.,Sugerencia
296,Tuve un problema con mi compra y nadie me ayudó.,Queja
297,El producto llegó defectuoso y tardaron en dar solución.,Queja
298,El servicio telefónico es ineficiente y no resuelven dudas.,Queja
299,No me gusta que el personal no esté bien capacitado.,Queja
300,Tuve un problema con mi compra y nadie me ayudó.,Queja
301,"Me encantó la atención que recibí, fueron muy atentos.",Sugerencia
302,Sería bueno que ampliaran la cobertura del servicio a más ciudades.,Sugerencia
303,El ambiente en la tienda es muy agradable y acogedor.,Sugerencia
304,No me gusta que el personal no esté bien capacitado.,Queja
305,Podrían mejorar la experiencia en línea con una mejor interfaz.,Sugerencia
306,El ambiente en la tienda es muy agradable y acogedor.,Sugerencia
307,Me gustaría que ofrecieran más promociones en productos populares.,Sugerencia
308,La página web es muy lenta y difícil de usar.,Queja
309,El producto llegó defectuoso y tardaron en dar solución.,Queja
310,No responden los correos de atención al cliente.,Queja
311,Podrían mejorar la experiencia en línea con una mejor interfaz.,Sugerencia
312,El servicio telefónico es ineficiente y no resuelven dudas.,Queja
313,El servicio telefónico es ineficiente y no resuelven dudas.,Queja
314,"El sistema de turnos no funciona bien, deberían optimizarlo.",Queja
315,Tuve un problema con mi compra y nadie me ayudó.,Queja
316,Podrían ampliar el horario de atención para mayor comodidad.,Sugerencia
317,El servicio telefónico es ineficiente y no resuelven dudas.,Queja
318,El producto llegó defectuoso y tardaron en dar solución.,Queja
319,Me gustaría que ofrecieran más promociones en productos populares.,Sugerencia
320,Podrían mejorar la experiencia en línea con una mejor interfaz.,Sugerencia
321,"Me encantó la atención que recibí, fueron muy atentos.",Sugerencia
322,Podrían mejorar la experiencia en línea con una mejor interfaz.,Sugerencia
323,"Los tiempos de espera son excesivos, deberían mejorarlo.",Queja
324,"Me encantó la atención que recibí, fueron muy atentos.",Sugerencia
325,"La aplicación móvil tiene muchos errores, deberían mejorarla.",Queja
326,No responden los correos de atención al cliente.,Queja
327,El personal debería recibir más entrenamiento en atención al cliente.,Sugerencia
328,Me gustaría que ofrecieran más promociones en productos populares.,Sugerencia
329,"Me encantó la atención que recibí, fueron muy atentos.",Sugerencia
330,No responden los correos de atención al cliente.,Queja
331,Me gustaría que ofrecieran más promociones en productos populares.,Sugerencia
332,Sería genial si agregaran más opciones de pago.,Sugerencia
333,"El sistema de turnos no funciona bien, deberían optimizarlo.",Queja
334,El servicio telefónico es ineficiente y no resuelven dudas.,Queja
335,El ambiente en la tienda es muy agradable y acogedor.,Sugerencia
336,La página web es muy lenta y difícil de usar.,Queja
337,El servicio telefónico es ineficiente y no resuelven dudas.,Queja
338,El ambiente en la tienda es muy agradable y acogedor.,Sugerencia
339,"El sistema de turnos no funciona bien, deberían optimizarlo.",Queja
340,Podrían mejorar la experiencia en línea con una mejor interfaz.,Sugerencia
341,El servicio telefónico es ineficiente y no resuelven dudas.,Queja
342,El personal debería recibir más entrenamiento en atención al cliente.,Sugerencia
343,"Me encantó la atención que recibí, fueron muy atentos.",Sugerencia
344,"La aplicación móvil tiene muchos errores, deberían mejorarla.",Queja
345,Sería bueno que ampliaran la cobertura del servicio a más ciudades.,Sugerencia
346,El servicio telefónico es ineficiente y no resuelven dudas.,Queja
347,"Los tiempos de espera son excesivos, deberían mejorarlo.",Queja
348,El servicio telefónico es ineficiente y no resuelven dudas.,Queja
349,Me gustaría que ofrecieran más promociones en productos populares.,Sugerencia
350,Deberían ofrecer más descuentos para clientes frecuentes.,Sugerencia
351,El producto llegó defectuoso y tardaron en dar solución.,Queja
352,"Me encantó la atención que recibí, fueron muy atentos.",Sugerencia
353,"Los tiempos de espera son excesivos, deberían mejorarlo.",Queja
354,Tuve un problema con mi compra y nadie me ayudó.,Queja
355,Podrían ampliar el horario de atención para mayor comodidad.,Sugerencia
356,Deberían ofrecer más descuentos para clientes frecuentes.,Sugerencia
357,"El sistema de turnos no funciona bien, deberían optimizarlo.",Queja
358,Sería útil que agregaran un chat en vivo para consultas rápidas.,Sugerencia
359,No responden los correos de atención al cliente.,Queja
360,El personal debería recibir más entrenamiento en atención al cliente.,Sugerencia
361,Me gustaría que ofrecieran más promociones en productos populares.,Sugerencia
362,Tuve un problema con mi compra y nadie me ayudó.,Queja
363,No responden los correos de atención al cliente.,Queja
364,Sería genial si agregaran más opciones de pago.,Sugerencia
365,Sería genial si agregaran más opciones de pago.,Sugerencia
366,El servicio telefónico es ineficiente y no resuelven dudas.,Queja
367,Deberían ofrecer más descuentos para clientes frecuentes.,Sugerencia
368,El personal debería recibir más entrenamiento en atención al cliente.,Sugerencia
369,No responden los correos de atención al cliente.,Queja
370,El servicio telefónico es ineficiente y no resuelven dudas.,Queja
371,Tuve un problema con mi compra y nadie me ayudó.,Queja
372,No responden los correos de atención al cliente.,Queja
373,Podrían mejorar la experiencia en línea con una mejor interfaz.,Sugerencia
374,No responden los correos de atención al cliente.,Queja
375,El servicio al cliente fue muy lento y poco amable.,Queja
376,No me gusta que el personal no esté bien capacitado.,Queja
377,Podrían ampliar el horario de atención para mayor comodidad.,Sugerencia
378,El ambiente en la tienda es muy agradable y acogedor.,Sugerencia
379,Tuve un problema con mi compra y nadie me ayudó.,Queja
380,Sería bueno que ampliaran la cobertura del servicio a más ciudades.,Sugerencia
381,Me gustaría que ofrecieran más promociones en productos populares.,Sugerencia
382,"El sistema de turnos no funciona bien, deberían optimizarlo.",Queja
383,No me gusta que el personal no esté bien capacitado.,Queja
384,El personal debería recibir más entrenamiento en atención al cliente.,Sugerencia
385,El ambiente en la tienda es muy agradable y acogedor.,Sugerencia
386,La página web es muy lenta y difícil de usar.,Queja
387,Podrían mejorar la experiencia en línea con una mejor interfaz.,Sugerencia
388,Sería útil que agregaran un chat en vivo para consultas rápidas.,Sugerencia
389,"Me encantó la atención que recibí, fueron muy atentos.",Sugerencia
390,No me gusta que el personal no esté bien capacitado.,Queja
391,Sería útil que agregaran un chat en vivo para consultas rápidas.,Sugerencia
392,"El sistema de turnos no funciona bien, deberían optimizarlo.",Queja
393,"Los tiempos de espera son excesivos, deberían mejorarlo.",Queja
394,Me gustaría que ofrecieran más promociones en productos populares.,Sugerencia
395,Tuve un problema con mi compra y nadie me ayudó.,Queja
396,Tuve un problema con mi compra y nadie me ayudó.,Queja
397,El producto llegó defectuoso y tardaron en dar solución.,Queja
398,No me gusta que el personal no esté bien capacitado.,Queja
399,"El sistema de turnos no funciona bien, deberían optimizarlo.",Queja
400,El servicio al cliente fue muy lento y poco amable.,Queja
401,"El sistema de turnos no funciona bien, deberían optimizarlo.",Queja
402,Deberían ofrecer más descuentos para clientes frecuentes.,Sugerencia
403,"Me encantó la atención que recibí, fueron muy atentos.",Sugerencia
404,"Los tiempos de espera son excesivos, deberían mejorarlo.",Queja
405,Sería bueno que ampliaran la cobertura del servicio a más ciudades.,Sugerencia
406,El ambiente en la tienda es muy agradable y acogedor.,Sugerencia
407,Tuve un problema con mi compra y nadie me ayudó.,Queja
408,Tuve un problema con mi compra y nadie me ayudó.,Queja
409,La página web es muy lenta y difícil de usar.,Queja
410,Tuve un problema con mi compra y nadie me ayudó.,Queja
411,Podrían ampliar el horario de atención para mayor comodidad.,Sugerencia
412,Deberían ofrecer más descuentos para clientes frecuentes.,Sugerencia
413,Sería útil que agregaran un chat en vivo para consultas rápidas.,Sugerencia
414,No me gusta que el personal no esté bien capacitado.,Queja
415,Tuve un problema con mi compra y nadie me ayudó.,Queja
416,"El sistema de turnos no funciona bien, deberían optimizarlo.",Queja
417,El servicio al cliente fue muy lento y poco amable.,Queja
418,Podrían mejorar la experiencia en línea con una mejor interfaz.,Sugerencia
419,El servicio telefónico es ineficiente y no resuelven dudas.,Queja
420,"El sistema de turnos no funciona bien, deberían optimizarlo.",Queja
421,Deberían ofrecer más descuentos para clientes frecuentes.,Sugerencia
422,Deberían ofrecer más descuentos para clientes frecuentes.,Sugerencia
423,No me gusta que el personal no esté bien capacitado.,Queja
424,Podrían mejorar la experiencia en línea con una mejor interfaz.,Sugerencia
425,Podrían ampliar el horario de atención para mayor comodidad.,Sugerencia
426,El servicio al cliente fue muy lento y poco amable.,Queja
427,No me gusta que el personal no esté bien capacitado.,Queja
428,El personal debería recibir más entrenamiento en atención al cliente.,Sugerencia
429,Deberían ofrecer más descuentos para clientes frecuentes.,Sugerencia
430,La página web es muy lenta y difícil de usar.,Queja
431,Me gustaría que ofrecieran más promociones en productos populares.,Sugerencia
432,"El sistema de turnos no funciona bien, deberían optimizarlo.",Queja
433,No me gusta que el personal no esté bien capacitado.,Queja
434,Sería bueno que ampliaran la cobertura del servicio a más ciudades.,Sugerencia
435,El personal debería recibir más entrenamiento en atención al cliente.,Sugerencia
436,La página web es muy lenta y difícil de usar.,Queja
437,Sería genial si agregaran más opciones de pago.,Sugerencia
438,El servicio al cliente fue muy lento y poco amable.,Queja
439,El personal debería recibir más entrenamiento en atención al cliente.,Sugerencia
440,El ambiente en la tienda es muy agradable y acogedor.,Sugerencia
441,El producto llegó defectuoso y tardaron en dar solución.,Queja
442,Deberían ofrecer más descuentos para clientes frecuentes.,Sugerencia
443,El servicio al cliente fue muy lento y poco amable.,Queja
444,"La aplicación móvil tiene muchos errores, deberían mejorarla.",Queja
445,Me gustaría que ofrecieran más promociones en productos populares.,Sugerencia
446,Sería bueno que ampliaran la cobertura del servicio a más ciudades.,Sugerencia
447,El ambiente en la tienda es muy agradable y acogedor.,Sugerencia
448,Sería útil que agregaran un chat en vivo para consultas rápidas.,Sugerencia
449,Me gustaría que ofrecieran más promociones en productos populares.,Sugerencia
450,"Los tiempos de espera son excesivos, deberían mejorarlo.",Queja
451,Podrían mejorar la experiencia en línea con una mejor interfaz.,Sugerencia
452,Sería genial si agregaran más opciones de pago.,Sugerencia
453,"Los tiempos de espera son excesivos, deberían mejorarlo.",Queja
454,Sería útil que agregaran un chat en vivo para consultas rápidas.,Sugerencia
455,Podrían mejorar la experiencia en línea con una mejor interfaz.,Sugerencia
456,Sería bueno que ampliaran la cobertura del servicio a más ciudades.,Sugerencia
457,Sería útil que agregaran un chat en vivo para consultas rápidas.,Sugerencia
458,Sería genial si agregaran más opciones de pago.,Sugerencia
459,El personal debería recibir más entrenamiento en atención al cliente.,Sugerencia
460,"Me encantó la atención que recibí, fueron muy atentos.",Sugerencia
461,Me gustaría que ofrecieran más promociones en productos populares.,Sugerencia
462,Tuve un problema con mi compra y nadie me ayudó.,Queja
463,El servicio al cliente fue muy lento y poco amable.,Queja
464,Me gustaría que ofrecieran más promociones en productos populares.,Sugerencia
465,El producto llegó defectuoso y tardaron en dar solución.,Queja
466,No responden los correos de atención al cliente.,Queja
467,Tuve un problema con mi compra y nadie me ayudó.,Queja
468,El producto llegó defectuoso y tardaron en dar solución.,Queja
469,El producto llegó defectuoso y tardaron en dar solución.,Queja
470,Sería genial si agregaran más opciones de pago.,Sugerencia
471,No me gusta que el personal no esté bien capacitado.,Queja
472,El ambiente en la tienda es muy agradable y acogedor.,Sugerencia
473,"Me encantó la atención que recibí, fueron muy atentos.",Sugerencia
474,No responden los correos de atención al cliente.,Queja
475,El servicio al cliente fue muy lento y poco amable.,Queja
476,No me gusta que el personal no esté bien capacitado.,Queja
477,Sería útil que agregaran un chat en vivo para consultas rápidas.,Sugerencia
478,Sería útil que agregaran un chat en vivo para consultas rápidas.,Sugerencia
479,El personal debería recibir más entrenamiento en atención al cliente.,Sugerencia
480,Deberían ofrecer más descuentos para clientes frecuentes.,Sugerencia
481,"La aplicación móvil tiene muchos errores, deberían mejorarla.",Queja
482,El personal debería recibir más entrenamiento en atención al cliente.,Sugerencia
483,El servicio telefónico es ineficiente y no resuelven dudas.,Queja
484,"El sistema de turnos no funciona bien, deberían optimizarlo.",Queja
485,Deberían ofrecer más descuentos para clientes frecuentes.,Sugerencia
486,El ambiente en la tienda es muy agradable y acogedor.,Sugerencia
487,El producto llegó defectuoso y tardaron en dar solución.,Queja
488,"La aplicación móvil tiene muchos errores, deberían mejorarla.",Queja
489,Sería genial si agregaran más opciones de pago.,Sugerencia
490,Me gustaría que ofrecieran más promociones en productos populares.,Sugerencia
491,Sería bueno que ampliaran la cobertura del servicio a más ciudades.,Sugerencia
492,Podrían mejorar la experiencia en línea con una mejor interfaz.,Sugerencia
493,"Los tiempos de espera son excesivos, deberían mejorarlo.",Queja
494,El servicio al cliente fue muy lento y poco amable.,Queja
495,El ambiente en la tienda es muy agradable y acogedor.,Sugerencia
496,El servicio telefónico es ineficiente y no resuelven dudas.,Queja
497,Sería útil que agregaran un chat en vivo para consultas rápidas.,Sugerencia
498,El producto llegó defectuoso y tardaron en dar solución.,Queja
499,"Me encantó la atención que recibí, fueron muy atentos.",Sugerencia
500,No responden los correos de atención al cliente.,Queja
501,"Me encantó la atención que recibí, fueron muy atentos.",Sugerencia
502,Sería bueno que ampliaran la cobertura del servicio a más ciudades.,Sugerencia
503,El personal debería recibir más entrenamiento en atención al cliente.,Sugerencia
504,"Me encantó la atención que recibí, fueron muy atentos.",Sugerencia
505,El producto llegó defectuoso y tardaron en dar solución.,Queja
506,"La aplicación móvil tiene muchos errores, deberían mejorarla.",Queja
507,"Los tiempos de espera son excesivos, deberían mejorarlo.",Queja
508,"Los tiempos de espera son excesivos, deberían mejorarlo.",Queja
509,No responden los correos de atención al cliente.,Queja
510,El servicio al cliente fue muy lento y poco amable.,Queja
511,El producto llegó defectuoso y tardaron en dar solución.,Queja
512,"Los tiempos de espera son excesivos, deberían mejorarlo.",Queja
513,El producto llegó defectuoso y tardaron en dar solución.,Queja
514,El servicio al cliente fue muy lento y poco amable.,Queja
515,Sería útil que agregaran un chat en vivo para consultas rápidas.,Sugerencia
516,El producto llegó defectuoso y tardaron en dar solución.,Queja
517,"Los tiempos de espera son excesivos, deberían mejorarlo.",Queja
518,Tuve un problema con mi compra y nadie me ayudó.,Queja
519,"Los tiempos de espera son excesivos, deberían mejorarlo.",Queja
520,"Los tiempos de espera son excesivos, deberían mejorarlo.",Queja
521,El ambiente en la tienda es muy agradable y acogedor.,Sugerencia
522,"La aplicación móvil tiene muchos errores, deberían mejorarla.",Queja
523,El personal debería recibir más entrenamiento en atención al cliente.,Sugerencia
524,Podrían mejorar la experiencia en línea con una mejor interfaz.,Sugerencia
525,Sería útil que agregaran un chat en vivo para consultas rápidas.,Sugerencia
526,"El sistema de turnos no funciona bien, deberían optimizarlo.",Queja
527,El servicio al cliente fue muy lento y poco amable.,Queja
528,Deberían ofrecer más descuentos para clientes frecuentes.,Sugerencia
529,El servicio telefónico es ineficiente y no resuelven dudas.,Queja
530,"El sistema de turnos no funciona bien, deberían optimizarlo.",Queja
531,No responden los correos de atención al cliente.,Queja
532,Podrían mejorar la experiencia en línea con una mejor interfaz.,Sugerencia
533,Me gustaría que ofrecieran más promociones en productos populares.,Sugerencia
534,Deberían ofrecer más descuentos para clientes frecuentes.,Sugerencia
535,El ambiente en la tienda es muy agradable y acogedor.,Sugerencia
536,"Los tiempos de espera son excesivos, deberían mejorarlo.",Queja
537,Sería genial si agregaran más opciones de pago.,Sugerencia
538,Podrían ampliar el horario de atención para mayor comodidad.,Sugerencia
539,Podrían mejorar la experiencia en línea con una mejor interfaz.,Sugerencia
540,El personal debería recibir más entrenamiento en atención al cliente.,Sugerencia
541,Deberían ofrecer más descuentos para clientes frecuentes.,Sugerencia
542,El servicio telefónico es ineficiente y no resuelven dudas.,Queja
543,No responden los correos de atención al cliente.,Queja
544,Tuve un problema con mi compra y nadie me ayudó.,Queja
545,Me gustaría que ofrecieran más promociones en productos populares.,Sugerencia
546,"El sistema de turnos no funciona bien, deberían optimizarlo.",Queja
547,"Me encantó la atención que recibí, fueron muy atentos.",Sugerencia
548,Podrían mejorar la experiencia en línea con una mejor interfaz.,Sugerencia
549,Tuve un problema con mi compra y nadie me ayudó.,Queja
550,"Me encantó la atención que recibí, fueron muy atentos.",Sugerencia
551,El servicio al cliente fue muy lento y poco amable.,Queja
552,La página web es muy lenta y difícil de usar.,Queja
553,La página web es muy lenta y difícil de usar.,Queja
554,El ambiente en la tienda es muy agradable y acogedor.,Sugerencia
555,"El sistema de turnos no funciona bien, deberían optimizarlo.",Queja
556,El servicio al cliente fue muy lento y poco amable.,Queja
557,Sería útil que agregaran un chat en vivo para consultas rápidas.,Sugerencia
558,El producto llegó defectuoso y tardaron en dar solución.,Queja
559,Deberían ofrecer más descuentos para clientes frecuentes.,Sugerencia
560,No me gusta que el personal no esté bien capacitado.,Queja
561,"Me encantó la atención que recibí, fueron muy atentos.",Sugerencia
562,El servicio telefónico es ineficiente y no resuelven dudas.,Queja
563,La página web es muy lenta y difícil de usar.,Queja
564,Sería útil que agregaran un chat en vivo para consultas rápidas.,Sugerencia
565,Podrían mejorar la experiencia en línea con una mejor interfaz.,Sugerencia
566,Tuve un problema con mi compra y nadie me ayudó.,Queja
567,No responden los correos de atención al cliente.,Queja
568,El servicio al cliente fue muy lento y poco amable.,Queja
569,El ambiente en la tienda es muy agradable y acogedor.,Sugerencia
570,El servicio telefónico es ineficiente y no resuelven dudas.,Queja
571,Podrían ampliar el horario de atención para mayor comodidad.,Sugerencia
572,El servicio al cliente fue muy lento y poco amable.,Queja
573,"La aplicación móvil tiene muchos errores, deberían mejorarla.",Queja
574,Sería útil que agregaran un chat en vivo para consultas rápidas.,Sugerencia
575,El servicio telefónico es ineficiente y no resuelven dudas.,Queja
576,Deberían ofrecer más descuentos para clientes frecuentes.,Sugerencia
577,El servicio telefónico es ineficiente y no resuelven dudas.,Queja
578,No me gusta que el personal no esté bien capacitado.,Queja
579,Podrían ampliar el horario de atención para mayor comodidad.,Sugerencia
580,El producto llegó defectuoso y tardaron en dar solución.,Queja
581,El personal debería recibir más entrenamiento en atención al cliente.,Sugerencia
582,No me gusta que el personal no esté bien capacitado.,Queja
583,"Los tiempos de espera son excesivos, deberían mejorarlo.",Queja
584,"El sistema de turnos no funciona bien, deberían optimizarlo.",Queja
585,Me gustaría que ofrecieran más promociones en productos populares.,Sugerencia
586,Me gustaría que ofrecieran más promociones en productos populares.,Sugerencia
587,Tuve un problema con mi compra y nadie me ayudó.,Queja
588,El ambiente en la tienda es muy agradable y acogedor.,Sugerencia
589,El servicio telefónico es ineficiente y no resuelven dudas.,Queja
590,Sería útil que agregaran un chat en vivo para consultas rápidas.,Sugerencia
591,No responden los correos de atención al cliente.,Queja
592,La página web es muy lenta y difícil de usar.,Queja
593,El producto llegó defectuoso y tardaron en dar solución.,Queja
594,El servicio telefónico es ineficiente y no resuelven dudas.,Queja
595,Podrían mejorar la experiencia en línea con una mejor interfaz.,Sugerencia
596,Podrían mejorar la experiencia en línea con una mejor interfaz.,Sugerencia
597,No responden los correos de atención al cliente.,Queja
598,El producto llegó defectuoso y tardaron en dar solución.,Queja
599,El servicio al cliente fue muy lento y poco amable.,Queja
600,"Me encantó la atención que recibí, fueron muy atentos.",Sugerencia
601,Tuve un problema con mi compra y nadie me ayudó.,Queja
602,No me gusta que el personal no esté bien capacitado.,Queja
603,Tuve un problema con mi compra y nadie me ayudó.,Queja
604,Sería genial si agregaran más opciones de pago.,Sugerencia
605,El ambiente en la tienda es muy agradable y acogedor.,Sugerencia
606,Sería útil que agregaran un chat en vivo para consultas rápidas.,Sugerencia
607,El producto llegó defectuoso y tardaron en dar solución.,Queja
608,Me gustaría que ofrecieran más promociones en productos populares.,Sugerencia
609,El servicio al cliente fue muy lento y poco amable.,Queja
610,"El sistema de turnos no funciona bien, deberían optimizarlo.",Queja
611,Sería genial si agregaran más opciones de pago.,Sugerencia
612,El servicio al cliente fue muy lento y poco amable.,Queja
613,El personal debería recibir más entrenamiento en atención al cliente.,Sugerencia
614,Deberían ofrecer más descuentos para clientes frecuentes.,Sugerencia
615,El ambiente en la tienda es muy agradable y acogedor.,Sugerencia
616,No responden los correos de atención al cliente.,Queja
617,Podrían ampliar el horario de atención para mayor comodidad.,Sugerencia
618,Sería bueno que ampliaran la cobertura del servicio a más ciudades.,Sugerencia
619,Me gustaría que ofrecieran más promociones en productos populares.,Sugerencia
620,Sería útil que agregaran un chat en vivo para consultas rápidas.,Sugerencia
621,Sería genial si agregaran más opciones de pago.,Sugerencia
622,Podrían ampliar el horario de atención para mayor comodidad.,Sugerencia
623,"Los tiempos de espera son excesivos, deberían mejorarlo.",Queja
624,Deberían ofrecer más descuentos para clientes frecuentes.,Sugerencia
625,Podrían mejorar la experiencia en línea con una mejor interfaz.,Sugerencia
626,"Los tiempos de espera son excesivos, deberían mejorarlo.",Queja
627,La página web es muy lenta y difícil de usar.,Queja
628,"Me encantó la atención que recibí, fueron muy atentos.",Sugerencia
629,Me gustaría que ofrecieran más promociones en productos populares.,Sugerencia
630,Deberían ofrecer más descuentos para clientes frecuentes.,Sugerencia
631,"Los tiempos de espera son excesivos, deberían mejorarlo.",Queja
632,Deberían ofrecer más descuentos para clientes frecuentes.,Sugerencia
633,No responden los correos de atención al cliente.,Queja
634,No me gusta que el personal no esté bien capacitado.,Queja
635,Sería bueno que ampliaran la cobertura del servicio a más ciudades.,Sugerencia
636,El servicio telefónico es ineficiente y no resuelven dudas.,Queja
637,Deberían ofrecer más descuentos para clientes frecuentes.,Sugerencia
638,El servicio al cliente fue muy lento y poco amable.,Queja
639,Sería bueno que ampliaran la cobertura del servicio a más ciudades.,Sugerencia
640,"Me encantó la atención que recibí, fueron muy atentos.",Sugerencia
641,Sería bueno que ampliaran la cobertura del servicio a más ciudades.,Sugerencia
642,Sería bueno que ampliaran la cobertura del servicio a más ciudades.,Sugerencia
643,El producto llegó defectuoso y tardaron en dar solución.,Queja
644,No responden los correos de atención al cliente.,Queja
645,Sería genial si agregaran más opciones de pago.,Sugerencia
646,"Los tiempos de espera son excesivos, deberían mejorarlo.",Queja
647,El servicio telefónico es ineficiente y no resuelven dudas.,Queja
648,Me gustaría que ofrecieran más promociones en productos populares.,Sugerencia
649,El servicio telefónico es ineficiente y no resuelven dudas.,Queja
650,"Los tiempos de espera son excesivos, deberían mejorarlo.",Queja
651,Podrían ampliar el horario de atención para mayor comodidad.,Sugerencia
652,Sería bueno que ampliaran la cobertura del servicio a más ciudades.,Sugerencia
653,"Me encantó la atención que recibí, fueron muy atentos.",Sugerencia
654,Sería útil que agregaran un chat en vivo para consultas rápidas.,Sugerencia
655,"Los tiempos de espera son excesivos, deberían mejorarlo.",Queja
656,Podrían mejorar la experiencia en línea con una mejor interfaz.,Sugerencia
657,El ambiente en la tienda es muy agradable y acogedor.,Sugerencia
658,El servicio telefónico es ineficiente y no resuelven dudas.,Queja
659,"El sistema de turnos no funciona bien, deberían optimizarlo.",Queja
660,Tuve un problema con mi compra y nadie me ayudó.,Queja
661,No me gusta que el personal no esté bien capacitado.,Queja
662,El servicio al cliente fue muy lento y poco amable.,Queja
663,Podrían mejorar la experiencia en línea con una mejor interfaz.,Sugerencia
664,El producto llegó defectuoso y tardaron en dar solución.,Queja
665,El servicio al cliente fue muy lento y poco amable.,Queja
666,"El sistema de turnos no funciona bien, deberían optimizarlo.",Queja
667,El ambiente en la tienda es muy agradable y acogedor.,Sugerencia
668,Podrían ampliar el horario de atención para mayor comodidad.,Sugerencia
669,Podrían ampliar el horario de atención para mayor comodidad.,Sugerencia
670,"Los tiempos de espera son excesivos, deberían mejorarlo.",Queja
671,"Me encantó la atención que recibí, fueron muy atentos.",Sugerencia
672,"La aplicación móvil tiene muchos errores, deberían mejorarla.",Queja
673,No me gusta que el personal no esté bien capacitado.,Queja
674,Deberían ofrecer más descuentos para clientes frecuentes.,Sugerencia
675,El ambiente en la tienda es muy agradable y acogedor.,Sugerencia
676,"El sistema de turnos no funciona bien, deberían optimizarlo.",Queja
677,Deberían ofrecer más descuentos para clientes frecuentes.,Sugerencia
678,El personal debería recibir más entrenamiento en atención al cliente.,Sugerencia
679,Tuve un problema con mi compra y nadie me ayudó.,Queja
680,"Me encantó la atención que recibí, fueron muy atentos.",Sugerencia
681,Sería bueno que ampliaran la cobertura del servicio a más ciudades.,Sugerencia
682,"El sistema de turnos no funciona bien, deberían optimizarlo.",Queja
683,Tuve un problema con mi compra y nadie me ayudó.,Queja
684,No responden los correos de atención al cliente.,Queja
685,No responden los correos de atención al cliente.,Queja
686,El ambiente en la tienda es muy agradable y acogedor.,Sugerencia
687,"Los tiempos de espera son excesivos, deberían mejorarlo.",Queja
688,Tuve un problema con mi compra y nadie me ayudó.,Queja
689,"El sistema de turnos no funciona bien, deberían optimizarlo.",Queja
690,No responden los correos de atención al cliente.,Queja
691,El servicio telefónico es ineficiente y no resuelven dudas.,Queja
692,El producto llegó defectuoso y tardaron en dar solución.,Queja
693,El servicio al cliente fue muy lento y poco amable.,Queja
694,El ambiente en la tienda es muy agradable y acogedor.,Sugerencia
695,"Me encantó la atención que recibí, fueron muy atentos.",Sugerencia
696,Sería útil que agregaran un chat en vivo para consultas rápidas.,Sugerencia
697,"El sistema de turnos no funciona bien, deberían optimizarlo.",Queja
698,El producto llegó defectuoso y tardaron en dar solución.,Queja
699,"Los tiempos de espera son excesivos, deberían mejorarlo.",Queja
700,"La aplicación móvil tiene muchos errores, deberían mejorarla.",Queja
701,El servicio al cliente fue muy lento y poco amable.,Queja
702,El servicio telefónico es ineficiente y no resuelven dudas.,Queja
703,El servicio al cliente fue muy lento y poco amable.,Queja
704,No me gusta que el personal no esté bien capacitado.,Queja
705,"Los tiempos de espera son excesivos, deberían mejorarlo.",Queja
706,Podrían ampliar el horario de atención para mayor comodidad.,Sugerencia
707,Sería útil que agregaran un chat en vivo para consultas rápidas.,Sugerencia
708,Sería útil que agregaran un chat en vivo para consultas rápidas.,Sugerencia
709,Podrían ampliar el horario de atención para mayor comodidad.,Sugerencia
710,"Me encantó la atención que recibí, fueron muy atentos.",Sugerencia
711,"Me encantó la atención que recibí, fueron muy atentos.",Sugerencia
712,No me gusta que el personal no esté bien capacitado.,Queja
713,Sería bueno que ampliaran la cobertura del servicio a más ciudades.,Sugerencia
714,No me gusta que el personal no esté bien capacitado.,Queja
715,Podrían ampliar el horario de atención para mayor comodidad.,Sugerencia
716,"El sistema de turnos no funciona bien, deberían optimizarlo.",Queja
717,El personal debería recibir más entrenamiento en atención al cliente.,Sugerencia
718,Sería útil que agregaran un chat en vivo para consultas rápidas.,Sugerencia
719,"El sistema de turnos no funciona bien, deberían optimizarlo.",Queja
720,"La aplicación móvil tiene muchos errores, deberían mejorarla.",Queja
721,"Me encantó la atención que recibí, fueron muy atentos.",Sugerencia
722,El servicio al cliente fue muy lento y poco amable.,Queja
723,Me gustaría que ofrecieran más promociones en productos populares.,Sugerencia
724,El servicio telefónico es ineficiente y no resuelven dudas.,Queja
725,"El sistema de turnos no funciona bien, deberían optimizarlo.",Queja
726,No me gusta que el personal no esté bien capacitado.,Queja
727,Sería útil que agregaran un chat en vivo para consultas rápidas.,Sugerencia
728,Deberían ofrecer más descuentos para clientes frecuentes.,Sugerencia
729,No responden los correos de atención al cliente.,Queja
730,Podrían mejorar la experiencia en línea con una mejor interfaz.,Sugerencia
731,"El sistema de turnos no funciona bien, deberían optimizarlo.",Queja
732,El servicio al cliente fue muy lento y poco amable.,Queja
733,Tuve un problema con mi compra y nadie me ayudó.,Queja
734,Me gustaría que ofrecieran más promociones en productos populares.,Sugerencia
735,Podrían ampliar el horario de atención para mayor comodidad.,Sugerencia
736,Deberían ofrecer más descuentos para clientes frecuentes.,Sugerencia
737,Tuve un problema con mi compra y nadie me ayudó.,Queja
738,"Me encantó la atención que recibí, fueron muy atentos.",Sugerencia
739,"Los tiempos de espera son excesivos, deberían mejorarlo.",Queja
740,El producto llegó defectuoso y tardaron en dar solución.,Queja
741,Sería genial si agregaran más opciones de pago.,Sugerencia
742,El personal debería recibir más entrenamiento en atención al cliente.,Sugerencia
743,No responden los correos de atención al cliente.,Queja
744,El producto llegó defectuoso y tardaron en dar solución.,Queja
745,Deberían ofrecer más descuentos para clientes frecuentes.,Sugerencia
746,"El sistema de turnos no funciona bien, deberían optimizarlo.",Queja
747,El ambiente en la tienda es muy agradable y acogedor.,Sugerencia
748,La página web es muy lenta y difícil de usar.,Queja
749,Me gustaría que ofrecieran más promociones en productos populares.,Sugerencia
750,"Los tiempos de espera son excesivos, deberían mejorarlo.",Queja
751,"La aplicación móvil tiene muchos errores, deberían mejorarla.",Queja
752,El servicio al cliente fue muy lento y poco amable.,Queja
753,Deberían ofrecer más descuentos para clientes frecuentes.,Sugerencia
754,No me gusta que el personal no esté bien capacitado.,Queja
755,La página web es muy lenta y difícil de usar.,Queja
756,Podrían ampliar el horario de atención para mayor comodidad.,Sugerencia
757,"Los tiempos de espera son excesivos, deberían mejorarlo.",Queja
758,Sería genial si agregaran más opciones de pago.,Sugerencia
759,Sería útil que agregaran un chat en vivo para consultas rápidas.,Sugerencia
760,El ambiente en la tienda es muy agradable y acogedor.,Sugerencia
761,"Los tiempos de espera son excesivos, deberían mejorarlo.",Queja
762,"Los tiempos de espera son excesivos, deberían mejorarlo.",Queja
763,"La aplicación móvil tiene muchos errores, deberían mejorarla.",Queja
764,"La aplicación móvil tiene muchos errores, deberían mejorarla.",Queja
765,Deberían ofrecer más descuentos para clientes frecuentes.,Sugerencia
766,Me gustaría que ofrecieran más promociones en productos populares.,Sugerencia
767,"El sistema de turnos no funciona bien, deberían optimizarlo.",Queja
768,"Los tiempos de espera son excesivos, deberían mejorarlo.",Queja
769,Sería bueno que ampliaran la cobertura del servicio a más ciudades.,Sugerencia
770,El servicio al cliente fue muy lento y poco amable.,Queja
771,"Me encantó la atención que recibí, fueron muy atentos.",Sugerencia
772,Podrían ampliar el horario de atención para mayor comodidad.,Sugerencia
773,Podrían ampliar el horario de atención para mayor comodidad.,Sugerencia
774,Podrían mejorar la experiencia en línea con una mejor interfaz.,Sugerencia
775,El servicio al cliente fue muy lento y poco amable.,Queja
776,Deberían ofrecer más descuentos para clientes frecuentes.,Sugerencia
777,El ambiente en la tienda es muy agradable y acogedor.,Sugerencia
778,Podrían ampliar el horario de atención para mayor comodidad.,Sugerencia
779,Tuve un problema con mi compra y nadie me ayudó.,Queja
780,"La aplicación móvil tiene muchos errores, deberían mejorarla.",Queja
781,El producto llegó defectuoso y tardaron en dar solución.,Queja
782,Tuve un problema con mi compra y nadie me ayudó.,Queja
783,Sería útil que agregaran un chat en vivo para consultas rápidas.,Sugerencia
784,Sería útil que agregaran un chat en vivo para consultas rápidas.,Sugerencia
785,Sería genial si agregaran más opciones de pago.,Sugerencia
786,El personal debería recibir más entrenamiento en atención al cliente.,Sugerencia
787,Me gustaría que ofrecieran más promociones en productos populares.,Sugerencia
788,El servicio al cliente fue muy lento y poco amable.,Queja
789,"Los tiempos de espera son excesivos, deberían mejorarlo.",Queja
790,"Me encantó la atención que recibí, fueron muy atentos.",Sugerencia
791,"El sistema de turnos no funciona bien, deberían optimizarlo.",Queja
792,Sería útil que agregaran un chat en vivo para consultas rápidas.,Sugerencia
793,Sería útil que agregaran un chat en vivo para consultas rápidas.,Sugerencia
794,El producto llegó defectuoso y tardaron en dar solución.,Queja
795,"Me encantó la atención que recibí, fueron muy atentos.",Sugerencia
796,El ambiente en la tienda es muy agradable y acogedor.,Sugerencia
797,El ambiente en la tienda es muy agradable y acogedor.,Sugerencia
798,Podrían mejorar la experiencia en línea con una mejor interfaz.,Sugerencia
799,El personal debería recibir más entrenamiento en atención al cliente.,Sugerencia
800,"La aplicación móvil tiene muchos errores, deberían mejorarla.",Queja
801,El personal debería recibir más entrenamiento en atención al cliente.,Sugerencia
802,Tuve un problema con mi compra y nadie me ayudó.,Queja
803,No me gusta que el personal no esté bien capacitado.,Queja
804,El servicio telefónico es ineficiente y no resuelven dudas.,Queja
805,El personal debería recibir más entrenamiento en atención al cliente.,Sugerencia
806,El servicio telefónico es ineficiente y no resuelven dudas.,Queja
807,Podrían mejorar la experiencia en línea con una mejor interfaz.,Sugerencia
808,Sería útil que agregaran un chat en vivo para consultas rápidas.,Sugerencia
809,"La aplicación móvil tiene muchos errores, deberían mejorarla.",Queja
810,Sería genial si agregaran más opciones de pago.,Sugerencia
811,La página web es muy lenta y difícil de usar.,Queja
812,La página web es muy lenta y difícil de usar.,Queja
813,No me gusta que el personal no esté bien capacitado.,Queja
814,Sería bueno que ampliaran la cobertura del servicio a más ciudades.,Sugerencia
815,"Los tiempos de espera son excesivos, deberían mejorarlo.",Queja
816,Podrían ampliar el horario de atención para mayor comodidad.,Sugerencia
817,Sería útil que agregaran un chat en vivo para consultas rápidas.,Sugerencia
818,La página web es muy lenta y difícil de usar.,Queja
819,Podrían ampliar el horario de atención para mayor comodidad.,Sugerencia
820,Sería genial si agregaran más opciones de pago.,Sugerencia
821,"La aplicación móvil tiene muchos errores, deberían mejorarla.",Queja
822,"Me encantó la atención que recibí, fueron muy atentos.",Sugerencia
823,El personal debería recibir más entrenamiento en atención al cliente.,Sugerencia
824,"Me encantó la atención que recibí, fueron muy atentos.",Sugerencia
825,"Me encantó la atención que recibí, fueron muy atentos.",Sugerencia
826,Me gustaría que ofrecieran más promociones en productos populares.,Sugerencia
827,"La aplicación móvil tiene muchos errores, deberían mejorarla.",Queja
828,La página web es muy lenta y difícil de usar.,Queja
829,Podrían ampliar el horario de atención para mayor comodidad.,Sugerencia
830,"Los tiempos de espera son excesivos, deberían mejorarlo.",Queja
831,No me gusta que el personal no esté bien capacitado.,Queja
832,No responden los correos de atención al cliente.,Queja
833,Sería genial si agregaran más opciones de pago.,Sugerencia
834,Me gustaría que ofrecieran más promociones en productos populares.,Sugerencia
835,El producto llegó defectuoso y tardaron en dar solución.,Queja
836,Tuve un problema con mi compra y nadie me ayudó.,Queja
837,El ambiente en la tienda es muy agradable y acogedor.,Sugerencia
838,No me gusta que el personal no esté bien capacitado.,Queja
839,No me gusta que el personal no esté bien capacitado.,Queja
840,El ambiente en la tienda es muy agradable y acogedor.,Sugerencia
841,Tuve un problema con mi compra y nadie me ayudó.,Queja
842,Me gustaría que ofrecieran más promociones en productos populares.,Sugerencia
843,Deberían ofrecer más descuentos para clientes frecuentes.,Sugerencia
844,Podrían mejorar la experiencia en línea con una mejor interfaz.,Sugerencia
845,"El sistema de turnos no funciona bien, deberían optimizarlo.",Queja
846,Sería genial si agregaran más opciones de pago.,Sugerencia
847,El servicio telefónico es ineficiente y no resuelven dudas.,Queja
848,El servicio al cliente fue muy lento y poco amable.,Queja
849,El servicio telefónico es ineficiente y no resuelven dudas.,Queja
850,Deberían ofrecer más descuentos para clientes frecuentes.,Sugerencia
851,No me gusta que el personal no esté bien capacitado.,Queja
852,"El sistema de turnos no funciona bien, deberían optimizarlo.",Queja
853,No me gusta que el personal no esté bien capacitado.,Queja
854,"El sistema de turnos no funciona bien, deberían optimizarlo.",Queja
855,Sería genial si agregaran más opciones de pago.,Sugerencia
856,El servicio telefónico es ineficiente y no resuelven dudas.,Queja
857,"Me encantó la atención que recibí, fueron muy atentos.",Sugerencia
858,Deberían ofrecer más descuentos para clientes frecuentes.,Sugerencia
859,El servicio al cliente fue muy lento y poco amable.,Queja
860,El producto llegó defectuoso y tardaron en dar solución.,Queja
861,El ambiente en la tienda es muy agradable y acogedor.,Sugerencia
862,"La aplicación móvil tiene muchos errores, deberían mejorarla.",Queja
863,No me gusta que el personal no esté bien capacitado.,Queja
864,Podrían mejorar la experiencia en línea con una mejor interfaz.,Sugerencia
865,El personal debería recibir más entrenamiento en atención al cliente.,Sugerencia
866,Sería útil que agregaran un chat en vivo para consultas rápidas.,Sugerencia
867,El personal debería recibir más entrenamiento en atención al cliente.,Sugerencia
868,"La aplicación móvil tiene muchos errores, deberían mejorarla.",Queja
869,Sería bueno que ampliaran la cobertura del servicio a más ciudades.,Sugerencia
870,No me gusta que el personal no esté bien capacitado.,Queja
871,El ambiente en la tienda es muy agradable y acogedor.,Sugerencia
872,El personal debería recibir más entrenamiento en atención al cliente.,Sugerencia
873,Sería genial si agregaran más opciones de pago.,Sugerencia
874,Sería útil que agregaran un chat en vivo para consultas rápidas.,Sugerencia
875,"La aplicación móvil tiene muchos errores, deberían mejorarla.",Queja
876,El personal debería recibir más entrenamiento en atención al cliente.,Sugerencia
877,No me gusta que el personal no esté bien capacitado.,Queja
878,Tuve un problema con mi compra y nadie me ayudó.,Queja
879,El servicio telefónico es ineficiente y no resuelven dudas.,Queja
880,El personal debería recibir más entrenamiento en atención al cliente.,Sugerencia
881,No responden los correos de atención al cliente.,Queja
882,"Me encantó la atención que recibí, fueron muy atentos.",Sugerencia
883,El personal debería recibir más entrenamiento en atención al cliente.,Sugerencia
884,Sería útil que agregaran un chat en vivo para consultas rápidas.,Sugerencia
885,"La aplicación móvil tiene muchos errores, deberían mejorarla.",Queja
886,Podrían ampliar el horario de atención para mayor comodidad.,Sugerencia
887,El personal debería recibir más entrenamiento en atención al cliente.,Sugerencia
888,El personal debería recibir más entrenamiento en atención al cliente.,Sugerencia
889,Me gustaría que ofrecieran más promociones en productos populares.,Sugerencia
890,Deberían ofrecer más descuentos para clientes frecuentes.,Sugerencia
891,"El sistema de turnos no funciona bien, deberían optimizarlo.",Queja
892,El servicio telefónico es ineficiente y no resuelven dudas.,Queja
893,"El sistema de turnos no funciona bien, deberían optimizarlo.",Queja
894,"Los tiempos de espera son excesivos, deberían mejorarlo.",Queja
895,Me gustaría que ofrecieran más promociones en productos populares.,Sugerencia
896,Podrían ampliar el horario de atención para mayor comodidad.,Sugerencia
897,El servicio telefónico es ineficiente y no resuelven dudas.,Queja
898,"Me encantó la atención que recibí, fueron muy atentos.",Sugerencia
899,El personal debería recibir más entrenamiento en atención al cliente.,Sugerencia
900,Podrían mejorar la experiencia en línea con una mejor interfaz.,Sugerencia
901,El servicio al cliente fue muy lento y poco amable.,Queja
902,La página web es muy lenta y difícil de usar.,Queja
903,Tuve un problema con mi compra y nadie me ayudó.,Queja
904,El producto llegó defectuoso y tardaron en dar solución.,Queja
905,La página web es muy lenta y difícil de usar.,Queja
906,El servicio al cliente fue muy lento y poco amable.,Queja
907,El servicio telefónico es ineficiente y no resuelven dudas.,Queja
908,Podrían ampliar el horario de atención para mayor comodidad.,Sugerencia
909,La página web es muy lenta y difícil de usar.,Queja
910,Podrían mejorar la experiencia en línea con una mejor interfaz.,Sugerencia
911,El producto llegó defectuoso y tardaron en dar solución.,Queja
912,Podrían ampliar el horario de atención para mayor comodidad.,Sugerencia
913,No responden los correos de atención al cliente.,Queja
914,Podrían mejorar la experiencia en línea con una mejor interfaz.,Sugerencia
915,El personal debería recibir más entrenamiento en atención al cliente.,Sugerencia
916,Sería bueno que ampliaran la cobertura del servicio a más ciudades.,Sugerencia
917,Sería útil que agregaran un chat en vivo para consultas rápidas.,Sugerencia
918,"El sistema de turnos no funciona bien, deberían optimizarlo.",Queja
919,"La aplicación móvil tiene muchos errores, deberían mejorarla.",Queja
920,Podrían ampliar el horario de atención para mayor comodidad.,Sugerencia
921,"Me encantó la atención que recibí, fueron muy atentos.",Sugerencia
922,El personal debería recibir más entrenamiento en atención al cliente.,Sugerencia
923,Sería útil que agregaran un chat en vivo para consultas rápidas.,Sugerencia
924,Tuve un problema con mi compra y nadie me ayudó.,Queja
925,El servicio telefónico es ineficiente y no resuelven dudas.,Queja
926,Deberían ofrecer más descuentos para clientes frecuentes.,Sugerencia
927,"Me encantó la atención que recibí, fueron muy atentos.",Sugerencia
928,El personal debería recibir más entrenamiento en atención al cliente.,Sugerencia
929,Sería genial si agregaran más opciones de pago.,Sugerencia
930,Sería útil que agregaran un chat en vivo para consultas rápidas.,Sugerencia
931,"Los tiempos de espera son excesivos, deberían mejorarlo.",Queja
932,Me gustaría que ofrecieran más promociones en productos populares.,Sugerencia
933,Sería útil que agregaran un chat en vivo para consultas rápidas.,Sugerencia
934,El producto llegó defectuoso y tardaron en dar solución.,Queja
935,Sería útil que agregaran un chat en vivo para consultas rápidas.,Sugerencia
936,El servicio al cliente fue muy lento y poco amable.,Queja
937,No responden los correos de atención al cliente.,Queja
938,Podrían ampliar el horario de atención para mayor comodidad.,Sugerencia
939,No responden los correos de atención al cliente.,Queja
940,No responden los correos de atención al cliente.,Queja
941,Tuve un problema con mi compra y nadie me ayudó.,Queja
942,Sería útil que agregaran un chat en vivo para consultas rápidas.,Sugerencia
943,Sería genial si agregaran más opciones de pago.,Sugerencia
944,No responden los correos de atención al cliente.,Queja
945,La página web es muy lenta y difícil de usar.,Queja
946,Sería útil que agregaran un chat en vivo para consultas rápidas.,Sugerencia
947,Podrían mejorar la experiencia en línea con una mejor interfaz.,Sugerencia
948,Sería bueno que ampliaran la cobertura del servicio a más ciudades.,Sugerencia
949,No me gusta que el personal no esté bien capacitado.,Queja
950,No me gusta que el personal no esté bien capacitado.,Queja
951,La página web es muy lenta y difícil de usar.,Queja
952,El personal debería recibir más entrenamiento en atención al cliente.,Sugerencia
953,"La aplicación móvil tiene muchos errores, deberían mejorarla.",Queja
954,Me gustaría que ofrecieran más promociones en productos populares.,Sugerencia
955,Podrían mejorar la experiencia en línea con una mejor interfaz.,Sugerencia
956,Me gustaría que ofrecieran más promociones en productos populares.,Sugerencia
957,"Los tiempos de espera son excesivos, deberían mejorarlo.",Queja
958,Me gustaría que ofrecieran más promociones en productos populares.,Sugerencia
959,Sería útil que agregaran un chat en vivo para consultas rápidas.,Sugerencia
960,El ambiente en la tienda es muy agradable y acogedor.,Sugerencia
961,Sería útil que agregaran un chat en vivo para consultas rápidas.,Sugerencia
962,Sería genial si agregaran más opciones de pago.,Sugerencia
963,"Los tiempos de espera son excesivos, deberían mejorarlo.",Queja
964,No me gusta que el personal no esté bien capacitado.,Queja
965,No responden los correos de atención al cliente.,Queja
966,El servicio telefónico es ineficiente y no resuelven dudas.,Queja
967,Sería bueno que ampliaran la cobertura del servicio a más ciudades.,Sugerencia
968,"La aplicación móvil tiene muchos errores, deberían mejorarla.",Queja
969,No responden los correos de atención al cliente.,Queja
970,Podrían ampliar el horario de atención para mayor comodidad.,Sugerencia
971,"El sistema de turnos no funciona bien, deberían optimizarlo.",Queja
972,Tuve un problema con mi compra y nadie me ayudó.,Queja
973,Podrían ampliar el horario de atención para mayor comodidad.,Sugerencia
974,La página web es muy lenta y difícil de usar.,Queja
975,El servicio al cliente fue muy lento y poco amable.,Queja
976,El producto llegó defectuoso y tardaron en dar solución.,Queja
977,"El sistema de turnos no funciona bien, deberían optimizarlo.",Queja
978,El ambiente en la tienda es muy agradable y acogedor.,Sugerencia
979,"La aplicación móvil tiene muchos errores, deberían mejorarla.",Queja
980,Sería útil que agregaran un chat en vivo para consultas rápidas.,Sugerencia
981,No me gusta que el personal no esté bien capacitado.,Queja
982,La página web es muy lenta y difícil de usar.,Queja
983,"Los tiempos de espera son excesivos, deberían mejorarlo.",Queja
984,"La aplicación móvil tiene muchos errores, deberían mejorarla.",Queja
985,El servicio telefónico es ineficiente y no resuelven dudas.,Queja
986,Deberían ofrecer más descuentos para clientes frecuentes.,Sugerencia
987,No me gusta que el personal no esté bien capacitado.,Queja
988,El ambiente en la tienda es muy agradable y acogedor.,Sugerencia
989,El personal debería recibir más entrenamiento en atención al cliente.,Sugerencia
990,"Los tiempos de espera son excesivos, deberían mejorarlo.",Queja
991,Me gustaría que ofrecieran más promociones en productos populares.,Sugerencia
992,No me gusta que el personal no esté bien capacitado.,Queja
993,No me gusta que el personal no esté bien capacitado.,Queja
994,"El sistema de turnos no funciona bien, deberían optimizarlo.",Queja
995,El producto llegó defectuoso y tardaron en dar solución.,Queja
996,No responden los correos de atención al cliente.,Queja
997,"Los tiempos de espera son excesivos, deberían mejorarlo.",Queja
998,Sería genial si agregaran más opciones de pago.,Sugerencia
999,No responden los correos de atención al cliente.,Queja
1000,Deberían ofrecer más descuentos para clientes frecuentes.,Sugerencia
1001,El producto llegó defectuoso y tardaron en dar solución.,Queja
1002,Sería útil que agregaran un chat en vivo para consultas rápidas.,Sugerencia
1003,"Me encantó la atención que recibí, fueron muy atentos.",Sugerencia
1004,"La aplicación móvil tiene muchos errores, deberían mejorarla.",Queja
1005,Tuve un problema con mi compra y nadie me ayudó.,Queja
1006,Podrían mejorar la experiencia en línea con una mejor interfaz.,Sugerencia
1007,El personal debería recibir más entrenamiento en atención al cliente.,Sugerencia
1008,El ambiente en la tienda es muy agradable y acogedor.,Sugerencia
1009,Deberían ofrecer más descuentos para clientes frecuentes.,Sugerencia
1010,La página web es muy lenta y difícil de usar.,Queja
1011,"Los tiempos de espera son excesivos, deberían mejorarlo.",Queja
1012,Podrían ampliar el horario de atención para mayor comodidad.,Sugerencia
1013,Me gustaría que ofrecieran más promociones en productos populares.,Sugerencia
1014,"Me encantó la atención que recibí, fueron muy atentos.",Sugerencia
1015,Podrían mejorar la experiencia en línea con una mejor interfaz.,Sugerencia
1016,Sería útil que agregaran un chat en vivo para consultas rápidas.,Sugerencia
1017,El servicio al cliente fue muy lento y poco amable.,Queja
1018,No responden los correos de atención al cliente.,Queja
1019,Sería bueno que ampliaran la cobertura del servicio a más ciudades.,Sugerencia
1020,Sería genial si agregaran más opciones de pago.,Sugerencia
1021,"La aplicación móvil tiene muchos errores, deberían mejorarla.",Queja
1022,Sería genial si agregaran más opciones de pago.,Sugerencia
1023,El servicio telefónico es ineficiente y no resuelven dudas.,Queja
1024,"El sistema de turnos no funciona bien, deberían optimizarlo.",Queja
1025,"Me encantó la atención que recibí, fueron muy atentos.",Sugerencia
1026,No me gusta que el personal no esté bien capacitado.,Queja
1027,Sería genial si agregaran más opciones de pago.,Sugerencia
1028,"Los tiempos de espera son excesivos, deberían mejorarlo.",Queja
1029,Podrían mejorar la experiencia en línea con una mejor interfaz.,Sugerencia
1030,Sería bueno que ampliaran la cobertura del servicio a más ciudades.,Sugerencia
1031,Podrían mejorar la experiencia en línea con una mejor interfaz.,Sugerencia
1032,Me gustaría que ofrecieran más promociones en productos populares.,Sugerencia
1033,El ambiente en la tienda es muy agradable y acogedor.,Sugerencia
1034,Podrían mejorar la experiencia en línea con una mejor interfaz.,Sugerencia
1035,"La aplicación móvil tiene muchos errores, deberían mejorarla.",Queja
1036,"La aplicación móvil tiene muchos errores, deberían mejorarla.",Queja
1037,Podrían ampliar el horario de atención para mayor comodidad.,Sugerencia
1038,Me gustaría que ofrecieran más promociones en productos populares.,Sugerencia
1039,El ambiente en la tienda es muy agradable y acogedor.,Sugerencia
1040,La página web es muy lenta y difícil de usar.,Queja
1041,Sería genial si agregaran más opciones de pago.,Sugerencia
1042,Tuve un problema con mi compra y nadie me ayudó.,Queja
1043,"Los tiempos de espera son excesivos, deberían mejorarlo.",Queja
1044,El servicio telefónico es ineficiente y no resuelven dudas.,Queja
1045,Sería útil que agregaran un chat en vivo para consultas rápidas.,Sugerencia
1046,No me gusta que el personal no esté bien capacitado.,Queja
1047,El servicio al cliente fue muy lento y poco amable.,Queja
1048,Tuve un problema con mi compra y nadie me ayudó.,Queja
1049,Sería útil que agregaran un chat en vivo para consultas rápidas.,Sugerencia
1050,El ambiente en la tienda es muy agradable y acogedor.,Sugerencia
1051,Me gustaría que ofrecieran más promociones en productos populares.,Sugerencia
1052,Tuve un problema con mi compra y nadie me ayudó.,Queja
1053,Sería bueno que ampliaran la cobertura del servicio a más ciudades.,Sugerencia
1054,Sería útil que agregaran un chat en vivo para consultas rápidas.,Sugerencia
1055,Sería bueno que ampliaran la cobertura del servicio a más ciudades.,Sugerencia
1056,El personal debería recibir más entrenamiento en atención al cliente.,Sugerencia
1057,Sería genial si agregaran más opciones de pago.,Sugerencia
1058,Sería genial si agregaran más opciones de pago.,Sugerencia
1059,No me gusta que el personal no esté bien capacitado.,Queja
1060,"Me encantó la atención que recibí, fueron muy atentos.",Sugerencia
1061,El personal debería recibir más entrenamiento en atención al cliente.,Sugerencia
1062,El personal debería recibir más entrenamiento en atención al cliente.,Sugerencia
1063,El producto llegó defectuoso y tardaron en dar solución.,Queja
1064,No me gusta que el personal no esté bien capacitado.,Queja
1065,Sería genial si agregaran más opciones de pago.,Sugerencia
1066,No me gusta que el personal no esté bien capacitado.,Queja
1067,El servicio telefónico es ineficiente y no resuelven dudas.,Queja
1068,El servicio al cliente fue muy lento y poco amable.,Queja
1069,El servicio al cliente fue muy lento y poco amable.,Queja
1070,Tuve un problema con mi compra y nadie me ayudó.,Queja
1071,El ambiente en la tienda es muy agradable y acogedor.,Sugerencia
1072,El personal debería recibir más entrenamiento en atención al cliente.,Sugerencia
1073,Deberían ofrecer más descuentos para clientes frecuentes.,Sugerencia
1074,El ambiente en la tienda es muy agradable y acogedor.,Sugerencia
1075,Tuve un problema con mi compra y nadie me ayudó.,Queja
1076,No me gusta que el personal no esté bien capacitado.,Queja
1077,"La aplicación móvil tiene muchos errores, deberían mejorarla.",Queja
1078,Podrían mejorar la experiencia en línea con una mejor interfaz.,Sugerencia
1079,Sería bueno que ampliaran la cobertura del servicio a más ciudades.,Sugerencia
1080,El producto llegó defectuoso y tardaron en dar solución.,Queja
1081,El personal debería recibir más entrenamiento en atención al cliente.,Sugerencia
1082,Me gustaría que ofrecieran más promociones en productos populares.,Sugerencia
1083,Deberían ofrecer más descuentos para clientes frecuentes.,Sugerencia
1084,El producto llegó defectuoso y tardaron en dar solución.,Queja
1085,Deberían ofrecer más descuentos para clientes frecuentes.,Sugerencia
1086,El servicio al cliente fue muy lento y poco amable.,Queja
1087,"El sistema de turnos no funciona bien, deberían optimizarlo.",Queja
1088,El servicio al cliente fue muy lento y poco amable.,Queja
1089,"Los tiempos de espera son excesivos, deberían mejorarlo.",Queja
1090,El producto llegó defectuoso y tardaron en dar solución.,Queja
1091,Sería útil que agregaran un chat en vivo para consultas rápidas.,Sugerencia
1092,El ambiente en la tienda es muy agradable y acogedor.,Sugerencia
1093,No responden los correos de atención al cliente.,Queja
1094,No responden los correos de atención al cliente.,Queja
1095,No me gusta que el personal no esté bien capacitado.,Queja
1096,El personal debería recibir más entrenamiento en atención al cliente.,Sugerencia
1097,El producto llegó defectuoso y tardaron en dar solución.,Queja
1098,"Los tiempos de espera son excesivos, deberían mejorarlo.",Queja
1099,El servicio al cliente fue muy lento y poco amable.,Queja
1100,No responden los correos de atención al cliente.,Queja
1101,No me gusta que el personal no esté bien capacitado.,Queja
1102,Tuve un problema con mi compra y nadie me ayudó.,Queja
1103,El servicio telefónico es ineficiente y no resuelven dudas.,Queja
1104,"El sistema de turnos no funciona bien, deberían optimizarlo.",Queja
1105,Sería bueno que ampliaran la cobertura del servicio a más ciudades.,Sugerencia
1106,"La aplicación móvil tiene muchos errores, deberían mejorarla.",Queja
1107,"La aplicación móvil tiene muchos errores, deberían mejorarla.",Queja
1108,El producto llegó defectuoso y tardaron en dar solución.,Queja
1109,No responden los correos de atención al cliente.,Queja
1110,Deberían ofrecer más descuentos para clientes frecuentes.,Sugerencia
1111,Tuve un problema con mi compra y nadie me ayudó.,Queja
1112,Deberían ofrecer más descuentos para clientes frecuentes.,Sugerencia
1113,Sería genial si agregaran más opciones de pago.,Sugerencia
1114,Tuve un problema con mi compra y nadie me ayudó.,Queja
1115,El personal debería recibir más entrenamiento en atención al cliente.,Sugerencia
1116,"Los tiempos de espera son excesivos, deberían mejorarlo.",Queja
1117,El ambiente en la tienda es muy agradable y acogedor.,Sugerencia
1118,"Me encantó la atención que recibí, fueron muy atentos.",Sugerencia
1119,El ambiente en la tienda es muy agradable y acogedor.,Sugerencia
1120,"Los tiempos de espera son excesivos, deberían mejorarlo.",Queja
1121,Podrían mejorar la experiencia en línea con una mejor interfaz.,Sugerencia
1122,El ambiente en la tienda es muy agradable y acogedor.,Sugerencia
1123,"El sistema de turnos no funciona bien, deberían optimizarlo.",Queja
1124,No responden los correos de atención al cliente.,Queja
1125,Sería útil que agregaran un chat en vivo para consultas rápidas.,Sugerencia
1126,La página web es muy lenta y difícil de usar.,Queja
1127,Deberían ofrecer más descuentos para clientes frecuentes.,Sugerencia
1128,"La aplicación móvil tiene muchos errores, deberían mejorarla.",Queja
1129,Podrían mejorar la experiencia en línea con una mejor interfaz.,Sugerencia
1130,"El sistema de turnos no funciona bien, deberían optimizarlo.",Queja
1131,Podrían ampliar el horario de atención para mayor comodidad.,Sugerencia
1132,Podrían ampliar el horario de atención para mayor comodidad.,Sugerencia
1133,No me gusta que el personal no esté bien capacitado.,Queja
1134,El servicio telefónico es ineficiente y no resuelven dudas.,Queja
1135,Tuve un problema con mi compra y nadie me ayudó.,Queja
1136,Me gustaría que ofrecieran más promociones en productos populares.,Sugerencia
1137,Podrían ampliar el horario de atención para mayor comodidad.,Sugerencia
1138,El servicio telefónico es ineficiente y no resuelven dudas.,Queja
1139,No me gusta que el personal no esté bien capacitado.,Queja
1140,Sería bueno que ampliaran la cobertura del servicio a más ciudades.,Sugerencia
1141,"El sistema de turnos no funciona bien, deberían optimizarlo.",Queja
1142,Tuve un problema con mi compra y nadie me ayudó.,Queja
1143,Podrían ampliar el horario de atención para mayor comodidad.,Sugerencia
1144,La página web es muy lenta y difícil de usar.,Queja
1145,El ambiente en la tienda es muy agradable y acogedor.,Sugerencia
1146,"El sistema de turnos no funciona bien, deberían optimizarlo.",Queja
1147,El producto llegó defectuoso y tardaron en dar solución.,Queja
1148,El producto llegó defectuoso y tardaron en dar solución.,Queja
1149,"La aplicación móvil tiene muchos errores, deberían mejorarla.",Queja
1150,La página web es muy lenta y difícil de usar.,Queja
1151,"La aplicación móvil tiene muchos errores, deberían mejorarla.",Queja
1152,No me gusta que el personal no esté bien capacitado.,Queja
1153,Me gustaría que ofrecieran más promociones en productos populares.,Sugerencia
1154,Sería bueno que ampliaran la cobertura del servicio a más ciudades.,Sugerencia
1155,Me gustaría que ofrecieran más promociones en productos populares.,Sugerencia
1156,No responden los correos de atención al cliente.,Queja
1157,No responden los correos de atención al cliente.,Queja
1158,"Me encantó la atención que recibí, fueron muy atentos.",Sugerencia
1159,"El sistema de turnos no funciona bien, deberían optimizarlo.",Queja
1160,Podrían ampliar el horario de atención para mayor comodidad.,Sugerencia
1161,El servicio telefónico es ineficiente y no resuelven dudas.,Queja
1162,"Los tiempos de espera son excesivos, deberían mejorarlo.",Queja
1163,Me gustaría que ofrecieran más promociones en productos populares.,Sugerencia
1164,El ambiente en la tienda es muy agradable y acogedor.,Sugerencia
1165,Podrían mejorar la experiencia en línea con una mejor interfaz.,Sugerencia
1166,"Los tiempos de espera son excesivos, deberían mejorarlo.",Queja
1167,Podrían ampliar el horario de atención para mayor comodidad.,Sugerencia
1168,Tuve un problema con mi compra y nadie me ayudó.,Queja
1169,"Me encantó la atención que recibí, fueron muy atentos.",Sugerencia
1170,El producto llegó defectuoso y tardaron en dar solución.,Queja
1171,El servicio telefónico es ineficiente y no resuelven dudas.,Queja
1172,Podrían mejorar la experiencia en línea con una mejor interfaz.,Sugerencia
1173,El personal debería recibir más entrenamiento en atención al cliente.,Sugerencia
1174,"El sistema de turnos no funciona bien, deberían optimizarlo.",Queja
1175,La página web es muy lenta y difícil de usar.,Queja
1176,El servicio al cliente fue muy lento y poco amable.,Queja
1177,El ambiente en la tienda es muy agradable y acogedor.,Sugerencia
1178,"La aplicación móvil tiene muchos errores, deberían mejorarla.",Queja
1179,Sería útil que agregaran un chat en vivo para consultas rápidas.,Sugerencia
1180,El ambiente en la tienda es muy agradable y acogedor.,Sugerencia
1181,Podrían ampliar el horario de atención para mayor comodidad.,Sugerencia
1182,"Los tiempos de espera son excesivos, deberían mejorarlo.",Queja
1183,No me gusta que el personal no esté bien capacitado.,Queja
1184,"La aplicación móvil tiene muchos errores, deberían mejorarla.",Queja
1185,No responden los correos de atención al cliente.,Queja
1186,Podrían ampliar el horario de atención para mayor comodidad.,Sugerencia
1187,Sería genial si agregaran más opciones de pago.,Sugerencia
1188,La página web es muy lenta y difícil de usar.,Queja
1189,El servicio telefónico es ineficiente y no resuelven dudas.,Queja
1190,Tuve un problema con mi compra y nadie me ayudó.,Queja
1191,Me gustaría que ofrecieran más promociones en productos populares.,Sugerencia
1192,Me gustaría que ofrecieran más promociones en productos populares.,Sugerencia
1193,No me gusta que el personal no esté bien capacitado.,Queja
1194,"El sistema de turnos no funciona bien, deberían optimizarlo.",Queja
1195,No me gusta que el personal no esté bien capacitado.,Queja
1196,Podrían mejorar la experiencia en línea con una mejor interfaz.,Sugerencia
1197,No responden los correos de atención al cliente.,Queja
1198,El servicio al cliente fue muy lento y poco amable.,Queja
1199,Me gustaría que ofrecieran más promociones en productos populares.,Sugerencia
1200,Podrían mejorar la experiencia en línea con una mejor interfaz.,Sugerencia
1201,El producto llegó defectuoso y tardaron en dar solución.,Queja
1202,Sería útil que agregaran un chat en vivo para consultas rápidas.,Sugerencia
1203,El servicio telefónico es ineficiente y no resuelven dudas.,Queja
1204,El servicio al cliente fue muy lento y poco amable.,Queja
1205,La página web es muy lenta y difícil de usar.,Queja
1206,Sería bueno que ampliaran la cobertura del servicio a más ciudades.,Sugerencia
1207,"La aplicación móvil tiene muchos errores, deberían mejorarla.",Queja
1208,"La aplicación móvil tiene muchos errores, deberían mejorarla.",Queja
1209,Me gustaría que ofrecieran más promociones en productos populares.,Sugerencia
1210,Me gustaría que ofrecieran más promociones en productos populares.,Sugerencia
1211,Sería útil que agregaran un chat en vivo para consultas rápidas.,Sugerencia
1212,No me gusta que el personal no esté bien capacitado.,Queja
1213,Podrían ampliar el horario de atención para mayor comodidad.,Sugerencia
1214,Me gustaría que ofrecieran más promociones en productos populares.,Sugerencia
1215,El servicio al cliente fue muy lento y poco amable.,Queja
1216,Sería útil que agregaran un chat en vivo para consultas rápidas.,Sugerencia
1217,"Me encantó la atención que recibí, fueron muy atentos.",Sugerencia
1218,El servicio al cliente fue muy lento y poco amable.,Queja
1219,El personal debería recibir más entrenamiento en atención al cliente.,Sugerencia
1220,"El sistema de turnos no funciona bien, deberían optimizarlo.",Queja
1221,"La aplicación móvil tiene muchos errores, deberían mejorarla.",Queja
1222,Podrían mejorar la experiencia en línea con una mejor interfaz.,Sugerencia
1223,"Me encantó la atención que recibí, fueron muy atentos.",Sugerencia
1224,Tuve un problema con mi compra y nadie me ayudó.,Queja
1225,El ambiente en la tienda es muy agradable y acogedor.,Sugerencia
1226,Sería genial si agregaran más opciones de pago.,Sugerencia
1227,Sería genial si agregaran más opciones de pago.,Sugerencia
1228,No me gusta que el personal no esté bien capacitado.,Queja
1229,El ambiente en la tienda es muy agradable y acogedor.,Sugerencia
1230,Me gustaría que ofrecieran más promociones en productos populares.,Sugerencia
1231,El servicio al cliente fue muy lento y poco amable.,Queja
1232,La página web es muy lenta y difícil de usar.,Queja
1233,No responden los correos de atención al cliente.,Queja
1234,Podrían ampliar el horario de atención para mayor comodidad.,Sugerencia
1235,Deberían ofrecer más descuentos para clientes frecuentes.,Sugerencia
1236,"Me encantó la atención que recibí, fueron muy atentos.",Sugerencia
1237,Me gustaría que ofrecieran más promociones en productos populares.,Sugerencia
1238,La página web es muy lenta y difícil de usar.,Queja
1239,"La aplicación móvil tiene muchos errores, deberían mejorarla.",Queja
1240,Podrían mejorar la experiencia en línea con una mejor interfaz.,Sugerencia
1241,"La aplicación móvil tiene muchos errores, deberían mejorarla.",Queja
1242,"La aplicación móvil tiene muchos errores, deberían mejorarla.",Queja
1243,El servicio al cliente fue muy lento y poco amable.,Queja
1244,El ambiente en la tienda es muy agradable y acogedor.,Sugerencia
1245,El servicio al cliente fue muy lento y poco amable.,Queja
1246,No me gusta que el personal no esté bien capacitado.,Queja
1247,No responden los correos de atención al cliente.,Queja
1248,Deberían ofrecer más descuentos para clientes frecuentes.,Sugerencia
1249,Sería genial si agregaran más opciones de pago.,Sugerencia
1250,El servicio telefónico es ineficiente y no resuelven dudas.,Queja
1251,"Me encantó la atención que recibí, fueron muy atentos.",Sugerencia
1252,El producto llegó defectuoso y tardaron en dar solución.,Queja
1253,El producto llegó defectuoso y tardaron en dar solución.,Queja
1254,"El sistema de turnos no funciona bien, deberían optimizarlo.",Queja
1255,Podrían ampliar el horario de atención para mayor comodidad.,Sugerencia
1256,No responden los correos de atención al cliente.,Queja
1257,Sería bueno que ampliaran la cobertura del servicio a más ciudades.,Sugerencia
1258,Sería genial si agregaran más opciones de pago.,Sugerencia
1259,No responden los correos de atención al cliente.,Queja
1260,El servicio telefónico es ineficiente y no resuelven dudas.,Queja
1261,"El sistema de turnos no funciona bien, deberían optimizarlo.",Queja
1262,El servicio al cliente fue muy lento y poco amable.,Queja
1263,Podrían mejorar la experiencia en línea con una mejor interfaz.,Sugerencia
1264,No me gusta que el personal no esté bien capacitado.,Queja
1265,"Los tiempos de espera son excesivos, deberían mejorarlo.",Queja
1266,El servicio al cliente fue muy lento y poco amable.,Queja
1267,No me gusta que el personal no esté bien capacitado.,Queja
1268,Sería bueno que ampliaran la cobertura del servicio a más ciudades.,Sugerencia
1269,Me gustaría que ofrecieran más promociones en productos populares.,Sugerencia
1270,Sería útil que agregaran un chat en vivo para consultas rápidas.,Sugerencia
1271,Podrían mejorar la experiencia en línea con una mejor interfaz.,Sugerencia
1272,"La aplicación móvil tiene muchos errores, deberían mejorarla.",Queja
1273,No responden los correos de atención al cliente.,Queja
1274,El servicio al cliente fue muy lento y poco amable.,Queja
1275,El producto llegó defectuoso y tardaron en dar solución.,Queja
1276,Sería útil que agregaran un chat en vivo para consultas rápidas.,Sugerencia
1277,El producto llegó defectuoso y tardaron en dar solución.,Queja
1278,Sería útil que agregaran un chat en vivo para consultas rápidas.,Sugerencia
1279,"La aplicación móvil tiene muchos errores, deberían mejorarla.",Queja
1280,No responden los correos de atención al cliente.,Queja
1281,Sería útil que agregaran un chat en vivo para consultas rápidas.,Sugerencia
1282,Sería útil que agregaran un chat en vivo para consultas rápidas.,Sugerencia
1283,El producto llegó defectuoso y tardaron en dar solución.,Queja
1284,Podrían mejorar la experiencia en línea con una mejor interfaz.,Sugerencia
1285,No me gusta que el personal no esté bien capacitado.,Queja
1286,Me gustaría que ofrecieran más promociones en productos populares.,Sugerencia
1287,El ambiente en la tienda es muy agradable y acogedor.,Sugerencia
1288,"Los tiempos de espera son excesivos, deberían mejorarlo.",Queja
1289,Me gustaría que ofrecieran más promociones en productos populares.,Sugerencia
1290,Tuve un problema con mi compra y nadie me ayudó.,Queja
1291,Sería útil que agregaran un chat en vivo para consultas rápidas.,Sugerencia
1292,"La aplicación móvil tiene muchos errores, deberían mejorarla.",Queja
1293,El ambiente en la tienda es muy agradable y acogedor.,Sugerencia
1294,El ambiente en la tienda es muy agradable y acogedor.,Sugerencia
1295,"Me encantó la atención que recibí, fueron muy atentos.",Sugerencia
1296,Me gustaría que ofrecieran más promociones en productos populares.,Sugerencia
1297,Sería útil que agregaran un chat en vivo para consultas rápidas.,Sugerencia
1298,No responden los correos de atención al cliente.,Queja
1299,El servicio telefónico es ineficiente y no resuelven dudas.,Queja
1300,"Me encantó la atención que recibí, fueron muy atentos.",Sugerencia
1301,Deberían ofrecer más descuentos para clientes frecuentes.,Sugerencia
1302,"La aplicación móvil tiene muchos errores, deberían mejorarla.",Queja
1303,Podrían mejorar la experiencia en línea con una mejor interfaz.,Sugerencia
1304,Sería bueno que ampliaran la cobertura del servicio a más ciudades.,Sugerencia
1305,Sería útil que agregaran un chat en vivo para consultas rápidas.,Sugerencia
1306,"Me encantó la atención que recibí, fueron muy atentos.",Sugerencia
1307,No me gusta que el personal no esté bien capacitado.,Queja
1308,Tuve un problema con mi compra y nadie me ayudó.,Queja
1309,Deberían ofrecer más descuentos para clientes frecuentes.,Sugerencia
1310,Me gustaría que ofrecieran más promociones en productos populares.,Sugerencia
1311,El servicio al cliente fue muy lento y poco amable.,Queja
1312,El personal debería recibir más entrenamiento en atención al cliente.,Sugerencia
1313,Podrían ampliar el horario de atención para mayor comodidad.,Sugerencia
1314,El servicio al cliente fue muy lento y poco amable.,Queja
1315,Me gustaría que ofrecieran más promociones en productos populares.,Sugerencia
1316,Podrían mejorar la experiencia en línea con una mejor interfaz.,Sugerencia
1317,Sería bueno que ampliaran la cobertura del servicio a más ciudades.,Sugerencia
1318,El ambiente en la tienda es muy agradable y acogedor.,Sugerencia
1319,El producto llegó defectuoso y tardaron en dar solución.,Queja
1320,"Los tiempos de espera son excesivos, deberían mejorarlo.",Queja
1321,Deberían ofrecer más descuentos para clientes frecuentes.,Sugerencia
1322,"El sistema de turnos no funciona bien, deberían optimizarlo.",Queja
1323,Deberían ofrecer más descuentos para clientes frecuentes.,Sugerencia
1324,Deberían ofrecer más descuentos para clientes frecuentes.,Sugerencia
1325,El ambiente en la tienda es muy agradable y acogedor.,Sugerencia
1326,El servicio telefónico es ineficiente y no resuelven dudas.,Queja
1327,"La aplicación móvil tiene muchos errores, deberían mejorarla.",Queja
1328,No responden los correos de atención al cliente.,Queja
1329,El servicio al cliente fue muy lento y poco amable.,Queja
1330,Podrían mejorar la experiencia en línea con una mejor interfaz.,Sugerencia
1331,"Los tiempos de espera son excesivos, deberían mejorarlo.",Queja
1332,Sería genial si agregaran más opciones de pago.,Sugerencia
1333,No me gusta que el personal no esté bien capacitado.,Queja
1334,El personal debería recibir más entrenamiento en atención al cliente.,Sugerencia
1335,Deberían ofrecer más descuentos para clientes frecuentes.,Sugerencia
1336,Tuve un problema con mi compra y nadie me ayudó.,Queja
1337,La página web es muy lenta y difícil de usar.,Queja
1338,"El sistema de turnos no funciona bien, deberían optimizarlo.",Queja
1339,Podrían ampliar el horario de atención para mayor comodidad.,Sugerencia
1340,No responden los correos de atención al cliente.,Queja
1341,Podrían ampliar el horario de atención para mayor comodidad.,Sugerencia
1342,"Me encantó la atención que recibí, fueron muy atentos.",Sugerencia
1343,Sería genial si agregaran más opciones de pago.,Sugerencia
1344,El personal debería recibir más entrenamiento en atención al cliente.,Sugerencia
1345,El servicio al cliente fue muy lento y poco amable.,Queja
1346,"Me encantó la atención que recibí, fueron muy atentos.",Sugerencia
1347,Podrían ampliar el horario de atención para mayor comodidad.,Sugerencia
1348,El ambiente en la tienda es muy agradable y acogedor.,Sugerencia
1349,El personal debería recibir más entrenamiento en atención al cliente.,Sugerencia
1350,Sería útil que agregaran un chat en vivo para consultas rápidas.,Sugerencia
1351,El ambiente en la tienda es muy agradable y acogedor.,Sugerencia
1352,El ambiente en la tienda es muy agradable y acogedor.,Sugerencia
1353,El servicio al cliente fue muy lento y poco amable.,Queja
1354,Sería bueno que ampliaran la cobertura del servicio a más ciudades.,Sugerencia
1355,Sería bueno que ampliaran la cobertura del servicio a más ciudades.,Sugerencia
1356,Me gustaría que ofrecieran más promociones en productos populares.,Sugerencia
1357,"Los tiempos de espera son excesivos, deberían mejorarlo.",Queja
1358,Me gustaría que ofrecieran más promociones en productos populares.,Sugerencia
1359,El ambiente en la tienda es muy agradable y acogedor.,Sugerencia
1360,Sería útil que agregaran un chat en vivo para consultas rápidas.,Sugerencia
1361,El ambiente en la tienda es muy agradable y acogedor.,Sugerencia
1362,Deberían ofrecer más descuentos para clientes frecuentes.,Sugerencia
1363,Tuve un problema con mi compra y nadie me ayudó.,Queja
1364,"Me encantó la atención que recibí, fueron muy atentos.",Sugerencia
1365,No me gusta que el personal no esté bien capacitado.,Queja
1366,"El sistema de turnos no funciona bien, deberían optimizarlo.",Queja
1367,"La aplicación móvil tiene muchos errores, deberían mejorarla.",Queja
1368,Sería bueno que ampliaran la cobertura del servicio a más ciudades.,Sugerencia
1369,"Me encantó la atención que recibí, fueron muy atentos.",Sugerencia
1370,La página web es muy lenta y difícil de usar.,Queja
1371,El producto llegó defectuoso y tardaron en dar solución.,Queja
1372,Sería genial si agregaran más opciones de pago.,Sugerencia
1373,Deberían ofrecer más descuentos para clientes frecuentes.,Sugerencia
1374,El ambiente en la tienda es muy agradable y acogedor.,Sugerencia
1375,El ambiente en la tienda es muy agradable y acogedor.,Sugerencia
1376,Me gustaría que ofrecieran más promociones en productos populares.,Sugerencia
1377,"El sistema de turnos no funciona bien, deberían optimizarlo.",Queja
1378,"El sistema de turnos no funciona bien, deberían optimizarlo.",Queja
1379,Sería bueno que ampliaran la cobertura del servicio a más ciudades.,Sugerencia
1380,El ambiente en la tienda es muy agradable y acogedor.,Sugerencia
1381,No me gusta que el personal no esté bien capacitado.,Queja
1382,El ambiente en la tienda es muy agradable y acogedor.,Sugerencia
1383,El servicio telefónico es ineficiente y no resuelven dudas.,Queja
1384,"El sistema de turnos no funciona bien, deberían optimizarlo.",Queja
1385,"Me encantó la atención que recibí, fueron muy atentos.",Sugerencia
1386,No me gusta que el personal no esté bien capacitado.,Queja
1387,El producto llegó defectuoso y tardaron en dar solución.,Queja
1388,Me gustaría que ofrecieran más promociones en productos populares.,Sugerencia
1389,El producto llegó defectuoso y tardaron en dar solución.,Queja
1390,El servicio al cliente fue muy lento y poco amable.,Queja
1391,Sería bueno que ampliaran la cobertura del servicio a más ciudades.,Sugerencia
1392,No me gusta que el personal no esté bien capacitado.,Queja
1393,"La aplicación móvil tiene muchos errores, deberían mejorarla.",Queja
1394,Tuve un problema con mi compra y nadie me ayudó.,Queja
1395,"El sistema de turnos no funciona bien, deberían optimizarlo.",Queja
1396,Podrían mejorar la experiencia en línea con una mejor interfaz.,Sugerencia
1397,Podrían mejorar la experiencia en línea con una mejor interfaz.,Sugerencia
1398,No me gusta que el personal no esté bien capacitado.,Queja
1399,El producto llegó defectuoso y tardaron en dar solución.,Queja
1400,"La aplicación móvil tiene muchos errores, deberían mejorarla.",Queja
1401,"Los tiempos de espera son excesivos, deberían mejorarlo.",Queja
1402,Sería bueno que ampliaran la cobertura del servicio a más ciudades.,Sugerencia
1403,"Los tiempos de espera son excesivos, deberían mejorarlo.",Queja
1404,"El sistema de turnos no funciona bien, deberían optimizarlo.",Queja
1405,Tuve un problema con mi compra y nadie me ayudó.,Queja
1406,"Los tiempos de espera son excesivos, deberían mejorarlo.",Queja
1407,"La aplicación móvil tiene muchos errores, deberían mejorarla.",Queja
1408,Tuve un problema con mi compra y nadie me ayudó.,Queja
1409,No responden los correos de atención al cliente.,Queja
1410,Podrían ampliar el horario de atención para mayor comodidad.,Sugerencia
1411,Tuve un problema con mi compra y nadie me ayudó.,Queja
1412,"Me encantó la atención que recibí, fueron muy atentos.",Sugerencia
1413,Sería genial si agregaran más opciones de pago.,Sugerencia
1414,La página web es muy lenta y difícil de usar.,Queja
1415,El personal debería recibir más entrenamiento en atención al cliente.,Sugerencia
1416,Podrían mejorar la experiencia en línea con una mejor interfaz.,Sugerencia
1417,El ambiente en la tienda es muy agradable y acogedor.,Sugerencia
1418,El producto llegó defectuoso y tardaron en dar solución.,Queja
1419,Deberían ofrecer más descuentos para clientes frecuentes.,Sugerencia
1420,"Me encantó la atención que recibí, fueron muy atentos.",Sugerencia
1421,El servicio al cliente fue muy lento y poco amable.,Queja
1422,El servicio telefónico es ineficiente y no resuelven dudas.,Queja
1423,"Me encantó la atención que recibí, fueron muy atentos.",Sugerencia
1424,Sería bueno que ampliaran la cobertura del servicio a más ciudades.,Sugerencia
1425,El ambiente en la tienda es muy agradable y acogedor.,Sugerencia
1426,Sería genial si agregaran más opciones de pago.,Sugerencia
1427,El ambiente en la tienda es muy agradable y acogedor.,Sugerencia
1428,La página web es muy lenta y difícil de usar.,Queja
1429,Sería bueno que ampliaran la cobertura del servicio a más ciudades.,Sugerencia
1430,Sería bueno que ampliaran la cobertura del servicio a más ciudades.,Sugerencia
1431,No me gusta que el personal no esté bien capacitado.,Queja
1432,"El sistema de turnos no funciona bien, deberían optimizarlo.",Queja
1433,El producto llegó defectuoso y tardaron en dar solución.,Queja
1434,El personal debería recibir más entrenamiento en atención al cliente.,Sugerencia
1435,Podrían ampliar el horario de atención para mayor comodidad.,Sugerencia
1436,"El sistema de turnos no funciona bien, deberían optimizarlo.",Queja
1437,Tuve un problema con mi compra y nadie me ayudó.,Queja
1438,No me gusta que el personal no esté bien capacitado.,Queja
1439,El producto llegó defectuoso y tardaron en dar solución.,Queja
1440,El personal debería recibir más entrenamiento en atención al cliente.,Sugerencia
1441,Sería útil que agregaran un chat en vivo para consultas rápidas.,Sugerencia
1442,Me gustaría que ofrecieran más promociones en productos populares.,Sugerencia
1443,No responden los correos de atención al cliente.,Queja
1444,El producto llegó defectuoso y tardaron en dar solución.,Queja
1445,La página web es muy lenta y difícil de usar.,Queja
1446,El personal debería recibir más entrenamiento en atención al cliente.,Sugerencia
1447,"El sistema de turnos no funciona bien, deberían optimizarlo.",Queja
1448,"La aplicación móvil tiene muchos errores, deberían mejorarla.",Queja
1449,El personal debería recibir más entrenamiento en atención al cliente.,Sugerencia
1450,Sería útil que agregaran un chat en vivo para consultas rápidas.,Sugerencia
1451,"Me encantó la atención que recibí, fueron muy atentos.",Sugerencia
1452,"El sistema de turnos no funciona bien, deberían optimizarlo.",Queja
1453,Tuve un problema con mi compra y nadie me ayudó.,Queja
1454,"Los tiempos de espera son excesivos, deberían mejorarlo.",Queja
1455,Sería bueno que ampliaran la cobertura del servicio a más ciudades.,Sugerencia
1456,"La aplicación móvil tiene muchos errores, deberían mejorarla.",Queja
1457,Sería útil que agregaran un chat en vivo para consultas rápidas.,Sugerencia
1458,No responden los correos de atención al cliente.,Queja
1459,Podrían ampliar el horario de atención para mayor comodidad.,Sugerencia
1460,"La aplicación móvil tiene muchos errores, deberían mejorarla.",Queja
1461,No responden los correos de atención al cliente.,Queja
1462,El ambiente en la tienda es muy agradable y acogedor.,Sugerencia
1463,"La aplicación móvil tiene muchos errores, deberían mejorarla.",Queja
1464,Podrían ampliar el horario de atención para mayor comodidad.,Sugerencia
1465,Sería útil que agregaran un chat en vivo para consultas rápidas.,Sugerencia
1466,Tuve un problema con mi compra y nadie me ayudó.,Queja
1467,El servicio al cliente fue muy lento y poco amable.,Queja
1468,Sería útil que agregaran un chat en vivo para consultas rápidas.,Sugerencia
1469,"Me encantó la atención que recibí, fueron muy atentos.",Sugerencia
1470,Sería genial si agregaran más opciones de pago.,Sugerencia
1471,Tuve un problema con mi compra y nadie me ayudó.,Queja
1472,Tuve un problema con mi compra y nadie me ayudó.,Queja
1473,Podrían mejorar la experiencia en línea con una mejor interfaz.,Sugerencia
1474,"La aplicación móvil tiene muchos errores, deberían mejorarla.",Queja
1475,El servicio telefónico es ineficiente y no resuelven dudas.,Queja
1476,Tuve un problema con mi compra y nadie me ayudó.,Queja
1477,La página web es muy lenta y difícil de usar.,Queja
1478,No me gusta que el personal no esté bien capacitado.,Queja
1479,"Me encantó la atención que recibí, fueron muy atentos.",Sugerencia
1480,No me gusta que el personal no esté bien capacitado.,Queja
1481,"Me encantó la atención que recibí, fueron muy atentos.",Sugerencia
1482,El producto llegó defectuoso y tardaron en dar solución.,Queja
1483,Sería útil que agregaran un chat en vivo para consultas rápidas.,Sugerencia
1484,"El sistema de turnos no funciona bien, deberían optimizarlo.",Queja
1485,"Los tiempos de espera son excesivos, deberían mejorarlo.",Queja
1486,"Los tiempos de espera son excesivos, deberían mejorarlo.",Queja
1487,Sería bueno que ampliaran la cobertura del servicio a más ciudades.,Sugerencia
1488,Deberían ofrecer más descuentos para clientes frecuentes.,Sugerencia
1489,"Los tiempos de espera son excesivos, deberían mejorarlo.",Queja
1490,Podrían mejorar la experiencia en línea con una mejor interfaz.,Sugerencia
1491,El personal debería recibir más entrenamiento en atención al cliente.,Sugerencia
1492,No me gusta que el personal no esté bien capacitado.,Queja
1493,Me gustaría que ofrecieran más promociones en productos populares.,Sugerencia
1494,"Los tiempos de espera son excesivos, deberían mejorarlo.",Queja
1495,No responden los correos de atención al cliente.,Queja
1496,Me gustaría que ofrecieran más promociones en productos populares.,Sugerencia
1497,Sería bueno que ampliaran la cobertura del servicio a más ciudades.,Sugerencia
1498,La página web es muy lenta y difícil de usar.,Queja
1499,"Me encantó la atención que recibí, fueron muy atentos.",Sugerencia
1500,Sería útil que agregaran un chat en vivo para consultas rápidas.,Sugerencia
1501,Me gustaría que ofrecieran más promociones en productos populares.,Sugerencia
1502,Sería genial si agregaran más opciones de pago.,Sugerencia
1503,"La aplicación móvil tiene muchos errores, deberían mejorarla.",Queja
1504,El servicio al cliente fue muy lento y poco amable.,Queja
1505,No me gusta que el personal no esté bien capacitado.,Queja
1506,El personal debería recibir más entrenamiento en atención al cliente.,Sugerencia
1507,Podrían mejorar la experiencia en línea con una mejor interfaz.,Sugerencia
1508,Podrían mejorar la experiencia en línea con una mejor interfaz.,Sugerencia
1509,El ambiente en la tienda es muy agradable y acogedor.,Sugerencia
1510,Sería bueno que ampliaran la cobertura del servicio a más ciudades.,Sugerencia
1511,Podrían mejorar la experiencia en línea con una mejor interfaz.,Sugerencia
1512,"Me encantó la atención que recibí, fueron muy atentos.",Sugerencia
1513,El producto llegó defectuoso y tardaron en dar solución.,Queja
1514,El personal debería recibir más entrenamiento en atención al cliente.,Sugerencia
1515,No me gusta que el personal no esté bien capacitado.,Queja
1516,Deberían ofrecer más descuentos para clientes frecuentes.,Sugerencia
1517,"Los tiempos de espera son excesivos, deberían mejorarlo.",Queja
1518,Sería útil que agregaran un chat en vivo para consultas rápidas.,Sugerencia
1519,El producto llegó defectuoso y tardaron en dar solución.,Queja
1520,"Los tiempos de espera son excesivos, deberían mejorarlo.",Queja
1521,El ambiente en la tienda es muy agradable y acogedor.,Sugerencia
1522,"El sistema de turnos no funciona bien, deberían optimizarlo.",Queja
1523,No responden los correos de atención al cliente.,Queja
1524,Sería útil que agregaran un chat en vivo para consultas rápidas.,Sugerencia
1525,Sería genial si agregaran más opciones de pago.,Sugerencia
1526,El producto llegó defectuoso y tardaron en dar solución.,Queja
1527,La página web es muy lenta y difícil de usar.,Queja
1528,El producto llegó defectuoso y tardaron en dar solución.,Queja
1529,Sería útil que agregaran un chat en vivo para consultas rápidas.,Sugerencia
1530,La página web es muy lenta y difícil de usar.,Queja
1531,El producto llegó defectuoso y tardaron en dar solución.,Queja
1532,Tuve un problema con mi compra y nadie me ayudó.,Queja
1533,"El sistema de turnos no funciona bien, deberían optimizarlo.",Queja
1534,El producto llegó defectuoso y tardaron en dar solución.,Queja
1535,"La aplicación móvil tiene muchos errores, deberían mejorarla.",Queja
1536,Deberían ofrecer más descuentos para clientes frecuentes.,Sugerencia
1537,Podrían ampliar el horario de atención para mayor comodidad.,Sugerencia
1538,El ambiente en la tienda es muy agradable y acogedor.,Sugerencia
1539,Me gustaría que ofrecieran más promociones en productos populares.,Sugerencia
1540,Podrían mejorar la experiencia en línea con una mejor interfaz.,Sugerencia
1541,El servicio telefónico es ineficiente y no resuelven dudas.,Queja
1542,Tuve un problema con mi compra y nadie me ayudó.,Queja
1543,Podrían ampliar el horario de atención para mayor comodidad.,Sugerencia
1544,Podrían mejorar la experiencia en línea con una mejor interfaz.,Sugerencia
1545,Me gustaría que ofrecieran más promociones en productos populares.,Sugerencia
1546,Podrían mejorar la experiencia en línea con una mejor interfaz.,Sugerencia
1547,"La aplicación móvil tiene muchos errores, deberían mejorarla.",Queja
1548,El servicio al cliente fue muy lento y poco amable.,Queja
1549,Tuve un problema con mi compra y nadie me ayudó.,Queja
1550,El personal debería recibir más entrenamiento en atención al cliente.,Sugerencia
1551,Deberían ofrecer más descuentos para clientes frecuentes.,Sugerencia
1552,El servicio al cliente fue muy lento y poco amable.,Queja
1553,La página web es muy lenta y difícil de usar.,Queja
1554,La página web es muy lenta y difícil de usar.,Queja
1555,Tuve un problema con mi compra y nadie me ayudó.,Queja
1556,El producto llegó defectuoso y tardaron en dar solución.,Queja
1557,"La aplicación móvil tiene muchos errores, deberían mejorarla.",Queja
1558,El producto llegó defectuoso y tardaron en dar solución.,Queja
1559,Podrían ampliar el horario de atención para mayor comodidad.,Sugerencia
1560,Sería bueno que ampliaran la cobertura del servicio a más ciudades.,Sugerencia
1561,La página web es muy lenta y difícil de usar.,Queja
1562,"Los tiempos de espera son excesivos, deberían mejorarlo.",Queja
1563,El servicio telefónico es ineficiente y no resuelven dudas.,Queja
1564,Podrían mejorar la experiencia en línea con una mejor interfaz.,Sugerencia
1565,Sería genial si agregaran más opciones de pago.,Sugerencia
1566,Sería genial si agregaran más opciones de pago.,Sugerencia
1567,"La aplicación móvil tiene muchos errores, deberían mejorarla.",Queja
1568,Sería útil que agregaran un chat en vivo para consultas rápidas.,Sugerencia
1569,Deberían ofrecer más descuentos para clientes frecuentes.,Sugerencia
1570,No me gusta que el personal no esté bien capacitado.,Queja
1571,Tuve un problema con mi compra y nadie me ayudó.,Queja
1572,Sería útil que agregaran un chat en vivo para consultas rápidas.,Sugerencia
1573,Sería útil que agregaran un chat en vivo para consultas rápidas.,Sugerencia
1574,"Los tiempos de espera son excesivos, deberían mejorarlo.",Queja
1575,No responden los correos de atención al cliente.,Queja
1576,Me gustaría que ofrecieran más promociones en productos populares.,Sugerencia
1577,Podrían mejorar la experiencia en línea con una mejor interfaz.,Sugerencia
1578,La página web es muy lenta y difícil de usar.,Queja
1579,Sería genial si agregaran más opciones de pago.,Sugerencia
1580,"El sistema de turnos no funciona bien, deberían optimizarlo.",Queja
1581,La página web es muy lenta y difícil de usar.,Queja
1582,"La aplicación móvil tiene muchos errores, deberían mejorarla.",Queja
1583,La página web es muy lenta y difícil de usar.,Queja
1584,Tuve un problema con mi compra y nadie me ayudó.,Queja
1585,"La aplicación móvil tiene muchos errores, deberían mejorarla.",Queja
1586,Deberían ofrecer más descuentos para clientes frecuentes.,Sugerencia
1587,"El sistema de turnos no funciona bien, deberían optimizarlo.",Queja
1588,Me gustaría que ofrecieran más promociones en productos populares.,Sugerencia
1589,El servicio al cliente fue muy lento y poco amable.,Queja
1590,"El sistema de turnos no funciona bien, deberían optimizarlo.",Queja
1591,Deberían ofrecer más descuentos para clientes frecuentes.,Sugerencia
1592,Sería útil que agregaran un chat en vivo para consultas rápidas.,Sugerencia
1593,Me gustaría que ofrecieran más promociones en productos populares.,Sugerencia
1594,El servicio telefónico es ineficiente y no resuelven dudas.,Queja
1595,El personal debería recibir más entrenamiento en atención al cliente.,Sugerencia
1596,El servicio al cliente fue muy lento y poco amable.,Queja
1597,Sería genial si agregaran más opciones de pago.,Sugerencia
1598,No responden los correos de atención al cliente.,Queja
1599,Sería bueno que ampliaran la cobertura del servicio a más ciudades.,Sugerencia
1600,Sería bueno que ampliaran la cobertura del servicio a más ciudades.,Sugerencia
1601,Sería bueno que ampliaran la cobertura del servicio a más ciudades.,Sugerencia
1602,Me gustaría que ofrecieran más promociones en productos populares.,Sugerencia
1603,Sería útil que agregaran un chat en vivo para consultas rápidas.,Sugerencia
1604,Me gustaría que ofrecieran más promociones en productos populares.,Sugerencia
1605,No me gusta que el personal no esté bien capacitado.,Queja
1606,La página web es muy lenta y difícil de usar.,Queja
1607,El ambiente en la tienda es muy agradable y acogedor.,Sugerencia
1608,Podrían ampliar el horario de atención para mayor comodidad.,Sugerencia
1609,La página web es muy lenta y difícil de usar.,Queja
1610,El producto llegó defectuoso y tardaron en dar solución.,Queja
1611,El producto llegó defectuoso y tardaron en dar solución.,Queja
1612,Podrían mejorar la experiencia en línea con una mejor interfaz.,Sugerencia
1613,"Me encantó la atención que recibí, fueron muy atentos.",Sugerencia
1614,Sería genial si agregaran más opciones de pago.,Sugerencia
1615,No me gusta que el personal no esté bien capacitado.,Queja
1616,No me gusta que el personal no esté bien capacitado.,Queja
1617,Podrían mejorar la experiencia en línea con una mejor interfaz.,Sugerencia
1618,Sería bueno que ampliaran la cobertura del servicio a más ciudades.,Sugerencia
1619,"Me encantó la atención que recibí, fueron muy atentos.",Sugerencia
1620,Deberían ofrecer más descuentos para clientes frecuentes.,Sugerencia
1621,Me gustaría que ofrecieran más promociones en productos populares.,Sugerencia
1622,Sería bueno que ampliaran la cobertura del servicio a más ciudades.,Sugerencia
1623,"Me encantó la atención que recibí, fueron muy atentos.",Sugerencia
1624,El personal debería recibir más entrenamiento en atención al cliente.,Sugerencia
1625,Me gustaría que ofrecieran más promociones en productos populares.,Sugerencia
1626,El servicio telefónico es ineficiente y no resuelven dudas.,Queja
1627,"La aplicación móvil tiene muchos errores, deberían mejorarla.",Queja
1628,El ambiente en la tienda es muy agradable y acogedor.,Sugerencia
1629,El producto llegó defectuoso y tardaron en dar solución.,Queja
1630,Sería genial si agregaran más opciones de pago.,Sugerencia
1631,"El sistema de turnos no funciona bien, deberían optimizarlo.",Queja
1632,Sería genial si agregaran más opciones de pago.,Sugerencia
1633,Deberían ofrecer más descuentos para clientes frecuentes.,Sugerencia
1634,No responden los correos de atención al cliente.,Queja
1635,Sería bueno que ampliaran la cobertura del servicio a más ciudades.,Sugerencia
1636,Podrían mejorar la experiencia en línea con una mejor interfaz.,Sugerencia
1637,El ambiente en la tienda es muy agradable y acogedor.,Sugerencia
1638,El producto llegó defectuoso y tardaron en dar solución.,Queja
1639,No responden los correos de atención al cliente.,Queja
1640,El servicio telefónico es ineficiente y no resuelven dudas.,Queja
1641,Sería genial si agregaran más opciones de pago.,Sugerencia
1642,No me gusta que el personal no esté bien capacitado.,Queja
1643,"La aplicación móvil tiene muchos errores, deberían mejorarla.",Queja
1644,Sería bueno que ampliaran la cobertura del servicio a más ciudades.,Sugerencia
1645,Podrían ampliar el horario de atención para mayor comodidad.,Sugerencia
1646,"El sistema de turnos no funciona bien, deberían optimizarlo.",Queja
1647,Deberían ofrecer más descuentos para clientes frecuentes.,Sugerencia
1648,Deberían ofrecer más descuentos para clientes frecuentes.,Sugerencia
1649,"Me encantó la atención que recibí, fueron muy atentos.",Sugerencia
1650,Deberían ofrecer más descuentos para clientes frecuentes.,Sugerencia
1651,El servicio telefónico es ineficiente y no resuelven dudas.,Queja
1652,Me gustaría que ofrecieran más promociones en productos populares.,Sugerencia
1653,"La aplicación móvil tiene muchos errores, deberían mejorarla.",Queja
1654,"La aplicación móvil tiene muchos errores, deberían mejorarla.",Queja
1655,El personal debería recibir más entrenamiento en atención al cliente.,Sugerencia
1656,"Los tiempos de espera son excesivos, deberían mejorarlo.",Queja
1657,Deberían ofrecer más descuentos para clientes frecuentes.,Sugerencia
1658,La página web es muy lenta y difícil de usar.,Queja
1659,Podrían mejorar la experiencia en línea con una mejor interfaz.,Sugerencia
1660,El servicio telefónico es ineficiente y no resuelven dudas.,Queja
1661,Deberían ofrecer más descuentos para clientes frecuentes.,Sugerencia
1662,Podrían mejorar la experiencia en línea con una mejor interfaz.,Sugerencia
1663,Sería útil que agregaran un chat en vivo para consultas rápidas.,Sugerencia
1664,"El sistema de turnos no funciona bien, deberían optimizarlo.",Queja
1665,El servicio al cliente fue muy lento y poco amable.,Queja
1666,No me gusta que el personal no esté bien capacitado.,Queja
1667,"La aplicación móvil tiene muchos errores, deberían mejorarla.",Queja
1668,El personal debería recibir más entrenamiento en atención al cliente.,Sugerencia
1669,"Me encantó la atención que recibí, fueron muy atentos.",Sugerencia
1670,No responden los correos de atención al cliente.,Queja
1671,"El sistema de turnos no funciona bien, deberían optimizarlo.",Queja
1672,"El sistema de turnos no funciona bien, deberían optimizarlo.",Queja
1673,Me gustaría que ofrecieran más promociones en productos populares.,Sugerencia
1674,El servicio telefónico es ineficiente y no resuelven dudas.,Queja
1675,El personal debería recibir más entrenamiento en atención al cliente.,Sugerencia
1676,"Me encantó la atención que recibí, fueron muy atentos.",Sugerencia
1677,Podrían mejorar la experiencia en línea con una mejor interfaz.,Sugerencia
1678,El ambiente en la tienda es muy agradable y acogedor.,Sugerencia
1679,El servicio telefónico es ineficiente y no resuelven dudas.,Queja
1680,El personal debería recibir más entrenamiento en atención al cliente.,Sugerencia
1681,No responden los correos de atención al cliente.,Queja
1682,Podrían ampliar el horario de atención para mayor comodidad.,Sugerencia
1683,Sería útil que agregaran un chat en vivo para consultas rápidas.,Sugerencia
1684,"La aplicación móvil tiene muchos errores, deberían mejorarla.",Queja
1685,Sería útil que agregaran un chat en vivo para consultas rápidas.,Sugerencia
1686,No responden los correos de atención al cliente.,Queja
1687,Podrían mejorar la experiencia en línea con una mejor interfaz.,Sugerencia
1688,"La aplicación móvil tiene muchos errores, deberían mejorarla.",Queja
1689,Sería genial si agregaran más opciones de pago.,Sugerencia
1690,Tuve un problema con mi compra y nadie me ayudó.,Queja
1691,El servicio telefónico es ineficiente y no resuelven dudas.,Queja
1692,No me gusta que el personal no esté bien capacitado.,Queja
1693,Podrían mejorar la experiencia en línea con una mejor interfaz.,Sugerencia
1694,El servicio telefónico es ineficiente y no resuelven dudas.,Queja
1695,Sería útil que agregaran un chat en vivo para consultas rápidas.,Sugerencia
1696,Me gustaría que ofrecieran más promociones en productos populares.,Sugerencia
1697,Sería útil que agregaran un chat en vivo para consultas rápidas.,Sugerencia
1698,Me gustaría que ofrecieran más promociones en productos populares.,Sugerencia
1699,Podrían mejorar la experiencia en línea con una mejor interfaz.,Sugerencia
1700,El personal debería recibir más entrenamiento en atención al cliente.,Sugerencia
1701,El producto llegó defectuoso y tardaron en dar solución.,Queja
1702,Sería genial si agregaran más opciones de pago.,Sugerencia
1703,Tuve un problema con mi compra y nadie me ayudó.,Queja
1704,"El sistema de turnos no funciona bien, deberían optimizarlo.",Queja
1705,Sería útil que agregaran un chat en vivo para consultas rápidas.,Sugerencia
1706,No responden los correos de atención al cliente.,Queja
1707,El personal debería recibir más entrenamiento en atención al cliente.,Sugerencia
1708,"Los tiempos de espera son excesivos, deberían mejorarlo.",Queja
1709,Me gustaría que ofrecieran más promociones en productos populares.,Sugerencia
1710,No responden los correos de atención al cliente.,Queja
1711,Podrían mejorar la experiencia en línea con una mejor interfaz.,Sugerencia
1712,La página web es muy lenta y difícil de usar.,Queja
1713,El personal debería recibir más entrenamiento en atención al cliente.,Sugerencia
1714,El ambiente en la tienda es muy agradable y acogedor.,Sugerencia
1715,Podrían ampliar el horario de atención para mayor comodidad.,Sugerencia
1716,Podrían ampliar el horario de atención para mayor comodidad.,Sugerencia
1717,Podrían mejorar la experiencia en línea con una mejor interfaz.,Sugerencia
1718,El servicio telefónico es ineficiente y no resuelven dudas.,Queja
1719,Sería útil que agregaran un chat en vivo para consultas rápidas.,Sugerencia
1720,"La aplicación móvil tiene muchos errores, deberían mejorarla.",Queja
1721,No responden los correos de atención al cliente.,Queja
1722,Sería bueno que ampliaran la cobertura del servicio a más ciudades.,Sugerencia
1723,El servicio al cliente fue muy lento y poco amable.,Queja
1724,"Me encantó la atención que recibí, fueron muy atentos.",Sugerencia
1725,"Me encantó la atención que recibí, fueron muy atentos.",Sugerencia
1726,No me gusta que el personal no esté bien capacitado.,Queja
1727,El servicio telefónico es ineficiente y no resuelven dudas.,Queja
1728,"Los tiempos de espera son excesivos, deberían mejorarlo.",Queja
1729,El servicio al cliente fue muy lento y poco amable.,Queja
1730,El producto llegó defectuoso y tardaron en dar solución.,Queja
1731,La página web es muy lenta y difícil de usar.,Queja
1732,Deberían ofrecer más descuentos para clientes frecuentes.,Sugerencia
1733,"El sistema de turnos no funciona bien, deberían optimizarlo.",Queja
1734,El personal debería recibir más entrenamiento en atención al cliente.,Sugerencia
1735,"El sistema de turnos no funciona bien, deberían optimizarlo.",Queja
1736,El personal debería recibir más entrenamiento en atención al cliente.,Sugerencia
1737,Sería genial si agregaran más opciones de pago.,Sugerencia
1738,Sería útil que agregaran un chat en vivo para consultas rápidas.,Sugerencia
1739,"Me encantó la atención que recibí, fueron muy atentos.",Sugerencia
1740,Sería genial si agregaran más opciones de pago.,Sugerencia
1741,Sería genial si agregaran más opciones de pago.,Sugerencia
1742,Podrían ampliar el horario de atención para mayor comodidad.,Sugerencia
1743,Sería útil que agregaran un chat en vivo para consultas rápidas.,Sugerencia
1744,"El sistema de turnos no funciona bien, deberían optimizarlo.",Queja
1745,Tuve un problema con mi compra y nadie me ayudó.,Queja
1746,Podrían ampliar el horario de atención para mayor comodidad.,Sugerencia
1747,El servicio al cliente fue muy lento y poco amable.,Queja
1748,No responden los correos de atención al cliente.,Queja
1749,El servicio telefónico es ineficiente y no resuelven dudas.,Queja
1750,La página web es muy lenta y difícil de usar.,Queja
1751,Sería bueno que ampliaran la cobertura del servicio a más ciudades.,Sugerencia
1752,Deberían ofrecer más descuentos para clientes frecuentes.,Sugerencia
1753,El servicio telefónico es ineficiente y no resuelven dudas.,Queja
1754,La página web es muy lenta y difícil de usar.,Queja
1755,Podrían ampliar el horario de atención para mayor comodidad.,Sugerencia
1756,El ambiente en la tienda es muy agradable y acogedor.,Sugerencia
1757,"Me encantó la atención que recibí, fueron muy atentos.",Sugerencia
1758,"Me encantó la atención que recibí, fueron muy atentos.",Sugerencia
1759,No responden los correos de atención al cliente.,Queja
1760,Podrían ampliar el horario de atención para mayor comodidad.,Sugerencia
1761,Sería útil que agregaran un chat en vivo para consultas rápidas.,Sugerencia
1762,Tuve un problema con mi compra y nadie me ayudó.,Queja
1763,Podrían ampliar el horario de atención para mayor comodidad.,Sugerencia
1764,"Los tiempos de espera son excesivos, deberían mejorarlo.",Queja
1765,La página web es muy lenta y difícil de usar.,Queja
1766,La página web es muy lenta y difícil de usar.,Queja
1767,El servicio al cliente fue muy lento y poco amable.,Queja
1768,El personal debería recibir más entrenamiento en atención al cliente.,Sugerencia
1769,El producto llegó defectuoso y tardaron en dar solución.,Queja
1770,Deberían ofrecer más descuentos para clientes frecuentes.,Sugerencia
1771,No me gusta que el personal no esté bien capacitado.,Queja
1772,El servicio telefónico es ineficiente y no resuelven dudas.,Queja
1773,Sería genial si agregaran más opciones de pago.,Sugerencia
1774,Me gustaría que ofrecieran más promociones en productos populares.,Sugerencia
1775,Podrían mejorar la experiencia en línea con una mejor interfaz.,Sugerencia
1776,El producto llegó defectuoso y tardaron en dar solución.,Queja
1777,Podrían ampliar el horario de atención para mayor comodidad.,Sugerencia
1778,El personal debería recibir más entrenamiento en atención al cliente.,Sugerencia
1779,El servicio telefónico es ineficiente y no resuelven dudas.,Queja
1780,Podrían ampliar el horario de atención para mayor comodidad.,Sugerencia
1781,El servicio al cliente fue muy lento y poco amable.,Queja
1782,Deberían ofrecer más descuentos para clientes frecuentes.,Sugerencia
1783,Deberían ofrecer más descuentos para clientes frecuentes.,Sugerencia
1784,Tuve un problema con mi compra y nadie me ayudó.,Queja
1785,El servicio al cliente fue muy lento y poco amable.,Queja
1786,El personal debería recibir más entrenamiento en atención al cliente.,Sugerencia
1787,"La aplicación móvil tiene muchos errores, deberían mejorarla.",Queja
1788,Sería bueno que ampliaran la cobertura del servicio a más ciudades.,Sugerencia
1789,Deberían ofrecer más descuentos para clientes frecuentes.,Sugerencia
1790,El servicio telefónico es ineficiente y no resuelven dudas.,Queja
1791,Sería bueno que ampliaran la cobertura del servicio a más ciudades.,Sugerencia
1792,El servicio telefónico es ineficiente y no resuelven dudas.,Queja
1793,La página web es muy lenta y difícil de usar.,Queja
1794,La página web es muy lenta y difícil de usar.,Queja
1795,Podrían mejorar la experiencia en línea con una mejor interfaz.,Sugerencia
1796,El producto llegó defectuoso y tardaron en dar solución.,Queja
1797,"Los tiempos de espera son excesivos, deberían mejorarlo.",Queja
1798,Sería bueno que ampliaran la cobertura del servicio a más ciudades.,Sugerencia
1799,"Los tiempos de espera son excesivos, deberían mejorarlo.",Queja
1800,No me gusta que el personal no esté bien capacitado.,Queja
1801,No me gusta que el personal no esté bien capacitado.,Queja
1802,"Los tiempos de espera son excesivos, deberían mejorarlo.",Queja
1803,Sería útil que agregaran un chat en vivo para consultas rápidas.,Sugerencia
1804,El servicio telefónico es ineficiente y no resuelven dudas.,Queja
1805,El producto llegó defectuoso y tardaron en dar solución.,Queja
1806,El servicio telefónico es ineficiente y no resuelven dudas.,Queja
1807,No responden los correos de atención al cliente.,Queja
1808,Tuve un problema con mi compra y nadie me ayudó.,Queja
1809,El personal debería recibir más entrenamiento en atención al cliente.,Sugerencia
1810,Podrían ampliar el horario de atención para mayor comodidad.,Sugerencia
1811,El servicio telefónico es ineficiente y no resuelven dudas.,Queja
1812,"El sistema de turnos no funciona bien, deberían optimizarlo.",Queja
1813,Sería genial si agregaran más opciones de pago.,Sugerencia
1814,Sería útil que agregaran un chat en vivo para consultas rápidas.,Sugerencia
1815,El servicio telefónico es ineficiente y no resuelven dudas.,Queja
1816,"Los tiempos de espera son excesivos, deberían mejorarlo.",Queja
1817,El ambiente en la tienda es muy agradable y acogedor.,Sugerencia
1818,Sería útil que agregaran un chat en vivo para consultas rápidas.,Sugerencia
1819,El ambiente en la tienda es muy agradable y acogedor.,Sugerencia
1820,"Me encantó la atención que recibí, fueron muy atentos.",Sugerencia
1821,"Los tiempos de espera son excesivos, deberían mejorarlo.",Queja
1822,Sería útil que agregaran un chat en vivo para consultas rápidas.,Sugerencia
1823,No me gusta que el personal no esté bien capacitado.,Queja
1824,Podrían ampliar el horario de atención para mayor comodidad.,Sugerencia
1825,Podrían ampliar el horario de atención para mayor comodidad.,Sugerencia
1826,El producto llegó defectuoso y tardaron en dar solución.,Queja
1827,Podrían mejorar la experiencia en línea con una mejor interfaz.,Sugerencia
1828,"Me encantó la atención que recibí, fueron muy atentos.",Sugerencia
1829,Sería genial si agregaran más opciones de pago.,Sugerencia
1830,Podrían ampliar el horario de atención para mayor comodidad.,Sugerencia
1831,No responden los correos de atención al cliente.,Queja
1832,"Los tiempos de espera son excesivos, deberían mejorarlo.",Queja
1833,Tuve un problema con mi compra y nadie me ayudó.,Queja
1834,El servicio al cliente fue muy lento y poco amable.,Queja
1835,Podrían ampliar el horario de atención para mayor comodidad.,Sugerencia
1836,"El sistema de turnos no funciona bien, deberían optimizarlo.",Queja
1837,Podrían mejorar la experiencia en línea con una mejor interfaz.,Sugerencia
1838,No responden los correos de atención al cliente.,Queja
1839,"Me encantó la atención que recibí, fueron muy atentos.",Sugerencia
1840,"Me encantó la atención que recibí, fueron muy atentos.",Sugerencia
1841,El producto llegó defectuoso y tardaron en dar solución.,Queja
1842,"Los tiempos de espera son excesivos, deberían mejorarlo.",Queja
1843,"La aplicación móvil tiene muchos errores, deberían mejorarla.",Queja
1844,El personal debería recibir más entrenamiento en atención al cliente.,Sugerencia
1845,Sería útil que agregaran un chat en vivo para consultas rápidas.,Sugerencia
1846,"Me encantó la atención que recibí, fueron muy atentos.",Sugerencia
1847,Podrían mejorar la experiencia en línea con una mejor interfaz.,Sugerencia
1848,Deberían ofrecer más descuentos para clientes frecuentes.,Sugerencia
1849,"La aplicación móvil tiene muchos errores, deberían mejorarla.",Queja
1850,Podrían mejorar la experiencia en línea con una mejor interfaz.,Sugerencia
1851,Sería genial si agregaran más opciones de pago.,Sugerencia
1852,"Los tiempos de espera son excesivos, deberían mejorarlo.",Queja
1853,Sería útil que agregaran un chat en vivo para consultas rápidas.,Sugerencia
1854,Podrían mejorar la experiencia en línea con una mejor interfaz.,Sugerencia
1855,Sería bueno que ampliaran la cobertura del servicio a más ciudades.,Sugerencia
1856,Tuve un problema con mi compra y nadie me ayudó.,Queja
1857,El ambiente en la tienda es muy agradable y acogedor.,Sugerencia
1858,Sería genial si agregaran más opciones de pago.,Sugerencia
1859,Sería útil que agregaran un chat en vivo para consultas rápidas.,Sugerencia
1860,Deberían ofrecer más descuentos para clientes frecuentes.,Sugerencia
1861,No responden los correos de atención al cliente.,Queja
1862,No responden los correos de atención al cliente.,Queja
1863,No responden los correos de atención al cliente.,Queja
1864,"Me encantó la atención que recibí, fueron muy atentos.",Sugerencia
1865,Sería genial si agregaran más opciones de pago.,Sugerencia
1866,"Los tiempos de espera son excesivos, deberían mejorarlo.",Queja
1867,Sería genial si agregaran más opciones de pago.,Sugerencia
1868,El servicio al cliente fue muy lento y poco amable.,Queja
1869,El servicio telefónico es ineficiente y no resuelven dudas.,Queja
1870,Sería genial si agregaran más opciones de pago.,Sugerencia
1871,La página web es muy lenta y difícil de usar.,Queja
1872,"La aplicación móvil tiene muchos errores, deberían mejorarla.",Queja
1873,"Me encantó la atención que recibí, fueron muy atentos.",Sugerencia
1874,El servicio al cliente fue muy lento y poco amable.,Queja
1875,El personal debería recibir más entrenamiento en atención al cliente.,Sugerencia
1876,Podrían mejorar la experiencia en línea con una mejor interfaz.,Sugerencia
1877,No responden los correos de atención al cliente.,Queja
1878,Tuve un problema con mi compra y nadie me ayudó.,Queja
1879,Sería bueno que ampliaran la cobertura del servicio a más ciudades.,Sugerencia
1880,El servicio telefónico es ineficiente y no resuelven dudas.,Queja
1881,Sería genial si agregaran más opciones de pago.,Sugerencia
1882,Tuve un problema con mi compra y nadie me ayudó.,Queja
1883,Sería bueno que ampliaran la cobertura del servicio a más ciudades.,Sugerencia
1884,Deberían ofrecer más descuentos para clientes frecuentes.,Sugerencia
1885,"El sistema de turnos no funciona bien, deberían optimizarlo.",Queja
1886,El servicio al cliente fue muy lento y poco amable.,Queja
1887,Deberían ofrecer más descuentos para clientes frecuentes.,Sugerencia
1888,Podrían mejorar la experiencia en línea con una mejor interfaz.,Sugerencia
1889,No responden los correos de atención al cliente.,Queja
1890,"El sistema de turnos no funciona bien, deberían optimizarlo.",Queja
1891,La página web es muy lenta y difícil de usar.,Queja
1892,No responden los correos de atención al cliente.,Queja
1893,Podrían ampliar el horario de atención para mayor comodidad.,Sugerencia
1894,Tuve un problema con mi compra y nadie me ayudó.,Queja
1895,"Los tiempos de espera son excesivos, deberían mejorarlo.",Queja
1896,"Los tiempos de espera son excesivos, deberían mejorarlo.",Queja
1897,El producto llegó defectuoso y tardaron en dar solución.,Queja
1898,Tuve un problema con mi compra y nadie me ayudó.,Queja
1899,Sería bueno que ampliaran la cobertura del servicio a más ciudades.,Sugerencia
1900,Podrían ampliar el horario de atención para mayor comodidad.,Sugerencia
1901,El producto llegó defectuoso y tardaron en dar solución.,Queja
1902,El ambiente en la tienda es muy agradable y acogedor.,Sugerencia
1903,Podrían mejorar la experiencia en línea con una mejor interfaz.,Sugerencia
1904,Me gustaría que ofrecieran más promociones en productos populares.,Sugerencia
1905,El personal debería recibir más entrenamiento en atención al cliente.,Sugerencia
1906,No responden los correos de atención al cliente.,Queja
1907,Sería genial si agregaran más opciones de pago.,Sugerencia
1908,El personal debería recibir más entrenamiento en atención al cliente.,Sugerencia
1909,El producto llegó defectuoso y tardaron en dar solución.,Queja
1910,El servicio telefónico es ineficiente y no resuelven dudas.,Queja
1911,El ambiente en la tienda es muy agradable y acogedor.,Sugerencia
1912,Sería bueno que ampliaran la cobertura del servicio a más ciudades.,Sugerencia
1913,"El sistema de turnos no funciona bien, deberían optimizarlo.",Queja
1914,Podrían ampliar el horario de atención para mayor comodidad.,Sugerencia
1915,Sería bueno que ampliaran la cobertura del servicio a más ciudades.,Sugerencia
1916,Sería útil que agregaran un chat en vivo para consultas rápidas.,Sugerencia
1917,El personal debería recibir más entrenamiento en atención al cliente.,Sugerencia
1918,"El sistema de turnos no funciona bien, deberían optimizarlo.",Queja
1919,"La aplicación móvil tiene muchos errores, deberían mejorarla.",Queja
1920,Sería genial si agregaran más opciones de pago.,Sugerencia
1921,"El sistema de turnos no funciona bien, deberían optimizarlo.",Queja
1922,El servicio telefónico es ineficiente y no resuelven dudas.,Queja
1923,"La aplicación móvil tiene muchos errores, deberían mejorarla.",Queja
1924,El producto llegó defectuoso y tardaron en dar solución.,Queja
1925,No me gusta que el personal no esté bien capacitado.,Queja
1926,Me gustaría que ofrecieran más promociones en productos populares.,Sugerencia
1927,El servicio al cliente fue muy lento y poco amable.,Queja
1928,No me gusta que el personal no esté bien capacitado.,Queja
1929,Sería genial si agregaran más opciones de pago.,Sugerencia
1930,"La aplicación móvil tiene muchos errores, deberían mejorarla.",Queja
1931,Podrían ampliar el horario de atención para mayor comodidad.,Sugerencia
1932,Me gustaría que ofrecieran más promociones en productos populares.,Sugerencia
1933,Sería bueno que ampliaran la cobertura del servicio a más ciudades.,Sugerencia
1934,Sería útil que agregaran un chat en vivo para consultas rápidas.,Sugerencia
1935,El servicio al cliente fue muy lento y poco amable.,Queja
1936,Sería bueno que ampliaran la cobertura del servicio a más ciudades.,Sugerencia
1937,Sería bueno que ampliaran la cobertura del servicio a más ciudades.,Sugerencia
1938,El servicio telefónico es ineficiente y no resuelven dudas.,Queja
1939,"Me encantó la atención que recibí, fueron muy atentos.",Sugerencia
1940,"El sistema de turnos no funciona bien, deberían optimizarlo.",Queja
1941,Me gustaría que ofrecieran más promociones en productos populares.,Sugerencia
1942,El ambiente en la tienda es muy agradable y acogedor.,Sugerencia
1943,No responden los correos de atención al cliente.,Queja
1944,Deberían ofrecer más descuentos para clientes frecuentes.,Sugerencia
1945,Podrían mejorar la experiencia en línea con una mejor interfaz.,Sugerencia
1946,Sería útil que agregaran un chat en vivo para consultas rápidas.,Sugerencia
1947,El producto llegó defectuoso y tardaron en dar solución.,Queja
1948,Me gustaría que ofrecieran más promociones en productos populares.,Sugerencia
1949,"La aplicación móvil tiene muchos errores, deberían mejorarla.",Queja
1950,Podrían mejorar la experiencia en línea con una mejor interfaz.,Sugerencia
1951,Podrían ampliar el horario de atención para mayor comodidad.,Sugerencia
1952,El ambiente en la tienda es muy agradable y acogedor.,Sugerencia
1953,Podrían ampliar el horario de atención para mayor comodidad.,Sugerencia
1954,Deberían ofrecer más descuentos para clientes frecuentes.,Sugerencia
1955,El servicio al cliente fue muy lento y poco amable.,Queja
1956,El ambiente en la tienda es muy agradable y acogedor.,Sugerencia
1957,Deberían ofrecer más descuentos para clientes frecuentes.,Sugerencia
1958,"Los tiempos de espera son excesivos, deberían mejorarlo.",Queja
1959,El ambiente en la tienda es muy agradable y acogedor.,Sugerencia
1960,El ambiente en la tienda es muy agradable y acogedor.,Sugerencia
1961,Sería bueno que ampliaran la cobertura del servicio a más ciudades.,Sugerencia
1962,El ambiente en la tienda es muy agradable y acogedor.,Sugerencia
1963,Sería genial si agregaran más opciones de pago.,Sugerencia
1964,La página web es muy lenta y difícil de usar.,Queja
1965,"El sistema de turnos no funciona bien, deberían optimizarlo.",Queja
1966,No me gusta que el personal no esté bien capacitado.,Queja
1967,Sería genial si agregaran más opciones de pago.,Sugerencia
1968,El producto llegó defectuoso y tardaron en dar solución.,Queja
1969,"La aplicación móvil tiene muchos errores, deberían mejorarla.",Queja
1970,Podrían ampliar el horario de atención para mayor comodidad.,Sugerencia
1971,No responden los correos de atención al cliente.,Queja
1972,Sería útil que agregaran un chat en vivo para consultas rápidas.,Sugerencia
1973,Sería genial si agregaran más opciones de pago.,Sugerencia
1974,Sería genial si agregaran más opciones de pago.,Sugerencia
1975,Sería útil que agregaran un chat en vivo para consultas rápidas.,Sugerencia
1976,La página web es muy lenta y difícil de usar.,Queja
1977,No me gusta que el personal no esté bien capacitado.,Queja
1978,Tuve un problema con mi compra y nadie me ayudó.,Queja
1979,Sería genial si agregaran más opciones de pago.,Sugerencia
1980,Podrían ampliar el horario de atención para mayor comodidad.,Sugerencia
1981,No responden los correos de atención al cliente.,Queja
1982,El servicio telefónico es ineficiente y no resuelven dudas.,Queja
1983,Deberían ofrecer más descuentos para clientes frecuentes.,Sugerencia
1984,Tuve un problema con mi compra y nadie me ayudó.,Queja
1985,Podrían ampliar el horario de atención para mayor comodidad.,Sugerencia
1986,El producto llegó defectuoso y tardaron en dar solución.,Queja
1987,Sería bueno que ampliaran la cobertura del servicio a más ciudades.,Sugerencia
1988,Sería bueno que ampliaran la cobertura del servicio a más ciudades.,Sugerencia
1989,La página web es muy lenta y difícil de usar.,Queja
1990,El ambiente en la tienda es muy agradable y acogedor.,Sugerencia
1991,El personal debería recibir más entrenamiento en atención al cliente.,Sugerencia
1992,"Me encantó la atención que recibí, fueron muy atentos.",Sugerencia
1993,"La aplicación móvil tiene muchos errores, deberían mejorarla.",Queja
1994,El servicio telefónico es ineficiente y no resuelven dudas.,Queja
1995,El servicio al cliente fue muy lento y poco amable.,Queja
1996,"Me encantó la atención que recibí, fueron muy atentos.",Sugerencia
1997,Deberían ofrecer más descuentos para clientes frecuentes.,Sugerencia
1998,El servicio al cliente fue muy lento y poco amable.,Queja
1999,Podrían mejorar la experiencia en línea con una mejor interfaz.,Sugerencia
2000,Podrían ampliar el horario de atención para mayor comodidad.,Sugerencia
2001,Sería útil que agregaran un chat en vivo para consultas rápidas.,Sugerencia
2002,El personal debería recibir más entrenamiento en atención al cliente.,Sugerencia
2003,El servicio al cliente fue muy lento y poco amable.,Queja
2004,No responden los correos de atención al cliente.,Queja
2005,"El sistema de turnos no funciona bien, deberían optimizarlo.",Queja
2006,Tuve un problema con mi compra y nadie me ayudó.,Queja
2007,La página web es muy lenta y difícil de usar.,Queja
2008,El personal debería recibir más entrenamiento en atención al cliente.,Sugerencia
2009,El personal debería recibir más entrenamiento en atención al cliente.,Sugerencia
2010,"Los tiempos de espera son excesivos, deberían mejorarlo.",Queja
2011,El ambiente en la tienda es muy agradable y acogedor.,Sugerencia
2012,El personal debería recibir más entrenamiento en atención al cliente.,Sugerencia
2013,El personal debería recibir más entrenamiento en atención al cliente.,Sugerencia
2014,"Me encantó la atención que recibí, fueron muy atentos.",Sugerencia
2015,La página web es muy lenta y difícil de usar.,Queja
2016,"Me encantó la atención que recibí, fueron muy atentos.",Sugerencia
2017,"Los tiempos de espera son excesivos, deberían mejorarlo.",Queja
2018,Sería bueno que ampliaran la cobertura del servicio a más ciudades.,Sugerencia
2019,El ambiente en la tienda es muy agradable y acogedor.,Sugerencia
2020,El servicio telefónico es ineficiente y no resuelven dudas.,Queja
2021,El servicio al cliente fue muy lento y poco amable.,Queja
2022,Sería útil que agregaran un chat en vivo para consultas rápidas.,Sugerencia
2023,Tuve un problema con mi compra y nadie me ayudó.,Queja
2024,Deberían ofrecer más descuentos para clientes frecuentes.,Sugerencia
2025,El servicio al cliente fue muy lento y poco amable.,Queja
2026,Sería genial si agregaran más opciones de pago.,Sugerencia
2027,El ambiente en la tienda es muy agradable y acogedor.,Sugerencia
2028,El producto llegó defectuoso y tardaron en dar solución.,Queja
2029,Podrían mejorar la experiencia en línea con una mejor interfaz.,Sugerencia
2030,Me gustaría que ofrecieran más promociones en productos populares.,Sugerencia
2031,El personal debería recibir más entrenamiento en atención al cliente.,Sugerencia
2032,"Los tiempos de espera son excesivos, deberían mejorarlo.",Queja
2033,Podrían ampliar el horario de atención para mayor comodidad.,Sugerencia
2034,Deberían ofrecer más descuentos para clientes frecuentes.,Sugerencia
2035,El ambiente en la tienda es muy agradable y acogedor.,Sugerencia
2036,El servicio telefónico es ineficiente y no resuelven dudas.,Queja
2037,"Me encantó la atención que recibí, fueron muy atentos.",Sugerencia
2038,El servicio al cliente fue muy lento y poco amable.,Queja
2039,El personal debería recibir más entrenamiento en atención al cliente.,Sugerencia
2040,El personal debería recibir más entrenamiento en atención al cliente.,Sugerencia
2041,Podrían ampliar el horario de atención para mayor comodidad.,Sugerencia
2042,Tuve un problema con mi compra y nadie me ayudó.,Queja
2043,"Me encantó la atención que recibí, fueron muy atentos.",Sugerencia
2044,"Me encantó la atención que recibí, fueron muy atentos.",Sugerencia
2045,El servicio al cliente fue muy lento y poco amable.,Queja
2046,No me gusta que el personal no esté bien capacitado.,Queja
2047,"Me encantó la atención que recibí, fueron muy atentos.",Sugerencia
2048,"Me encantó la atención que recibí, fueron muy atentos.",Sugerencia
2049,Podrían mejorar la experiencia en línea con una mejor interfaz.,Sugerencia
2050,La página web es muy lenta y difícil de usar.,Queja
2051,El ambiente en la tienda es muy agradable y acogedor.,Sugerencia
2052,El servicio al cliente fue muy lento y poco amable.,Queja
2053,Sería bueno que ampliaran la cobertura del servicio a más ciudades.,Sugerencia
2054,El producto llegó defectuoso y tardaron en dar solución.,Queja
2055,El ambiente en la tienda es muy agradable y acogedor.,Sugerencia
2056,El ambiente en la tienda es muy agradable y acogedor.,Sugerencia
2057,Me gustaría que ofrecieran más promociones en productos populares.,Sugerencia
2058,No responden los correos de atención al cliente.,Queja
2059,El servicio telefónico es ineficiente y no resuelven dudas.,Queja
2060,Sería genial si agregaran más opciones de pago.,Sugerencia
2061,"La aplicación móvil tiene muchos errores, deberían mejorarla.",Queja
2062,"La aplicación móvil tiene muchos errores, deberían mejorarla.",Queja
2063,Deberían ofrecer más descuentos para clientes frecuentes.,Sugerencia
2064,Deberían ofrecer más descuentos para clientes frecuentes.,Sugerencia
2065,Tuve un problema con mi compra y nadie me ayudó.,Queja
2066,"Me encantó la atención que recibí, fueron muy atentos.",Sugerencia
2067,Sería bueno que ampliaran la cobertura del servicio a más ciudades.,Sugerencia
2068,Me gustaría que ofrecieran más promociones en productos populares.,Sugerencia
2069,"La aplicación móvil tiene muchos errores, deberían mejorarla.",Queja
2070,Podrían ampliar el horario de atención para mayor comodidad.,Sugerencia
2071,El ambiente en la tienda es muy agradable y acogedor.,Sugerencia
2072,Sería bueno que ampliaran la cobertura del servicio a más ciudades.,Sugerencia
2073,"El sistema de turnos no funciona bien, deberían optimizarlo.",Queja
2074,"Los tiempos de espera son excesivos, deberían mejorarlo.",Queja
2075,"Los tiempos de espera son excesivos, deberían mejorarlo.",Queja
2076,Sería útil que agregaran un chat en vivo para consultas rápidas.,Sugerencia
2077,El servicio telefónico es ineficiente y no resuelven dudas.,Queja
2078,El personal debería recibir más entrenamiento en atención al cliente.,Sugerencia
2079,El personal debería recibir más entrenamiento en atención al cliente.,Sugerencia
2080,El ambiente en la tienda es muy agradable y acogedor.,Sugerencia
2081,No me gusta que el personal no esté bien capacitado.,Queja
2082,Sería genial si agregaran más opciones de pago.,Sugerencia
2083,No responden los correos de atención al cliente.,Queja
2084,Sería bueno que ampliaran la cobertura del servicio a más ciudades.,Sugerencia
2085,No me gusta que el personal no esté bien capacitado.,Queja
2086,No responden los correos de atención al cliente.,Queja
2087,El producto llegó defectuoso y tardaron en dar solución.,Queja
2088,El ambiente en la tienda es muy agradable y acogedor.,Sugerencia
2089,"Los tiempos de espera son excesivos, deberían mejorarlo.",Queja
2090,El servicio al cliente fue muy lento y poco amable.,Queja
2091,No responden los correos de atención al cliente.,Queja
2092,No me gusta que el personal no esté bien capacitado.,Queja
2093,"El sistema de turnos no funciona bien, deberían optimizarlo.",Queja
2094,No me gusta que el personal no esté bien capacitado.,Queja
2095,El servicio telefónico es ineficiente y no resuelven dudas.,Queja
2096,El servicio telefónico es ineficiente y no resuelven dudas.,Queja
2097,"La aplicación móvil tiene muchos errores, deberían mejorarla.",Queja
2098,No responden los correos de atención al cliente.,Queja
2099,"Me encantó la atención que recibí, fueron muy atentos.",Sugerencia
2100,Tuve un problema con mi compra y nadie me ayudó.,Queja
2101,Tuve un problema con mi compra y nadie me ayudó.,Queja
2102,El producto llegó defectuoso y tardaron en dar solución.,Queja
2103,Deberían ofrecer más descuentos para clientes frecuentes.,Sugerencia
2104,La página web es muy lenta y difícil de usar.,Queja
2105,"Los tiempos de espera son excesivos, deberían mejorarlo.",Queja
2106,Me gustaría que ofrecieran más promociones en productos populares.,Sugerencia
2107,Podrían ampliar el horario de atención para mayor comodidad.,Sugerencia
2108,Sería genial si agregaran más opciones de pago.,Sugerencia
2109,Sería genial si agregaran más opciones de pago.,Sugerencia
2110,Sería útil que agregaran un chat en vivo para consultas rápidas.,Sugerencia
2111,"Los tiempos de espera son excesivos, deberían mejorarlo.",Queja
2112,El servicio al cliente fue muy lento y poco amable.,Queja
2113,No me gusta que el personal no esté bien capacitado.,Queja
2114,Sería genial si agregaran más opciones de pago.,Sugerencia
2115,"El sistema de turnos no funciona bien, deberían optimizarlo.",Queja
2116,Podrían mejorar la experiencia en línea con una mejor interfaz.,Sugerencia
2117,Sería útil que agregaran un chat en vivo para consultas rápidas.,Sugerencia
2118,Podrían ampliar el horario de atención para mayor comodidad.,Sugerencia
2119,El ambiente en la tienda es muy agradable y acogedor.,Sugerencia
2120,Sería útil que agregaran un chat en vivo para consultas rápidas.,Sugerencia
2121,Podrían ampliar el horario de atención para mayor comodidad.,Sugerencia
2122,"Me encantó la atención que recibí, fueron muy atentos.",Sugerencia
2123,Deberían ofrecer más descuentos para clientes frecuentes.,Sugerencia
2124,El ambiente en la tienda es muy agradable y acogedor.,Sugerencia
2125,El personal debería recibir más entrenamiento en atención al cliente.,Sugerencia
2126,El producto llegó defectuoso y tardaron en dar solución.,Queja
2127,El servicio telefónico es ineficiente y no resuelven dudas.,Queja
2128,Podrían ampliar el horario de atención para mayor comodidad.,Sugerencia
2129,"Los tiempos de espera son excesivos, deberían mejorarlo.",Queja
2130,El producto llegó defectuoso y tardaron en dar solución.,Queja
2131,Sería útil que agregaran un chat en vivo para consultas rápidas.,Sugerencia
2132,Sería bueno que ampliaran la cobertura del servicio a más ciudades.,Sugerencia
2133,La página web es muy lenta y difícil de usar.,Queja
2134,Me gustaría que ofrecieran más promociones en productos populares.,Sugerencia
2135,Sería bueno que ampliaran la cobertura del servicio a más ciudades.,Sugerencia
2136,Me gustaría que ofrecieran más promociones en productos populares.,Sugerencia
2137,El servicio al cliente fue muy lento y poco amable.,Queja
2138,No responden los correos de atención al cliente.,Queja
2139,Tuve un problema con mi compra y nadie me ayudó.,Queja
2140,Sería bueno que ampliaran la cobertura del servicio a más ciudades.,Sugerencia
2141,"Me encantó la atención que recibí, fueron muy atentos.",Sugerencia
2142,El servicio al cliente fue muy lento y poco amable.,Queja
2143,El personal debería recibir más entrenamiento en atención al cliente.,Sugerencia
2144,"Me encantó la atención que recibí, fueron muy atentos.",Sugerencia
2145,"Los tiempos de espera son excesivos, deberían mejorarlo.",Queja
2146,Sería útil que agregaran un chat en vivo para consultas rápidas.,Sugerencia
2147,Deberían ofrecer más descuentos para clientes frecuentes.,Sugerencia
2148,Tuve un problema con mi compra y nadie me ayudó.,Queja
2149,El servicio al cliente fue muy lento y poco amable.,Queja
2150,"La aplicación móvil tiene muchos errores, deberían mejorarla.",Queja
2151,Tuve un problema con mi compra y nadie me ayudó.,Queja
2152,No responden los correos de atención al cliente.,Queja
2153,"La aplicación móvil tiene muchos errores, deberían mejorarla.",Queja
2154,No responden los correos de atención al cliente.,Queja
2155,No responden los correos de atención al cliente.,Queja
2156,Deberían ofrecer más descuentos para clientes frecuentes.,Sugerencia
2157,"La aplicación móvil tiene muchos errores, deberían mejorarla.",Queja
2158,"Los tiempos de espera son excesivos, deberían mejorarlo.",Queja
2159,"Me encantó la atención que recibí, fueron muy atentos.",Sugerencia
2160,El servicio al cliente fue muy lento y poco amable.,Queja
2161,Tuve un problema con mi compra y nadie me ayudó.,Queja
2162,La página web es muy lenta y difícil de usar.,Queja
2163,Tuve un problema con mi compra y nadie me ayudó.,Queja
2164,Podrían ampliar el horario de atención para mayor comodidad.,Sugerencia
2165,El servicio al cliente fue muy lento y poco amable.,Queja
2166,Sería útil que agregaran un chat en vivo para consultas rápidas.,Sugerencia
2167,La página web es muy lenta y difícil de usar.,Queja
2168,El ambiente en la tienda es muy agradable y acogedor.,Sugerencia
2169,El producto llegó defectuoso y tardaron en dar solución.,Queja
2170,Sería bueno que ampliaran la cobertura del servicio a más ciudades.,Sugerencia
2171,No responden los correos de atención al cliente.,Queja
2172,Sería bueno que ampliaran la cobertura del servicio a más ciudades.,Sugerencia
2173,Podrían ampliar el horario de atención para mayor comodidad.,Sugerencia
2174,"La aplicación móvil tiene muchos errores, deberían mejorarla.",Queja
2175,No me gusta que el personal no esté bien capacitado.,Queja
2176,"El sistema de turnos no funciona bien, deberían optimizarlo.",Queja
2177,Sería genial si agregaran más opciones de pago.,Sugerencia
2178,El producto llegó defectuoso y tardaron en dar solución.,Queja
2179,No responden los correos de atención al cliente.,Queja
2180,Deberían ofrecer más descuentos para clientes frecuentes.,Sugerencia
2181,"El sistema de turnos no funciona bien, deberían optimizarlo.",Queja
2182,Podrían ampliar el horario de atención para mayor comodidad.,Sugerencia
2183,El servicio al cliente fue muy lento y poco amable.,Queja
2184,"Los tiempos de espera son excesivos, deberían mejorarlo.",Queja
2185,Podrían ampliar el horario de atención para mayor comodidad.,Sugerencia
2186,El servicio telefónico es ineficiente y no resuelven dudas.,Queja
2187,Me gustaría que ofrecieran más promociones en productos populares.,Sugerencia
2188,"El sistema de turnos no funciona bien, deberían optimizarlo.",Queja
2189,Tuve un problema con mi compra y nadie me ayudó.,Queja
2190,Sería genial si agregaran más opciones de pago.,Sugerencia
2191,"La aplicación móvil tiene muchos errores, deberían mejorarla.",Queja
2192,Podrían mejorar la experiencia en línea con una mejor interfaz.,Sugerencia
2193,Podrían ampliar el horario de atención para mayor comodidad.,Sugerencia
2194,"Me encantó la atención que recibí, fueron muy atentos.",Sugerencia
2195,El producto llegó defectuoso y tardaron en dar solución.,Queja
2196,Sería bueno que ampliaran la cobertura del servicio a más ciudades.,Sugerencia
2197,Sería genial si agregaran más opciones de pago.,Sugerencia
2198,Sería útil que agregaran un chat en vivo para consultas rápidas.,Sugerencia
2199,Sería genial si agregaran más opciones de pago.,Sugerencia
2200,La página web es muy lenta y difícil de usar.,Queja
2201,El personal debería recibir más entrenamiento en atención al cliente.,Sugerencia
2202,"Me encantó la atención que recibí, fueron muy atentos.",Sugerencia
2203,No me gusta que el personal no esté bien capacitado.,Queja
2204,"Los tiempos de espera son excesivos, deberían mejorarlo.",Queja
2205,"Los tiempos de espera son excesivos, deberían mejorarlo.",Queja
2206,"El sistema de turnos no funciona bien, deberían optimizarlo.",Queja
2207,Sería genial si agregaran más opciones de pago.,Sugerencia
2208,El ambiente en la tienda es muy agradable y acogedor.,Sugerencia
2209,Sería genial si agregaran más opciones de pago.,Sugerencia
2210,El producto llegó defectuoso y tardaron en dar solución.,Queja
2211,Sería bueno que ampliaran la cobertura del servicio a más ciudades.,Sugerencia
2212,No responden los correos de atención al cliente.,Queja
2213,Deberían ofrecer más descuentos para clientes frecuentes.,Sugerencia
2214,No responden los correos de atención al cliente.,Queja
2215,No me gusta que el personal no esté bien capacitado.,Queja
2216,No me gusta que el personal no esté bien capacitado.,Queja
2217,No me gusta que el personal no esté bien capacitado.,Queja
2218,La página web es muy lenta y difícil de usar.,Queja
2219,La página web es muy lenta y difícil de usar.,Queja
2220,No responden los correos de atención al cliente.,Queja
2221,El personal debería recibir más entrenamiento en atención al cliente.,Sugerencia
2222,El servicio telefónico es ineficiente y no resuelven dudas.,Queja
2223,No responden los correos de atención al cliente.,Queja
2224,"Los tiempos de espera son excesivos, deberían mejorarlo.",Queja
2225,Sería útil que agregaran un chat en vivo para consultas rápidas.,Sugerencia
2226,El servicio telefónico es ineficiente y no resuelven dudas.,Queja
2227,El personal debería recibir más entrenamiento en atención al cliente.,Sugerencia
2228,Me gustaría que ofrecieran más promociones en productos populares.,Sugerencia
2229,Podrían ampliar el horario de atención para mayor comodidad.,Sugerencia
2230,El producto llegó defectuoso y tardaron en dar solución.,Queja
2231,Sería bueno que ampliaran la cobertura del servicio a más ciudades.,Sugerencia
2232,El personal debería recibir más entrenamiento en atención al cliente.,Sugerencia
2233,El ambiente en la tienda es muy agradable y acogedor.,Sugerencia
2234,Deberían ofrecer más descuentos para clientes frecuentes.,Sugerencia
2235,"La aplicación móvil tiene muchos errores, deberían mejorarla.",Queja
2236,No responden los correos de atención al cliente.,Queja
2237,El servicio al cliente fue muy lento y poco amable.,Queja
2238,No me gusta que el personal no esté bien capacitado.,Queja
2239,"La aplicación móvil tiene muchos errores, deberían mejorarla.",Queja
2240,El producto llegó defectuoso y tardaron en dar solución.,Queja
2241,El ambiente en la tienda es muy agradable y acogedor.,Sugerencia
2242,Me gustaría que ofrecieran más promociones en productos populares.,Sugerencia
2243,El personal debería recibir más entrenamiento en atención al cliente.,Sugerencia
2244,No me gusta que el personal no esté bien capacitado.,Queja
2245,Tuve un problema con mi compra y nadie me ayudó.,Queja
2246,No responden los correos de atención al cliente.,Queja
2247,Me gustaría que ofrecieran más promociones en productos populares.,Sugerencia
2248,El producto llegó defectuoso y tardaron en dar solución.,Queja
2249,El ambiente en la tienda es muy agradable y acogedor.,Sugerencia
2250,Sería útil que agregaran un chat en vivo para consultas rápidas.,Sugerencia
2251,"Los tiempos de espera son excesivos, deberían mejorarlo.",Queja
2252,Me gustaría que ofrecieran más promociones en productos populares.,Sugerencia
2253,El ambiente en la tienda es muy agradable y acogedor.,Sugerencia
2254,"El sistema de turnos no funciona bien, deberían optimizarlo.",Queja
2255,Sería bueno que ampliaran la cobertura del servicio a más ciudades.,Sugerencia
2256,Me gustaría que ofrecieran más promociones en productos populares.,Sugerencia
2257,El personal debería recibir más entrenamiento en atención al cliente.,Sugerencia
2258,El ambiente en la tienda es muy agradable y acogedor.,Sugerencia
2259,Sería genial si agregaran más opciones de pago.,Sugerencia
2260,Sería genial si agregaran más opciones de pago.,Sugerencia
2261,El personal debería recibir más entrenamiento en atención al cliente.,Sugerencia
2262,"Los tiempos de espera son excesivos, deberían mejorarlo.",Queja
2263,Sería genial si agregaran más opciones de pago.,Sugerencia
2264,"La aplicación móvil tiene muchos errores, deberían mejorarla.",Queja
2265,Sería bueno que ampliaran la cobertura del servicio a más ciudades.,Sugerencia
2266,"La aplicación móvil tiene muchos errores, deberían mejorarla.",Queja
2267,Deberían ofrecer más descuentos para clientes frecuentes.,Sugerencia
2268,El producto llegó defectuoso y tardaron en dar solución.,Queja
2269,El producto llegó defectuoso y tardaron en dar solución.,Queja
2270,Me gustaría que ofrecieran más promociones en productos populares.,Sugerencia
2271,"El sistema de turnos no funciona bien, deberían optimizarlo.",Queja
2272,"Me encantó la atención que recibí, fueron muy atentos.",Sugerencia
2273,Tuve un problema con mi compra y nadie me ayudó.,Queja
2274,"Los tiempos de espera son excesivos, deberían mejorarlo.",Queja
2275,La página web es muy lenta y difícil de usar.,Queja
2276,No responden los correos de atención al cliente.,Queja
2277,El personal debería recibir más entrenamiento en atención al cliente.,Sugerencia
2278,No responden los correos de atención al cliente.,Queja
2279,"La aplicación móvil tiene muchos errores, deberían mejorarla.",Queja
2280,Tuve un problema con mi compra y nadie me ayudó.,Queja
2281,El personal debería recibir más entrenamiento en atención al cliente.,Sugerencia
2282,Sería genial si agregaran más opciones de pago.,Sugerencia
2283,Tuve un problema con mi compra y nadie me ayudó.,Queja
2284,"El sistema de turnos no funciona bien, deberían optimizarlo.",Queja
2285,"Me encantó la atención que recibí, fueron muy atentos.",Sugerencia
2286,Sería bueno que ampliaran la cobertura del servicio a más ciudades.,Sugerencia
2287,Podrían mejorar la experiencia en línea con una mejor interfaz.,Sugerencia
2288,No me gusta que el personal no esté bien capacitado.,Queja
2289,No responden los correos de atención al cliente.,Queja
2290,"El sistema de turnos no funciona bien, deberían optimizarlo.",Queja
2291,"La aplicación móvil tiene muchos errores, deberían mejorarla.",Queja
2292,Podrían mejorar la experiencia en línea con una mejor interfaz.,Sugerencia
2293,"Me encantó la atención que recibí, fueron muy atentos.",Sugerencia
2294,La página web es muy lenta y difícil de usar.,Queja
2295,"La aplicación móvil tiene muchos errores, deberían mejorarla.",Queja
2296,Sería útil que agregaran un chat en vivo para consultas rápidas.,Sugerencia
2297,"La aplicación móvil tiene muchos errores, deberían mejorarla.",Queja
2298,Sería genial si agregaran más opciones de pago.,Sugerencia
2299,El producto llegó defectuoso y tardaron en dar solución.,Queja
2300,El ambiente en la tienda es muy agradable y acogedor.,Sugerencia
2301,"Me encantó la atención que recibí, fueron muy atentos.",Sugerencia
2302,El producto llegó defectuoso y tardaron en dar solución.,Queja
2303,"El sistema de turnos no funciona bien, deberían optimizarlo.",Queja
2304,Tuve un problema con mi compra y nadie me ayudó.,Queja
2305,El servicio telefónico es ineficiente y no resuelven dudas.,Queja
2306,"La aplicación móvil tiene muchos errores, deberían mejorarla.",Queja
2307,No me gusta que el personal no esté bien capacitado.,Queja
2308,Sería útil que agregaran un chat en vivo para consultas rápidas.,Sugerencia
2309,Sería genial si agregaran más opciones de pago.,Sugerencia
2310,"La aplicación móvil tiene muchos errores, deberían mejorarla.",Queja
2311,Sería útil que agregaran un chat en vivo para consultas rápidas.,Sugerencia
2312,"La aplicación móvil tiene muchos errores, deberían mejorarla.",Queja
2313,Deberían ofrecer más descuentos para clientes frecuentes.,Sugerencia
2314,Sería útil que agregaran un chat en vivo para consultas rápidas.,Sugerencia
2315,Deberían ofrecer más descuentos para clientes frecuentes.,Sugerencia
2316,El personal debería recibir más entrenamiento en atención al cliente.,Sugerencia
2317,Podrían mejorar la experiencia en línea con una mejor interfaz.,Sugerencia
2318,El ambiente en la tienda es muy agradable y acogedor.,Sugerencia
2319,"Los tiempos de espera son excesivos, deberían mejorarlo.",Queja
2320,Sería bueno que ampliaran la cobertura del servicio a más ciudades.,Sugerencia
2321,El ambiente en la tienda es muy agradable y acogedor.,Sugerencia
2322,Podrían ampliar el horario de atención para mayor comodidad.,Sugerencia
2323,Tuve un problema con mi compra y nadie me ayudó.,Queja
2324,El ambiente en la tienda es muy agradable y acogedor.,Sugerencia
2325,El producto llegó defectuoso y tardaron en dar solución.,Queja
2326,La página web es muy lenta y difícil de usar.,Queja
2327,El servicio al cliente fue muy lento y poco amable.,Queja
2328,"El sistema de turnos no funciona bien, deberían optimizarlo.",Queja
2329,Podrían mejorar la experiencia en línea con una mejor interfaz.,Sugerencia
2330,Me gustaría que ofrecieran más promociones en productos populares.,Sugerencia
2331,El servicio telefónico es ineficiente y no resuelven dudas.,Queja
2332,"Los tiempos de espera son excesivos, deberían mejorarlo.",Queja
2333,Sería bueno que ampliaran la cobertura del servicio a más ciudades.,Sugerencia
2334,Podrían mejorar la experiencia en línea con una mejor interfaz.,Sugerencia
2335,"La aplicación móvil tiene muchos errores, deberían mejorarla.",Queja
2336,Podrían ampliar el horario de atención para mayor comodidad.,Sugerencia
2337,Sería útil que agregaran un chat en vivo para consultas rápidas.,Sugerencia
2338,No responden los correos de atención al cliente.,Queja
2339,Sería genial si agregaran más opciones de pago.,Sugerencia
2340,"El sistema de turnos no funciona bien, deberían optimizarlo.",Queja
2341,Me gustaría que ofrecieran más promociones en productos populares.,Sugerencia
2342,El servicio telefónico es ineficiente y no resuelven dudas.,Queja
2343,Tuve un problema con mi compra y nadie me ayudó.,Queja
2344,Me gustaría que ofrecieran más promociones en productos populares.,Sugerencia
2345,El producto llegó defectuoso y tardaron en dar solución.,Queja
2346,"La aplicación móvil tiene muchos errores, deberían mejorarla.",Queja
2347,Tuve un problema con mi compra y nadie me ayudó.,Queja
2348,"La aplicación móvil tiene muchos errores, deberían mejorarla.",Queja
2349,El servicio al cliente fue muy lento y poco amable.,Queja
2350,"Los tiempos de espera son excesivos, deberían mejorarlo.",Queja
2351,El servicio telefónico es ineficiente y no resuelven dudas.,Queja
2352,Sería bueno que ampliaran la cobertura del servicio a más ciudades.,Sugerencia
2353,Sería genial si agregaran más opciones de pago.,Sugerencia
2354,"Los tiempos de espera son excesivos, deberían mejorarlo.",Queja
2355,Sería genial si agregaran más opciones de pago.,Sugerencia
2356,Podrían mejorar la experiencia en línea con una mejor interfaz.,Sugerencia
2357,Sería bueno que ampliaran la cobertura del servicio a más ciudades.,Sugerencia
2358,El ambiente en la tienda es muy agradable y acogedor.,Sugerencia
2359,Podrían ampliar el horario de atención para mayor comodidad.,Sugerencia
2360,Me gustaría que ofrecieran más promociones en productos populares.,Sugerencia
2361,Tuve un problema con mi compra y nadie me ayudó.,Queja
2362,La página web es muy lenta y difícil de usar.,Queja
2363,Sería bueno que ampliaran la cobertura del servicio a más ciudades.,Sugerencia
2364,La página web es muy lenta y difícil de usar.,Queja
2365,El ambiente en la tienda es muy agradable y acogedor.,Sugerencia
2366,"La aplicación móvil tiene muchos errores, deberían mejorarla.",Queja
2367,Podrían mejorar la experiencia en línea con una mejor interfaz.,Sugerencia
2368,Tuve un problema con mi compra y nadie me ayudó.,Queja
2369,Me gustaría que ofrecieran más promociones en productos populares.,Sugerencia
2370,La página web es muy lenta y difícil de usar.,Queja
2371,Tuve un problema con mi compra y nadie me ayudó.,Queja
2372,La página web es muy lenta y difícil de usar.,Queja
2373,El producto llegó defectuoso y tardaron en dar solución.,Queja
2374,No me gusta que el personal no esté bien capacitado.,Queja
2375,Tuve un problema con mi compra y nadie me ayudó.,Queja
2376,Deberían ofrecer más descuentos para clientes frecuentes.,Sugerencia
2377,No me gusta que el personal no esté bien capacitado.,Queja
2378,"Los tiempos de espera son excesivos, deberían mejorarlo.",Queja
2379,El servicio al cliente fue muy lento y poco amable.,Queja
2380,Podrían mejorar la experiencia en línea con una mejor interfaz.,Sugerencia
2381,Deberían ofrecer más descuentos para clientes frecuentes.,Sugerencia
2382,Sería genial si agregaran más opciones de pago.,Sugerencia
2383,El servicio al cliente fue muy lento y poco amable.,Queja
2384,Sería útil que agregaran un chat en vivo para consultas rápidas.,Sugerencia
2385,No me gusta que el personal no esté bien capacitado.,Queja
2386,Podrían mejorar la experiencia en línea con una mejor interfaz.,Sugerencia
2387,Sería bueno que ampliaran la cobertura del servicio a más ciudades.,Sugerencia
2388,El producto llegó defectuoso y tardaron en dar solución.,Queja
2389,Deberían ofrecer más descuentos para clientes frecuentes.,Sugerencia
2390,"Me encantó la atención que recibí, fueron muy atentos.",Sugerencia
2391,"La aplicación móvil tiene muchos errores, deberían mejorarla.",Queja
2392,El servicio telefónico es ineficiente y no resuelven dudas.,Queja
2393,El producto llegó defectuoso y tardaron en dar solución.,Queja
2394,"El sistema de turnos no funciona bien, deberían optimizarlo.",Queja
2395,Sería útil que agregaran un chat en vivo para consultas rápidas.,Sugerencia
2396,La página web es muy lenta y difícil de usar.,Queja
2397,Tuve un problema con mi compra y nadie me ayudó.,Queja
2398,La página web es muy lenta y difícil de usar.,Queja
2399,Me gustaría que ofrecieran más promociones en productos populares.,Sugerencia
2400,El servicio al cliente fue muy lento y poco amable.,Queja
2401,Sería genial si agregaran más opciones de pago.,Sugerencia
2402,Sería útil que agregaran un chat en vivo para consultas rápidas.,Sugerencia
2403,"El sistema de turnos no funciona bien, deberían optimizarlo.",Queja
2404,El servicio telefónico es ineficiente y no resuelven dudas.,Queja
2405,Sería genial si agregaran más opciones de pago.,Sugerencia
2406,El ambiente en la tienda es muy agradable y acogedor.,Sugerencia
2407,La página web es muy lenta y difícil de usar.,Queja
2408,Podrían mejorar la experiencia en línea con una mejor interfaz.,Sugerencia
2409,La página web es muy lenta y difícil de usar.,Queja
2410,Me gustaría que ofrecieran más promociones en productos populares.,Sugerencia
2411,Tuve un problema con mi compra y nadie me ayudó.,Queja
2412,"La aplicación móvil tiene muchos errores, deberían mejorarla.",Queja
2413,El personal debería recibir más entrenamiento en atención al cliente.,Sugerencia
2414,"Los tiempos de espera son excesivos, deberían mejorarlo.",Queja
2415,Tuve un problema con mi compra y nadie me ayudó.,Queja
2416,Podrían ampliar el horario de atención para mayor comodidad.,Sugerencia
2417,La página web es muy lenta y difícil de usar.,Queja
2418,Podrían mejorar la experiencia en línea con una mejor interfaz.,Sugerencia
2419,El servicio al cliente fue muy lento y poco amable.,Queja
2420,Me gustaría que ofrecieran más promociones en productos populares.,Sugerencia
2421,Sería genial si agregaran más opciones de pago.,Sugerencia
2422,Sería útil que agregaran un chat en vivo para consultas rápidas.,Sugerencia
2423,"El sistema de turnos no funciona bien, deberían optimizarlo.",Queja
2424,Sería útil que agregaran un chat en vivo para consultas rápidas.,Sugerencia
2425,"La aplicación móvil tiene muchos errores, deberían mejorarla.",Queja
2426,La página web es muy lenta y difícil de usar.,Queja
2427,El producto llegó defectuoso y tardaron en dar solución.,Queja
2428,"La aplicación móvil tiene muchos errores, deberían mejorarla.",Queja
2429,"La aplicación móvil tiene muchos errores, deberían mejorarla.",Queja
2430,No responden los correos de atención al cliente.,Queja
2431,El servicio al cliente fue muy lento y poco amable.,Queja
2432,"El sistema de turnos no funciona bien, deberían optimizarlo.",Queja
2433,"Los tiempos de espera son excesivos, deberían mejorarlo.",Queja
2434,Me gustaría que ofrecieran más promociones en productos populares.,Sugerencia
2435,La página web es muy lenta y difícil de usar.,Queja
2436,La página web es muy lenta y difícil de usar.,Queja
2437,"La aplicación móvil tiene muchos errores, deberían mejorarla.",Queja
2438,El servicio telefónico es ineficiente y no resuelven dudas.,Queja
2439,El ambiente en la tienda es muy agradable y acogedor.,Sugerencia
2440,El servicio al cliente fue muy lento y poco amable.,Queja
2441,No responden los correos de atención al cliente.,Queja
2442,No me gusta que el personal no esté bien capacitado.,Queja
2443,Sería genial si agregaran más opciones de pago.,Sugerencia
2444,Deberían ofrecer más descuentos para clientes frecuentes.,Sugerencia
2445,"Me encantó la atención que recibí, fueron muy atentos.",Sugerencia
2446,Podrían ampliar el horario de atención para mayor comodidad.,Sugerencia
2447,Sería bueno que ampliaran la cobertura del servicio a más ciudades.,Sugerencia
2448,El servicio telefónico es ineficiente y no resuelven dudas.,Queja
2449,Sería bueno que ampliaran la cobertura del servicio a más ciudades.,Sugerencia
2450,Podrían ampliar el horario de atención para mayor comodidad.,Sugerencia
2451,Sería útil que agregaran un chat en vivo para consultas rápidas.,Sugerencia
2452,El producto llegó defectuoso y tardaron en dar solución.,Queja
2453,No responden los correos de atención al cliente.,Queja
2454,El servicio telefónico es ineficiente y no resuelven dudas.,Queja
2455,Podrían mejorar la experiencia en línea con una mejor interfaz.,Sugerencia
2456,"El sistema de turnos no funciona bien, deberían optimizarlo.",Queja
2457,Me gustaría que ofrecieran más promociones en productos populares.,Sugerencia
2458,No me gusta que el personal no esté bien capacitado.,Queja
2459,La página web es muy lenta y difícil de usar.,Queja
2460,No responden los correos de atención al cliente.,Queja
2461,Tuve un problema con mi compra y nadie me ayudó.,Queja
2462,"La aplicación móvil tiene muchos errores, deberían mejorarla.",Queja
2463,El producto llegó defectuoso y tardaron en dar solución.,Queja
2464,Podrían mejorar la experiencia en línea con una mejor interfaz.,Sugerencia
2465,Sería útil que agregaran un chat en vivo para consultas rápidas.,Sugerencia
2466,El ambiente en la tienda es muy agradable y acogedor.,Sugerencia
2467,Tuve un problema con mi compra y nadie me ayudó.,Queja
2468,"Los tiempos de espera son excesivos, deberían mejorarlo.",Queja
2469,No me gusta que el personal no esté bien capacitado.,Queja
2470,La página web es muy lenta y difícil de usar.,Queja
2471,"Los tiempos de espera son excesivos, deberían mejorarlo.",Queja
2472,"Me encantó la atención que recibí, fueron muy atentos.",Sugerencia
2473,El servicio telefónico es ineficiente y no resuelven dudas.,Queja
2474,El ambiente en la tienda es muy agradable y acogedor.,Sugerencia
2475,Tuve un problema con mi compra y nadie me ayudó.,Queja
2476,Tuve un problema con mi compra y nadie me ayudó.,Queja
2477,Deberían ofrecer más descuentos para clientes frecuentes.,Sugerencia
2478,No responden los correos de atención al cliente.,Queja
2479,Me gustaría que ofrecieran más promociones en productos populares.,Sugerencia
2480,El ambiente en la tienda es muy agradable y acogedor.,Sugerencia
2481,El producto llegó defectuoso y tardaron en dar solución.,Queja
2482,Sería bueno que ampliaran la cobertura del servicio a más ciudades.,Sugerencia
2483,El servicio telefónico es ineficiente y no resuelven dudas.,Queja
2484,No me gusta que el personal no esté bien capacitado.,Queja
2485,"Me encantó la atención que recibí, fueron muy atentos.",Sugerencia
2486,El ambiente en la tienda es muy agradable y acogedor.,Sugerencia
2487,"El sistema de turnos no funciona bien, deberían optimizarlo.",Queja
2488,Deberían ofrecer más descuentos para clientes frecuentes.,Sugerencia
2489,No me gusta que el personal no esté bien capacitado.,Queja
2490,"Los tiempos de espera son excesivos, deberían mejorarlo.",Queja
2491,No responden los correos de atención al cliente.,Queja
2492,Me gustaría que ofrecieran más promociones en productos populares.,Sugerencia
2493,Podrían mejorar la experiencia en línea con una mejor interfaz.,Sugerencia
2494,"Me encantó la atención que recibí, fueron muy atentos.",Sugerencia
2495,"La aplicación móvil tiene muchos errores, deberían mejorarla.",Queja
2496,El ambiente en la tienda es muy agradable y acogedor.,Sugerencia
2497,"El sistema de turnos no funciona bien, deberían optimizarlo.",Queja
2498,Podrían mejorar la experiencia en línea con una mejor interfaz.,Sugerencia
2499,Sería bueno que ampliaran la cobertura del servicio a más ciudades.,Sugerencia
2500,Sería útil que agregaran un chat en vivo para consultas rápidas.,Sugerencia
2501,Sería útil que agregaran un chat en vivo para consultas rápidas.,Sugerencia
2502,El producto llegó defectuoso y tardaron en dar solución.,Queja
2503,El servicio telefónico es ineficiente y no resuelven dudas.,Queja
2504,"Me encantó la atención que recibí, fueron muy atentos.",Sugerencia
2505,El servicio telefónico es ineficiente y no resuelven dudas.,Queja
2506,El servicio telefónico es ineficiente y no resuelven dudas.,Queja
2507,Me gustaría que ofrecieran más promociones en productos populares.,Sugerencia
2508,"El sistema de turnos no funciona bien, deberían optimizarlo.",Queja
2509,El producto llegó defectuoso y tardaron en dar solución.,Queja
2510,La página web es muy lenta y difícil de usar.,Queja
2511,No me gusta que el personal no esté bien capacitado.,Queja
2512,Sería bueno que ampliaran la cobertura del servicio a más ciudades.,Sugerencia
2513,El servicio telefónico es ineficiente y no resuelven dudas.,Queja
2514,"Me encantó la atención que recibí, fueron muy atentos.",Sugerencia
2515,"El sistema de turnos no funciona bien, deberían optimizarlo.",Queja
2516,"El sistema de turnos no funciona bien, deberían optimizarlo.",Queja
2517,No responden los correos de atención al cliente.,Queja
2518,El servicio telefónico es ineficiente y no resuelven dudas.,Queja
2519,El personal debería recibir más entrenamiento en atención al cliente.,Sugerencia
2520,Sería bueno que ampliaran la cobertura del servicio a más ciudades.,Sugerencia
2521,El ambiente en la tienda es muy agradable y acogedor.,Sugerencia
2522,Podrían ampliar el horario de atención para mayor comodidad.,Sugerencia
2523,"Los tiempos de espera son excesivos, deberían mejorarlo.",Queja
2524,El servicio al cliente fue muy lento y poco amable.,Queja
2525,Podrían mejorar la experiencia en línea con una mejor interfaz.,Sugerencia
2526,El personal debería recibir más entrenamiento en atención al cliente.,Sugerencia
2527,"El sistema de turnos no funciona bien, deberían optimizarlo.",Queja
2528,El servicio telefónico es ineficiente y no resuelven dudas.,Queja
2529,El ambiente en la tienda es muy agradable y acogedor.,Sugerencia
2530,Sería bueno que ampliaran la cobertura del servicio a más ciudades.,Sugerencia
2531,"Me encantó la atención que recibí, fueron muy atentos.",Sugerencia
2532,El ambiente en la tienda es muy agradable y acogedor.,Sugerencia
2533,El servicio al cliente fue muy lento y poco amable.,Queja
2534,Sería bueno que ampliaran la cobertura del servicio a más ciudades.,Sugerencia
2535,El ambiente en la tienda es muy agradable y acogedor.,Sugerencia
2536,Sería útil que agregaran un chat en vivo para consultas rápidas.,Sugerencia
2537,Podrían ampliar el horario de atención para mayor comodidad.,Sugerencia
2538,El ambiente en la tienda es muy agradable y acogedor.,Sugerencia
2539,Sería útil que agregaran un chat en vivo para consultas rápidas.,Sugerencia
2540,Deberían ofrecer más descuentos para clientes frecuentes.,Sugerencia
2541,Podrían mejorar la experiencia en línea con una mejor interfaz.,Sugerencia
2542,El ambiente en la tienda es muy agradable y acogedor.,Sugerencia
2543,El producto llegó defectuoso y tardaron en dar solución.,Queja
2544,El servicio telefónico es ineficiente y no resuelven dudas.,Queja
2545,"Los tiempos de espera son excesivos, deberían mejorarlo.",Queja
2546,Me gustaría que ofrecieran más promociones en productos populares.,Sugerencia
2547,Deberían ofrecer más descuentos para clientes frecuentes.,Sugerencia
2548,Podrían mejorar la experiencia en línea con una mejor interfaz.,Sugerencia
2549,El servicio al cliente fue muy lento y poco amable.,Queja
2550,El personal debería recibir más entrenamiento en atención al cliente.,Sugerencia
2551,El servicio telefónico es ineficiente y no resuelven dudas.,Queja
2552,Podrían ampliar el horario de atención para mayor comodidad.,Sugerencia
2553,El ambiente en la tienda es muy agradable y acogedor.,Sugerencia
2554,"Los tiempos de espera son excesivos, deberían mejorarlo.",Queja
2555,El servicio telefónico es ineficiente y no resuelven dudas.,Queja
2556,"El sistema de turnos no funciona bien, deberían optimizarlo.",Queja
2557,Sería genial si agregaran más opciones de pago.,Sugerencia
2558,El producto llegó defectuoso y tardaron en dar solución.,Queja
2559,El servicio telefónico es ineficiente y no resuelven dudas.,Queja
2560,"El sistema de turnos no funciona bien, deberían optimizarlo.",Queja
2561,Sería bueno que ampliaran la cobertura del servicio a más ciudades.,Sugerencia
2562,Tuve un problema con mi compra y nadie me ayudó.,Queja
2563,Sería genial si agregaran más opciones de pago.,Sugerencia
2564,No me gusta que el personal no esté bien capacitado.,Queja
2565,No me gusta que el personal no esté bien capacitado.,Queja
2566,El producto llegó defectuoso y tardaron en dar solución.,Queja
2567,"La aplicación móvil tiene muchos errores, deberían mejorarla.",Queja
2568,El personal debería recibir más entrenamiento en atención al cliente.,Sugerencia
2569,Deberían ofrecer más descuentos para clientes frecuentes.,Sugerencia
2570,El servicio al cliente fue muy lento y poco amable.,Queja
2571,Deberían ofrecer más descuentos para clientes frecuentes.,Sugerencia
2572,"La aplicación móvil tiene muchos errores, deberían mejorarla.",Queja
2573,El servicio al cliente fue muy lento y poco amable.,Queja
2574,"El sistema de turnos no funciona bien, deberían optimizarlo.",Queja
2575,"La aplicación móvil tiene muchos errores, deberían mejorarla.",Queja
2576,Me gustaría que ofrecieran más promociones en productos populares.,Sugerencia
2577,El servicio telefónico es ineficiente y no resuelven dudas.,Queja
2578,"Me encantó la atención que recibí, fueron muy atentos.",Sugerencia
2579,Sería genial si agregaran más opciones de pago.,Sugerencia
2580,"El sistema de turnos no funciona bien, deberían optimizarlo.",Queja
2581,La página web es muy lenta y difícil de usar.,Queja
2582,El producto llegó defectuoso y tardaron en dar solución.,Queja
2583,"La aplicación móvil tiene muchos errores, deberían mejorarla.",Queja
2584,Deberían ofrecer más descuentos para clientes frecuentes.,Sugerencia
2585,"La aplicación móvil tiene muchos errores, deberían mejorarla.",Queja
2586,La página web es muy lenta y difícil de usar.,Queja
2587,El producto llegó defectuoso y tardaron en dar solución.,Queja
2588,El producto llegó defectuoso y tardaron en dar solución.,Queja
2589,Sería útil que agregaran un chat en vivo para consultas rápidas.,Sugerencia
2590,Sería bueno que ampliaran la cobertura del servicio a más ciudades.,Sugerencia
2591,No responden los correos de atención al cliente.,Queja
2592,No responden los correos de atención al cliente.,Queja
2593,"Los tiempos de espera son excesivos, deberían mejorarlo.",Queja
2594,El personal debería recibir más entrenamiento en atención al cliente.,Sugerencia
2595,No responden los correos de atención al cliente.,Queja
2596,El servicio telefónico es ineficiente y no resuelven dudas.,Queja
2597,El ambiente en la tienda es muy agradable y acogedor.,Sugerencia
2598,Podrían ampliar el horario de atención para mayor comodidad.,Sugerencia
2599,El personal debería recibir más entrenamiento en atención al cliente.,Sugerencia
2600,Sería bueno que ampliaran la cobertura del servicio a más ciudades.,Sugerencia
2601,El producto llegó defectuoso y tardaron en dar solución.,Queja
2602,Sería bueno que ampliaran la cobertura del servicio a más ciudades.,Sugerencia
2603,No me gusta que el personal no esté bien capacitado.,Queja
2604,Sería genial si agregaran más opciones de pago.,Sugerencia
2605,"Los tiempos de espera son excesivos, deberían mejorarlo.",Queja
2606,Sería bueno que ampliaran la cobertura del servicio a más ciudades.,Sugerencia
2607,"La aplicación móvil tiene muchos errores, deberían mejorarla.",Queja
2608,El ambiente en la tienda es muy agradable y acogedor.,Sugerencia
2609,"El sistema de turnos no funciona bien, deberían optimizarlo.",Queja
2610,"Me encantó la atención que recibí, fueron muy atentos.",Sugerencia
2611,Sería útil que agregaran un chat en vivo para consultas rápidas.,Sugerencia
2612,"Me encantó la atención que recibí, fueron muy atentos.",Sugerencia
2613,No responden los correos de atención al cliente.,Queja
2614,El servicio telefónico es ineficiente y no resuelven dudas.,Queja
2615,No responden los correos de atención al cliente.,Queja
2616,Me gustaría que ofrecieran más promociones en productos populares.,Sugerencia
2617,No me gusta que el personal no esté bien capacitado.,Queja
2618,El servicio telefónico es ineficiente y no resuelven dudas.,Queja
2619,"La aplicación móvil tiene muchos errores, deberían mejorarla.",Queja
2620,El producto llegó defectuoso y tardaron en dar solución.,Queja
2621,"La aplicación móvil tiene muchos errores, deberían mejorarla.",Queja
2622,Sería útil que agregaran un chat en vivo para consultas rápidas.,Sugerencia
2623,El servicio telefónico es ineficiente y no resuelven dudas.,Queja
2624,El personal debería recibir más entrenamiento en atención al cliente.,Sugerencia
2625,Sería bueno que ampliaran la cobertura del servicio a más ciudades.,Sugerencia
2626,El producto llegó defectuoso y tardaron en dar solución.,Queja
2627,La página web es muy lenta y difícil de usar.,Queja
2628,Tuve un problema con mi compra y nadie me ayudó.,Queja
2629,El producto llegó defectuoso y tardaron en dar solución.,Queja
2630,Sería útil que agregaran un chat en vivo para consultas rápidas.,Sugerencia
2631,Deberían ofrecer más descuentos para clientes frecuentes.,Sugerencia
2632,Tuve un problema con mi compra y nadie me ayudó.,Queja
2633,Podrían ampliar el horario de atención para mayor comodidad.,Sugerencia
2634,"La aplicación móvil tiene muchos errores, deberían mejorarla.",Queja
2635,Tuve un problema con mi compra y nadie me ayudó.,Queja
2636,El personal debería recibir más entrenamiento en atención al cliente.,Sugerencia
2637,Podrían ampliar el horario de atención para mayor comodidad.,Sugerencia
2638,El servicio telefónico es ineficiente y no resuelven dudas.,Queja
2639,"El sistema de turnos no funciona bien, deberían optimizarlo.",Queja
2640,El producto llegó defectuoso y tardaron en dar solución.,Queja
2641,"Me encantó la atención que recibí, fueron muy atentos.",Sugerencia
2642,No responden los correos de atención al cliente.,Queja
2643,Tuve un problema con mi compra y nadie me ayudó.,Queja
2644,"Los tiempos de espera son excesivos, deberían mejorarlo.",Queja
2645,La página web es muy lenta y difícil de usar.,Queja
2646,Sería genial si agregaran más opciones de pago.,Sugerencia
2647,El ambiente en la tienda es muy agradable y acogedor.,Sugerencia
2648,El ambiente en la tienda es muy agradable y acogedor.,Sugerencia
2649,Podrían mejorar la experiencia en línea con una mejor interfaz.,Sugerencia
2650,El ambiente en la tienda es muy agradable y acogedor.,Sugerencia
2651,Sería bueno que ampliaran la cobertura del servicio a más ciudades.,Sugerencia
2652,Sería genial si agregaran más opciones de pago.,Sugerencia
2653,Me gustaría que ofrecieran más promociones en productos populares.,Sugerencia
2654,Sería bueno que ampliaran la cobertura del servicio a más ciudades.,Sugerencia
2655,Deberían ofrecer más descuentos para clientes frecuentes.,Sugerencia
2656,El producto llegó defectuoso y tardaron en dar solución.,Queja
2657,Deberían ofrecer más descuentos para clientes frecuentes.,Sugerencia
2658,El servicio telefónico es ineficiente y no resuelven dudas.,Queja
2659,Me gustaría que ofrecieran más promociones en productos populares.,Sugerencia
2660,Podrían mejorar la experiencia en línea con una mejor interfaz.,Sugerencia
2661,Deberían ofrecer más descuentos para clientes frecuentes.,Sugerencia
2662,Deberían ofrecer más descuentos para clientes frecuentes.,Sugerencia
2663,Sería bueno que ampliaran la cobertura del servicio a más ciudades.,Sugerencia
2664,No responden los correos de atención al cliente.,Queja
2665,"La aplicación móvil tiene muchos errores, deberían mejorarla.",Queja
2666,No responden los correos de atención al cliente.,Queja
2667,La página web es muy lenta y difícil de usar.,Queja
2668,Deberían ofrecer más descuentos para clientes frecuentes.,Sugerencia
2669,El personal debería recibir más entrenamiento en atención al cliente.,Sugerencia
2670,El personal debería recibir más entrenamiento en atención al cliente.,Sugerencia
2671,El personal debería recibir más entrenamiento en atención al cliente.,Sugerencia
2672,El servicio telefónico es ineficiente y no resuelven dudas.,Queja
2673,El servicio al cliente fue muy lento y poco amable.,Queja
2674,"Me encantó la atención que recibí, fueron muy atentos.",Sugerencia
2675,Podrían ampliar el horario de atención para mayor comodidad.,Sugerencia
2676,Me gustaría que ofrecieran más promociones en productos populares.,Sugerencia
2677,Sería genial si agregaran más opciones de pago.,Sugerencia
2678,Deberían ofrecer más descuentos para clientes frecuentes.,Sugerencia
2679,El producto llegó defectuoso y tardaron en dar solución.,Queja
2680,Tuve un problema con mi compra y nadie me ayudó.,Queja
2681,Deberían ofrecer más descuentos para clientes frecuentes.,Sugerencia
2682,Podrían mejorar la experiencia en línea con una mejor interfaz.,Sugerencia
2683,El personal debería recibir más entrenamiento en atención al cliente.,Sugerencia
2684,No responden los correos de atención al cliente.,Queja
2685,Sería genial si agregaran más opciones de pago.,Sugerencia
2686,El ambiente en la tienda es muy agradable y acogedor.,Sugerencia
2687,El producto llegó defectuoso y tardaron en dar solución.,Queja
2688,El personal debería recibir más entrenamiento en atención al cliente.,Sugerencia
2689,Podrían mejorar la experiencia en línea con una mejor interfaz.,Sugerencia
2690,Sería genial si agregaran más opciones de pago.,Sugerencia
2691,"Los tiempos de espera son excesivos, deberían mejorarlo.",Queja
2692,Sería útil que agregaran un chat en vivo para consultas rápidas.,Sugerencia
2693,No me gusta que el personal no esté bien capacitado.,Queja
2694,Sería útil que agregaran un chat en vivo para consultas rápidas.,Sugerencia
2695,"Los tiempos de espera son excesivos, deberían mejorarlo.",Queja
2696,Sería útil que agregaran un chat en vivo para consultas rápidas.,Sugerencia
2697,Sería genial si agregaran más opciones de pago.,Sugerencia
2698,El producto llegó defectuoso y tardaron en dar solución.,Queja
2699,Sería genial si agregaran más opciones de pago.,Sugerencia
2700,Podrían mejorar la experiencia en línea con una mejor interfaz.,Sugerencia
2701,Me gustaría que ofrecieran más promociones en productos populares.,Sugerencia
2702,El servicio al cliente fue muy lento y poco amable.,Queja
2703,No me gusta que el personal no esté bien capacitado.,Queja
2704,Podrían mejorar la experiencia en línea con una mejor interfaz.,Sugerencia
2705,No responden los correos de atención al cliente.,Queja
2706,El ambiente en la tienda es muy agradable y acogedor.,Sugerencia
2707,Podrían mejorar la experiencia en línea con una mejor interfaz.,Sugerencia
2708,Podrían mejorar la experiencia en línea con una mejor interfaz.,Sugerencia
2709,"La aplicación móvil tiene muchos errores, deberían mejorarla.",Queja
2710,Sería genial si agregaran más opciones de pago.,Sugerencia
2711,Sería bueno que ampliaran la cobertura del servicio a más ciudades.,Sugerencia
2712,El personal debería recibir más entrenamiento en atención al cliente.,Sugerencia
2713,Podrían ampliar el horario de atención para mayor comodidad.,Sugerencia
2714,"Los tiempos de espera son excesivos, deberían mejorarlo.",Queja
2715,No me gusta que el personal no esté bien capacitado.,Queja
2716,"El sistema de turnos no funciona bien, deberían optimizarlo.",Queja
2717,"El sistema de turnos no funciona bien, deberían optimizarlo.",Queja
2718,El servicio telefónico es ineficiente y no resuelven dudas.,Queja
2719,"Me encantó la atención que recibí, fueron muy atentos.",Sugerencia
2720,No me gusta que el personal no esté bien capacitado.,Queja
2721,No responden los correos de atención al cliente.,Queja
2722,Podrían ampliar el horario de atención para mayor comodidad.,Sugerencia
2723,Sería útil que agregaran un chat en vivo para consultas rápidas.,Sugerencia
2724,"Los tiempos de espera son excesivos, deberían mejorarlo.",Queja
2725,No responden los correos de atención al cliente.,Queja
2726,Me gustaría que ofrecieran más promociones en productos populares.,Sugerencia
2727,Podrían ampliar el horario de atención para mayor comodidad.,Sugerencia
2728,El servicio telefónico es ineficiente y no resuelven dudas.,Queja
2729,El personal debería recibir más entrenamiento en atención al cliente.,Sugerencia
2730,El servicio al cliente fue muy lento y poco amable.,Queja
2731,El servicio telefónico es ineficiente y no resuelven dudas.,Queja
2732,Podrían ampliar el horario de atención para mayor comodidad.,Sugerencia
2733,"Los tiempos de espera son excesivos, deberían mejorarlo.",Queja
2734,Deberían ofrecer más descuentos para clientes frecuentes.,Sugerencia
2735,Sería genial si agregaran más opciones de pago.,Sugerencia
2736,Podrían mejorar la experiencia en línea con una mejor interfaz.,Sugerencia
2737,El ambiente en la tienda es muy agradable y acogedor.,Sugerencia
2738,La página web es muy lenta y difícil de usar.,Queja
2739,No responden los correos de atención al cliente.,Queja
2740,Sería bueno que ampliaran la cobertura del servicio a más ciudades.,Sugerencia
2741,Tuve un problema con mi compra y nadie me ayudó.,Queja
2742,Sería útil que agregaran un chat en vivo para consultas rápidas.,Sugerencia
2743,El ambiente en la tienda es muy agradable y acogedor.,Sugerencia
2744,Tuve un problema con mi compra y nadie me ayudó.,Queja
2745,El ambiente en la tienda es muy agradable y acogedor.,Sugerencia
2746,"Me encantó la atención que recibí, fueron muy atentos.",Sugerencia
2747,Sería bueno que ampliaran la cobertura del servicio a más ciudades.,Sugerencia
2748,"El sistema de turnos no funciona bien, deberían optimizarlo.",Queja
2749,"El sistema de turnos no funciona bien, deberían optimizarlo.",Queja
2750,No responden los correos de atención al cliente.,Queja
2751,Sería genial si agregaran más opciones de pago.,Sugerencia
2752,Podrían mejorar la experiencia en línea con una mejor interfaz.,Sugerencia
2753,El ambiente en la tienda es muy agradable y acogedor.,Sugerencia
2754,"Me encantó la atención que recibí, fueron muy atentos.",Sugerencia
2755,El producto llegó defectuoso y tardaron en dar solución.,Queja
2756,El producto llegó defectuoso y tardaron en dar solución.,Queja
2757,No me gusta que el personal no esté bien capacitado.,Queja
2758,El producto llegó defectuoso y tardaron en dar solución.,Queja
2759,El servicio telefónico es ineficiente y no resuelven dudas.,Queja
2760,Tuve un problema con mi compra y nadie me ayudó.,Queja
2761,La página web es muy lenta y difícil de usar.,Queja
2762,Podrían ampliar el horario de atención para mayor comodidad.,Sugerencia
2763,Tuve un problema con mi compra y nadie me ayudó.,Queja
2764,"La aplicación móvil tiene muchos errores, deberían mejorarla.",Queja
2765,La página web es muy lenta y difícil de usar.,Queja
2766,El personal debería recibir más entrenamiento en atención al cliente.,Sugerencia
2767,El servicio al cliente fue muy lento y poco amable.,Queja
2768,Tuve un problema con mi compra y nadie me ayudó.,Queja
2769,No me gusta que el personal no esté bien capacitado.,Queja
2770,"Me encantó la atención que recibí, fueron muy atentos.",Sugerencia
2771,Tuve un problema con mi compra y nadie me ayudó.,Queja
2772,"El sistema de turnos no funciona bien, deberían optimizarlo.",Queja
2773,Sería genial si agregaran más opciones de pago.,Sugerencia
2774,El ambiente en la tienda es muy agradable y acogedor.,Sugerencia
2775,Sería genial si agregaran más opciones de pago.,Sugerencia
2776,El servicio telefónico es ineficiente y no resuelven dudas.,Queja
2777,"Me encantó la atención que recibí, fueron muy atentos.",Sugerencia
2778,Podrían mejorar la experiencia en línea con una mejor interfaz.,Sugerencia
2779,Tuve un problema con mi compra y nadie me ayudó.,Queja
2780,La página web es muy lenta y difícil de usar.,Queja
2781,El ambiente en la tienda es muy agradable y acogedor.,Sugerencia
2782,Sería genial si agregaran más opciones de pago.,Sugerencia
2783,El producto llegó defectuoso y tardaron en dar solución.,Queja
2784,"Me encantó la atención que recibí, fueron muy atentos.",Sugerencia
2785,"Los tiempos de espera son excesivos, deberían mejorarlo.",Queja
2786,El ambiente en la tienda es muy agradable y acogedor.,Sugerencia
2787,El ambiente en la tienda es muy agradable y acogedor.,Sugerencia
2788,"Los tiempos de espera son excesivos, deberían mejorarlo.",Queja
2789,Podrían ampliar el horario de atención para mayor comodidad.,Sugerencia
2790,Sería bueno que ampliaran la cobertura del servicio a más ciudades.,Sugerencia
2791,Sería útil que agregaran un chat en vivo para consultas rápidas.,Sugerencia
2792,"Los tiempos de espera son excesivos, deberían mejorarlo.",Queja
2793,No me gusta que el personal no esté bien capacitado.,Queja
2794,Podrían ampliar el horario de atención para mayor comodidad.,Sugerencia
2795,Deberían ofrecer más descuentos para clientes frecuentes.,Sugerencia
2796,"Los tiempos de espera son excesivos, deberían mejorarlo.",Queja
2797,"El sistema de turnos no funciona bien, deberían optimizarlo.",Queja
2798,Sería genial si agregaran más opciones de pago.,Sugerencia
2799,"La aplicación móvil tiene muchos errores, deberían mejorarla.",Queja
2800,El servicio al cliente fue muy lento y poco amable.,Queja
2801,"La aplicación móvil tiene muchos errores, deberían mejorarla.",Queja
2802,Tuve un problema con mi compra y nadie me ayudó.,Queja
2803,El servicio al cliente fue muy lento y poco amable.,Queja
2804,El producto llegó defectuoso y tardaron en dar solución.,Queja
2805,Sería genial si agregaran más opciones de pago.,Sugerencia
2806,Podrían ampliar el horario de atención para mayor comodidad.,Sugerencia
2807,Podrían ampliar el horario de atención para mayor comodidad.,Sugerencia
2808,El servicio al cliente fue muy lento y poco amable.,Queja
2809,Sería bueno que ampliaran la cobertura del servicio a más ciudades.,Sugerencia
2810,Deberían ofrecer más descuentos para clientes frecuentes.,Sugerencia
2811,Tuve un problema con mi compra y nadie me ayudó.,Queja
2812,Me gustaría que ofrecieran más promociones en productos populares.,Sugerencia
2813,El personal debería recibir más entrenamiento en atención al cliente.,Sugerencia
2814,Podrían ampliar el horario de atención para mayor comodidad.,Sugerencia
2815,"La aplicación móvil tiene muchos errores, deberían mejorarla.",Queja
2816,Sería genial si agregaran más opciones de pago.,Sugerencia
2817,El ambiente en la tienda es muy agradable y acogedor.,Sugerencia
2818,El servicio telefónico es ineficiente y no resuelven dudas.,Queja
2819,"Los tiempos de espera son excesivos, deberían mejorarlo.",Queja
2820,Tuve un problema con mi compra y nadie me ayudó.,Queja
2821,No responden los correos de atención al cliente.,Queja
2822,El personal debería recibir más entrenamiento en atención al cliente.,Sugerencia
2823,Sería útil que agregaran un chat en vivo para consultas rápidas.,Sugerencia
2824,"La aplicación móvil tiene muchos errores, deberían mejorarla.",Queja
2825,"Me encantó la atención que recibí, fueron muy atentos.",Sugerencia
2826,"El sistema de turnos no funciona bien, deberían optimizarlo.",Queja
2827,El servicio al cliente fue muy lento y poco amable.,Queja
2828,"Me encantó la atención que recibí, fueron muy atentos.",Sugerencia
2829,Deberían ofrecer más descuentos para clientes frecuentes.,Sugerencia
2830,La página web es muy lenta y difícil de usar.,Queja
2831,"El sistema de turnos no funciona bien, deberían optimizarlo.",Queja
2832,El personal debería recibir más entrenamiento en atención al cliente.,Sugerencia
2833,El servicio al cliente fue muy lento y poco amable.,Queja
2834,Podrían mejorar la experiencia en línea con una mejor interfaz.,Sugerencia
2835,El servicio al cliente fue muy lento y poco amable.,Queja
2836,Sería útil que agregaran un chat en vivo para consultas rápidas.,Sugerencia
2837,Deberían ofrecer más descuentos para clientes frecuentes.,Sugerencia
2838,El producto llegó defectuoso y tardaron en dar solución.,Queja
2839,"El sistema de turnos no funciona bien, deberían optimizarlo.",Queja
2840,El personal debería recibir más entrenamiento en atención al cliente.,Sugerencia
2841,No responden los correos de atención al cliente.,Queja
2842,El ambiente en la tienda es muy agradable y acogedor.,Sugerencia
2843,El servicio al cliente fue muy lento y poco amable.,Queja
2844,No me gusta que el personal no esté bien capacitado.,Queja
2845,El personal debería recibir más entrenamiento en atención al cliente.,Sugerencia
2846,El personal debería recibir más entrenamiento en atención al cliente.,Sugerencia
2847,El servicio al cliente fue muy lento y poco amable.,Queja
2848,"Los tiempos de espera son excesivos, deberían mejorarlo.",Queja
2849,"La aplicación móvil tiene muchos errores, deberían mejorarla.",Queja
2850,Sería genial si agregaran más opciones de pago.,Sugerencia
2851,Sería genial si agregaran más opciones de pago.,Sugerencia
2852,El servicio telefónico es ineficiente y no resuelven dudas.,Queja
2853,Sería bueno que ampliaran la cobertura del servicio a más ciudades.,Sugerencia
2854,La página web es muy lenta y difícil de usar.,Queja
2855,"El sistema de turnos no funciona bien, deberían optimizarlo.",Queja
2856,Podrían mejorar la experiencia en línea con una mejor interfaz.,Sugerencia
2857,El servicio al cliente fue muy lento y poco amable.,Queja
2858,Me gustaría que ofrecieran más promociones en productos populares.,Sugerencia
2859,El personal debería recibir más entrenamiento en atención al cliente.,Sugerencia
2860,El servicio al cliente fue muy lento y poco amable.,Queja
2861,Sería genial si agregaran más opciones de pago.,Sugerencia
2862,"Los tiempos de espera son excesivos, deberían mejorarlo.",Queja
2863,"Me encantó la atención que recibí, fueron muy atentos.",Sugerencia
2864,El producto llegó defectuoso y tardaron en dar solución.,Queja
2865,"El sistema de turnos no funciona bien, deberían optimizarlo.",Queja
2866,No me gusta que el personal no esté bien capacitado.,Queja
2867,"La aplicación móvil tiene muchos errores, deberían mejorarla.",Queja
2868,"El sistema de turnos no funciona bien, deberían optimizarlo.",Queja
2869,El servicio al cliente fue muy lento y poco amable.,Queja
2870,Me gustaría que ofrecieran más promociones en productos populares.,Sugerencia
2871,El personal debería recibir más entrenamiento en atención al cliente.,Sugerencia
2872,El ambiente en la tienda es muy agradable y acogedor.,Sugerencia
2873,El ambiente en la tienda es muy agradable y acogedor.,Sugerencia
2874,"El sistema de turnos no funciona bien, deberían optimizarlo.",Queja
2875,No me gusta que el personal no esté bien capacitado.,Queja
2876,El servicio al cliente fue muy lento y poco amable.,Queja
2877,Me gustaría que ofrecieran más promociones en productos populares.,Sugerencia
2878,Podrían mejorar la experiencia en línea con una mejor interfaz.,Sugerencia
2879,El servicio al cliente fue muy lento y poco amable.,Queja
2880,Podrían ampliar el horario de atención para mayor comodidad.,Sugerencia
2881,El personal debería recibir más entrenamiento en atención al cliente.,Sugerencia
2882,"La aplicación móvil tiene muchos errores, deberían mejorarla.",Queja
2883,No responden los correos de atención al cliente.,Queja
2884,"Me encantó la atención que recibí, fueron muy atentos.",Sugerencia
2885,Podrían mejorar la experiencia en línea con una mejor interfaz.,Sugerencia
2886,"El sistema de turnos no funciona bien, deberían optimizarlo.",Queja
2887,"Los tiempos de espera son excesivos, deberían mejorarlo.",Queja
2888,"El sistema de turnos no funciona bien, deberían optimizarlo.",Queja
2889,El ambiente en la tienda es muy agradable y acogedor.,Sugerencia
2890,"El sistema de turnos no funciona bien, deberían optimizarlo.",Queja
2891,El personal debería recibir más entrenamiento en atención al cliente.,Sugerencia
2892,Sería útil que agregaran un chat en vivo para consultas rápidas.,Sugerencia
2893,Podrían mejorar la experiencia en línea con una mejor interfaz.,Sugerencia
2894,El servicio al cliente fue muy lento y poco amable.,Queja
2895,"Me encantó la atención que recibí, fueron muy atentos.",Sugerencia
2896,No me gusta que el personal no esté bien capacitado.,Queja
2897,Podrían mejorar la experiencia en línea con una mejor interfaz.,Sugerencia
2898,"La aplicación móvil tiene muchos errores, deberían mejorarla.",Queja
2899,El servicio telefónico es ineficiente y no resuelven dudas.,Queja
2900,Me gustaría que ofrecieran más promociones en productos populares.,Sugerencia
2901,"Me encantó la atención que recibí, fueron muy atentos.",Sugerencia
2902,"El sistema de turnos no funciona bien, deberían optimizarlo.",Queja
2903,El producto llegó defectuoso y tardaron en dar solución.,Queja
2904,El personal debería recibir más entrenamiento en atención al cliente.,Sugerencia
2905,Podrían ampliar el horario de atención para mayor comodidad.,Sugerencia
2906,La página web es muy lenta y difícil de usar.,Queja
2907,Sería genial si agregaran más opciones de pago.,Sugerencia
2908,Deberían ofrecer más descuentos para clientes frecuentes.,Sugerencia
2909,Podrían mejorar la experiencia en línea con una mejor interfaz.,Sugerencia
2910,El servicio al cliente fue muy lento y poco amable.,Queja
2911,El ambiente en la tienda es muy agradable y acogedor.,Sugerencia
2912,Sería genial si agregaran más opciones de pago.,Sugerencia
2913,"Me encantó la atención que recibí, fueron muy atentos.",Sugerencia
2914,Tuve un problema con mi compra y nadie me ayudó.,Queja
2915,La página web es muy lenta y difícil de usar.,Queja
2916,"La aplicación móvil tiene muchos errores, deberían mejorarla.",Queja
2917,"Me encantó la atención que recibí, fueron muy atentos.",Sugerencia
2918,El servicio al cliente fue muy lento y poco amable.,Queja
2919,Sería genial si agregaran más opciones de pago.,Sugerencia
2920,No me gusta que el personal no esté bien capacitado.,Queja
2921,El producto llegó defectuoso y tardaron en dar solución.,Queja
2922,Deberían ofrecer más descuentos para clientes frecuentes.,Sugerencia
2923,Sería útil que agregaran un chat en vivo para consultas rápidas.,Sugerencia
2924,"El sistema de turnos no funciona bien, deberían optimizarlo.",Queja
2925,"Los tiempos de espera son excesivos, deberían mejorarlo.",Queja
2926,"Los tiempos de espera son excesivos, deberían mejorarlo.",Queja
2927,La página web es muy lenta y difícil de usar.,Queja
2928,El servicio al cliente fue muy lento y poco amable.,Queja
2929,El servicio al cliente fue muy lento y poco amable.,Queja
2930,Me gustaría que ofrecieran más promociones en productos populares.,Sugerencia
2931,El producto llegó defectuoso y tardaron en dar solución.,Queja
2932,"Los tiempos de espera son excesivos, deberían mejorarlo.",Queja
2933,El servicio telefónico es ineficiente y no resuelven dudas.,Queja
2934,Sería útil que agregaran un chat en vivo para consultas rápidas.,Sugerencia
2935,Sería bueno que ampliaran la cobertura del servicio a más ciudades.,Sugerencia
2936,Me gustaría que ofrecieran más promociones en productos populares.,Sugerencia
2937,Podrían ampliar el horario de atención para mayor comodidad.,Sugerencia
2938,Deberían ofrecer más descuentos para clientes frecuentes.,Sugerencia
2939,El servicio al cliente fue muy lento y poco amable.,Queja
2940,Tuve un problema con mi compra y nadie me ayudó.,Queja
2941,No me gusta que el personal no esté bien capacitado.,Queja
2942,El personal debería recibir más entrenamiento en atención al cliente.,Sugerencia
2943,"La aplicación móvil tiene muchos errores, deberían mejorarla.",Queja
2944,El producto llegó defectuoso y tardaron en dar solución.,Queja
2945,Tuve un problema con mi compra y nadie me ayudó.,Queja
2946,Sería útil que agregaran un chat en vivo para consultas rápidas.,Sugerencia
2947,Podrían ampliar el horario de atención para mayor comodidad.,Sugerencia
2948,Me gustaría que ofrecieran más promociones en productos populares.,Sugerencia
2949,Podrían ampliar el horario de atención para mayor comodidad.,Sugerencia
2950,No responden los correos de atención al cliente.,Queja
2951,No me gusta que el personal no esté bien capacitado.,Queja
2952,Tuve un problema con mi compra y nadie me ayudó.,Queja
2953,Sería bueno que ampliaran la cobertura del servicio a más ciudades.,Sugerencia
2954,Tuve un problema con mi compra y nadie me ayudó.,Queja
2955,El servicio telefónico es ineficiente y no resuelven dudas.,Queja
2956,Sería genial si agregaran más opciones de pago.,Sugerencia
2957,Sería útil que agregaran un chat en vivo para consultas rápidas.,Sugerencia
2958,Sería genial si agregaran más opciones de pago.,Sugerencia
2959,"La aplicación móvil tiene muchos errores, deberían mejorarla.",Queja
2960,Podrían mejorar la experiencia en línea con una mejor interfaz.,Sugerencia
2961,No me gusta que el personal no esté bien capacitado.,Queja
2962,Podrían mejorar la experiencia en línea con una mejor interfaz.,Sugerencia
2963,El ambiente en la tienda es muy agradable y acogedor.,Sugerencia
2964,Sería útil que agregaran un chat en vivo para consultas rápidas.,Sugerencia
2965,Sería útil que agregaran un chat en vivo para consultas rápidas.,Sugerencia
2966,El producto llegó defectuoso y tardaron en dar solución.,Queja
2967,"La aplicación móvil tiene muchos errores, deberían mejorarla.",Queja
2968,Podrían ampliar el horario de atención para mayor comodidad.,Sugerencia
2969,El personal debería recibir más entrenamiento en atención al cliente.,Sugerencia
2970,No me gusta que el personal no esté bien capacitado.,Queja
2971,Sería genial si agregaran más opciones de pago.,Sugerencia
2972,Sería bueno que ampliaran la cobertura del servicio a más ciudades.,Sugerencia
2973,La página web es muy lenta y difícil de usar.,Queja
2974,Deberían ofrecer más descuentos para clientes frecuentes.,Sugerencia
2975,La página web es muy lenta y difícil de usar.,Queja
2976,Sería útil que agregaran un chat en vivo para consultas rápidas.,Sugerencia
2977,Podrían ampliar el horario de atención para mayor comodidad.,Sugerencia
2978,El personal debería recibir más entrenamiento en atención al cliente.,Sugerencia
2979,Sería genial si agregaran más opciones de pago.,Sugerencia
2980,Podrían mejorar la experiencia en línea con una mejor interfaz.,Sugerencia
2981,Podrían mejorar la experiencia en línea con una mejor interfaz.,Sugerencia
2982,No responden los correos de atención al cliente.,Queja
2983,No me gusta que el personal no esté bien capacitado.,Queja
2984,"Los tiempos de espera son excesivos, deberían mejorarlo.",Queja
2985,No responden los correos de atención al cliente.,Queja
2986,"Los tiempos de espera son excesivos, deberían mejorarlo.",Queja
2987,No responden los correos de atención al cliente.,Queja
2988,Deberían ofrecer más descuentos para clientes frecuentes.,Sugerencia
2989,"Me encantó la atención que recibí, fueron muy atentos.",Sugerencia
2990,Tuve un problema con mi compra y nadie me ayudó.,Queja
2991,No responden los correos de atención al cliente.,Queja
2992,El servicio al cliente fue muy lento y poco amable.,Queja
2993,Deberían ofrecer más descuentos para clientes frecuentes.,Sugerencia
2994,El ambiente en la tienda es muy agradable y acogedor.,Sugerencia
2995,Deberían ofrecer más descuentos para clientes frecuentes.,Sugerencia
2996,El ambiente en la tienda es muy agradable y acogedor.,Sugerencia
2997,Sería bueno que ampliaran la cobertura del servicio a más ciudades.,Sugerencia
2998,Sería genial si agregaran más opciones de pago.,Sugerencia
2999,No responden los correos de atención al cliente.,Queja
3000,"El sistema de turnos no funciona bien, deberían optimizarlo.",Queja
3001,El servicio al cliente fue muy lento y poco amable.,Queja
3002,El servicio al cliente fue muy lento y poco amable.,Queja
3003,La página web es muy lenta y difícil de usar.,Queja
3004,"Los tiempos de espera son excesivos, deberían mejorarlo.",Queja
3005,Deberían ofrecer más descuentos para clientes frecuentes.,Sugerencia
3006,"El sistema de turnos no funciona bien, deberían optimizarlo.",Queja
3007,El personal debería recibir más entrenamiento en atención al cliente.,Sugerencia
3008,Podrían ampliar el horario de atención para mayor comodidad.,Sugerencia
3009,Podrían ampliar el horario de atención para mayor comodidad.,Sugerencia
3010,No responden los correos de atención al cliente.,Queja
3011,Deberían ofrecer más descuentos para clientes frecuentes.,Sugerencia
3012,"La aplicación móvil tiene muchos errores, deberían mejorarla.",Queja
3013,"Me encantó la atención que recibí, fueron muy atentos.",Sugerencia
3014,No responden los correos de atención al cliente.,Queja
3015,Podrían mejorar la experiencia en línea con una mejor interfaz.,Sugerencia
3016,Deberían ofrecer más descuentos para clientes frecuentes.,Sugerencia
3017,El servicio al cliente fue muy lento y poco amable.,Queja
3018,El producto llegó defectuoso y tardaron en dar solución.,Queja
3019,"Me encantó la atención que recibí, fueron muy atentos.",Sugerencia
3020,Me gustaría que ofrecieran más promociones en productos populares.,Sugerencia
3021,El ambiente en la tienda es muy agradable y acogedor.,Sugerencia
3022,El personal debería recibir más entrenamiento en atención al cliente.,Sugerencia
3023,El ambiente en la tienda es muy agradable y acogedor.,Sugerencia
3024,El personal debería recibir más entrenamiento en atención al cliente.,Sugerencia
3025,El personal debería recibir más entrenamiento en atención al cliente.,Sugerencia
3026,"Me encantó la atención que recibí, fueron muy atentos.",Sugerencia
3027,"Los tiempos de espera son excesivos, deberían mejorarlo.",Queja
3028,Sería útil que agregaran un chat en vivo para consultas rápidas.,Sugerencia
3029,Deberían ofrecer más descuentos para clientes frecuentes.,Sugerencia
3030,El producto llegó defectuoso y tardaron en dar solución.,Queja
3031,Sería útil que agregaran un chat en vivo para consultas rápidas.,Sugerencia
3032,"El sistema de turnos no funciona bien, deberían optimizarlo.",Queja
3033,El personal debería recibir más entrenamiento en atención al cliente.,Sugerencia
3034,Sería genial si agregaran más opciones de pago.,Sugerencia
3035,Me gustaría que ofrecieran más promociones en productos populares.,Sugerencia
3036,Deberían ofrecer más descuentos para clientes frecuentes.,Sugerencia
3037,Deberían ofrecer más descuentos para clientes frecuentes.,Sugerencia
3038,No responden los correos de atención al cliente.,Queja
3039,No responden los correos de atención al cliente.,Queja
3040,Podrían ampliar el horario de atención para mayor comodidad.,Sugerencia
3041,Podrían mejorar la experiencia en línea con una mejor interfaz.,Sugerencia
3042,"El sistema de turnos no funciona bien, deberían optimizarlo.",Queja
3043,Deberían ofrecer más descuentos para clientes frecuentes.,Sugerencia
3044,El personal debería recibir más entrenamiento en atención al cliente.,Sugerencia
3045,Sería útil que agregaran un chat en vivo para consultas rápidas.,Sugerencia
3046,Sería bueno que ampliaran la cobertura del servicio a más ciudades.,Sugerencia
3047,Sería genial si agregaran más opciones de pago.,Sugerencia
3048,"Me encantó la atención que recibí, fueron muy atentos.",Sugerencia
3049,"Los tiempos de espera son excesivos, deberían mejorarlo.",Queja
3050,No me gusta que el personal no esté bien capacitado.,Queja
3051,La página web es muy lenta y difícil de usar.,Queja
3052,"Me encantó la atención que recibí, fueron muy atentos.",Sugerencia
3053,Sería genial si agregaran más opciones de pago.,Sugerencia
3054,"El sistema de turnos no funciona bien, deberían optimizarlo.",Queja
3055,Podrían ampliar el horario de atención para mayor comodidad.,Sugerencia
3056,Podrían ampliar el horario de atención para mayor comodidad.,Sugerencia
3057,"Los tiempos de espera son excesivos, deberían mejorarlo.",Queja
3058,No me gusta que el personal no esté bien capacitado.,Queja
3059,Podrían mejorar la experiencia en línea con una mejor interfaz.,Sugerencia
3060,No me gusta que el personal no esté bien capacitado.,Queja
3061,Sería bueno que ampliaran la cobertura del servicio a más ciudades.,Sugerencia
3062,El producto llegó defectuoso y tardaron en dar solución.,Queja
3063,Tuve un problema con mi compra y nadie me ayudó.,Queja
3064,"La aplicación móvil tiene muchos errores, deberían mejorarla.",Queja
3065,Sería útil que agregaran un chat en vivo para consultas rápidas.,Sugerencia
3066,El producto llegó defectuoso y tardaron en dar solución.,Queja
3067,Sería genial si agregaran más opciones de pago.,Sugerencia
3068,"El sistema de turnos no funciona bien, deberían optimizarlo.",Queja
3069,El servicio telefónico es ineficiente y no resuelven dudas.,Queja
3070,"La aplicación móvil tiene muchos errores, deberían mejorarla.",Queja
3071,Sería útil que agregaran un chat en vivo para consultas rápidas.,Sugerencia
3072,"El sistema de turnos no funciona bien, deberían optimizarlo.",Queja
3073,Sería útil que agregaran un chat en vivo para consultas rápidas.,Sugerencia
3074,"La aplicación móvil tiene muchos errores, deberían mejorarla.",Queja
3075,El servicio telefónico es ineficiente y no resuelven dudas.,Queja
3076,"El sistema de turnos no funciona bien, deberían optimizarlo.",Queja
3077,No me gusta que el personal no esté bien capacitado.,Queja
3078,Sería genial si agregaran más opciones de pago.,Sugerencia
3079,La página web es muy lenta y difícil de usar.,Queja
3080,Sería bueno que ampliaran la cobertura del servicio a más ciudades.,Sugerencia
3081,"El sistema de turnos no funciona bien, deberían optimizarlo.",Queja
3082,Sería bueno que ampliaran la cobertura del servicio a más ciudades.,Sugerencia
3083,"Me encantó la atención que recibí, fueron muy atentos.",Sugerencia
3084,El servicio telefónico es ineficiente y no resuelven dudas.,Queja
3085,"Me encantó la atención que recibí, fueron muy atentos.",Sugerencia
3086,El personal debería recibir más entrenamiento en atención al cliente.,Sugerencia
3087,Tuve un problema con mi compra y nadie me ayudó.,Queja
3088,Sería bueno que ampliaran la cobertura del servicio a más ciudades.,Sugerencia
3089,Sería bueno que ampliaran la cobertura del servicio a más ciudades.,Sugerencia
3090,El ambiente en la tienda es muy agradable y acogedor.,Sugerencia
3091,El ambiente en la tienda es muy agradable y acogedor.,Sugerencia
3092,El personal debería recibir más entrenamiento en atención al cliente.,Sugerencia
3093,Tuve un problema con mi compra y nadie me ayudó.,Queja
3094,Podrían mejorar la experiencia en línea con una mejor interfaz.,Sugerencia
3095,El personal debería recibir más entrenamiento en atención al cliente.,Sugerencia
3096,No me gusta que el personal no esté bien capacitado.,Queja
3097,Sería útil que agregaran un chat en vivo para consultas rápidas.,Sugerencia
3098,"La aplicación móvil tiene muchos errores, deberían mejorarla.",Queja
3099,La página web es muy lenta y difícil de usar.,Queja
3100,No responden los correos de atención al cliente.,Queja
3101,El servicio telefónico es ineficiente y no resuelven dudas.,Queja
3102,El producto llegó defectuoso y tardaron en dar solución.,Queja
3103,Sería bueno que ampliaran la cobertura del servicio a más ciudades.,Sugerencia
3104,"Los tiempos de espera son excesivos, deberían mejorarlo.",Queja
3105,El ambiente en la tienda es muy agradable y acogedor.,Sugerencia
3106,"Los tiempos de espera son excesivos, deberían mejorarlo.",Queja
3107,Sería útil que agregaran un chat en vivo para consultas rápidas.,Sugerencia
3108,"La aplicación móvil tiene muchos errores, deberían mejorarla.",Queja
3109,"El sistema de turnos no funciona bien, deberían optimizarlo.",Queja
3110,El personal debería recibir más entrenamiento en atención al cliente.,Sugerencia
3111,Podrían ampliar el horario de atención para mayor comodidad.,Sugerencia
3112,Tuve un problema con mi compra y nadie me ayudó.,Queja
3113,Sería útil que agregaran un chat en vivo para consultas rápidas.,Sugerencia
3114,"Los tiempos de espera son excesivos, deberían mejorarlo.",Queja
3115,"Los tiempos de espera son excesivos, deberían mejorarlo.",Queja
3116,No responden los correos de atención al cliente.,Queja
3117,El personal debería recibir más entrenamiento en atención al cliente.,Sugerencia
3118,"El sistema de turnos no funciona bien, deberían optimizarlo.",Queja
3119,El servicio telefónico es ineficiente y no resuelven dudas.,Queja
3120,Tuve un problema con mi compra y nadie me ayudó.,Queja
3121,El ambiente en la tienda es muy agradable y acogedor.,Sugerencia
3122,No responden los correos de atención al cliente.,Queja
3123,El producto llegó defectuoso y tardaron en dar solución.,Queja
3124,Podrían mejorar la experiencia en línea con una mejor interfaz.,Sugerencia
3125,El ambiente en la tienda es muy agradable y acogedor.,Sugerencia
3126,Sería útil que agregaran un chat en vivo para consultas rápidas.,Sugerencia
3127,Sería bueno que ampliaran la cobertura del servicio a más ciudades.,Sugerencia
3128,Sería genial si agregaran más opciones de pago.,Sugerencia
3129,"Los tiempos de espera son excesivos, deberían mejorarlo.",Queja
3130,La página web es muy lenta y difícil de usar.,Queja
3131,No me gusta que el personal no esté bien capacitado.,Queja
3132,Deberían ofrecer más descuentos para clientes frecuentes.,Sugerencia
3133,Podrían mejorar la experiencia en línea con una mejor interfaz.,Sugerencia
3134,"El sistema de turnos no funciona bien, deberían optimizarlo.",Queja
3135,El producto llegó defectuoso y tardaron en dar solución.,Queja
3136,El personal debería recibir más entrenamiento en atención al cliente.,Sugerencia
3137,El servicio telefónico es ineficiente y no resuelven dudas.,Queja
3138,"La aplicación móvil tiene muchos errores, deberían mejorarla.",Queja
3139,Podrían ampliar el horario de atención para mayor comodidad.,Sugerencia
3140,Deberían ofrecer más descuentos para clientes frecuentes.,Sugerencia
3141,El servicio telefónico es ineficiente y no resuelven dudas.,Queja
3142,Tuve un problema con mi compra y nadie me ayudó.,Queja
3143,El producto llegó defectuoso y tardaron en dar solución.,Queja
3144,La página web es muy lenta y difícil de usar.,Queja
3145,Podrían mejorar la experiencia en línea con una mejor interfaz.,Sugerencia
3146,Me gustaría que ofrecieran más promociones en productos populares.,Sugerencia
3147,Sería útil que agregaran un chat en vivo para consultas rápidas.,Sugerencia
3148,La página web es muy lenta y difícil de usar.,Queja
3149,Me gustaría que ofrecieran más promociones en productos populares.,Sugerencia
3150,El servicio telefónico es ineficiente y no resuelven dudas.,Queja
3151,El ambiente en la tienda es muy agradable y acogedor.,Sugerencia
3152,Podrían mejorar la experiencia en línea con una mejor interfaz.,Sugerencia
3153,Me gustaría que ofrecieran más promociones en productos populares.,Sugerencia
3154,El servicio al cliente fue muy lento y poco amable.,Queja
3155,Podrían mejorar la experiencia en línea con una mejor interfaz.,Sugerencia
3156,Sería genial si agregaran más opciones de pago.,Sugerencia
3157,Me gustaría que ofrecieran más promociones en productos populares.,Sugerencia
3158,No responden los correos de atención al cliente.,Queja
3159,Podrían ampliar el horario de atención para mayor comodidad.,Sugerencia
3160,La página web es muy lenta y difícil de usar.,Queja
3161,No responden los correos de atención al cliente.,Queja
3162,No responden los correos de atención al cliente.,Queja
3163,Sería genial si agregaran más opciones de pago.,Sugerencia
3164,"El sistema de turnos no funciona bien, deberían optimizarlo.",Queja
3165,Sería genial si agregaran más opciones de pago.,Sugerencia
3166,Podrían mejorar la experiencia en línea con una mejor interfaz.,Sugerencia
3167,Sería útil que agregaran un chat en vivo para consultas rápidas.,Sugerencia
3168,Podrían ampliar el horario de atención para mayor comodidad.,Sugerencia
3169,No responden los correos de atención al cliente.,Queja
3170,Podrían ampliar el horario de atención para mayor comodidad.,Sugerencia
3171,"El sistema de turnos no funciona bien, deberían optimizarlo.",Queja
3172,El ambiente en la tienda es muy agradable y acogedor.,Sugerencia
3173,La página web es muy lenta y difícil de usar.,Queja
3174,Sería útil que agregaran un chat en vivo para consultas rápidas.,Sugerencia
3175,Me gustaría que ofrecieran más promociones en productos populares.,Sugerencia
3176,"La aplicación móvil tiene muchos errores, deberían mejorarla.",Queja
3177,Tuve un problema con mi compra y nadie me ayudó.,Queja
3178,Podrían ampliar el horario de atención para mayor comodidad.,Sugerencia
3179,"Los tiempos de espera son excesivos, deberían mejorarlo.",Queja
3180,"El sistema de turnos no funciona bien, deberían optimizarlo.",Queja
3181,No me gusta que el personal no esté bien capacitado.,Queja
3182,Sería útil que agregaran un chat en vivo para consultas rápidas.,Sugerencia
3183,No responden los correos de atención al cliente.,Queja
3184,Sería genial si agregaran más opciones de pago.,Sugerencia
3185,No responden los correos de atención al cliente.,Queja
3186,El producto llegó defectuoso y tardaron en dar solución.,Queja
3187,"La aplicación móvil tiene muchos errores, deberían mejorarla.",Queja
3188,El producto llegó defectuoso y tardaron en dar solución.,Queja
3189,El producto llegó defectuoso y tardaron en dar solución.,Queja
3190,Me gustaría que ofrecieran más promociones en productos populares.,Sugerencia
3191,Me gustaría que ofrecieran más promociones en productos populares.,Sugerencia
3192,"Los tiempos de espera son excesivos, deberían mejorarlo.",Queja
3193,Podrían mejorar la experiencia en línea con una mejor interfaz.,Sugerencia
3194,El ambiente en la tienda es muy agradable y acogedor.,Sugerencia
3195,No me gusta que el personal no esté bien capacitado.,Queja
3196,El servicio al cliente fue muy lento y poco amable.,Queja
3197,Deberían ofrecer más descuentos para clientes frecuentes.,Sugerencia
3198,Podrían ampliar el horario de atención para mayor comodidad.,Sugerencia
3199,"La aplicación móvil tiene muchos errores, deberían mejorarla.",Queja
3200,El personal debería recibir más entrenamiento en atención al cliente.,Sugerencia
3201,El servicio al cliente fue muy lento y poco amable.,Queja
3202,Sería útil que agregaran un chat en vivo para consultas rápidas.,Sugerencia
3203,"La aplicación móvil tiene muchos errores, deberían mejorarla.",Queja
3204,No responden los correos de atención al cliente.,Queja
3205,La página web es muy lenta y difícil de usar.,Queja
3206,No me gusta que el personal no esté bien capacitado.,Queja
3207,Sería útil que agregaran un chat en vivo para consultas rápidas.,Sugerencia
3208,Tuve un problema con mi compra y nadie me ayudó.,Queja
3209,No me gusta que el personal no esté bien capacitado.,Queja
3210,"El sistema de turnos no funciona bien, deberían optimizarlo.",Queja
3211,El ambiente en la tienda es muy agradable y acogedor.,Sugerencia
3212,Sería bueno que ampliaran la cobertura del servicio a más ciudades.,Sugerencia
3213,Sería genial si agregaran más opciones de pago.,Sugerencia
3214,El servicio telefónico es ineficiente y no resuelven dudas.,Queja
3215,Sería genial si agregaran más opciones de pago.,Sugerencia
3216,Podrían mejorar la experiencia en línea con una mejor interfaz.,Sugerencia
3217,Deberían ofrecer más descuentos para clientes frecuentes.,Sugerencia
3218,"La aplicación móvil tiene muchos errores, deberían mejorarla.",Queja
3219,"El sistema de turnos no funciona bien, deberían optimizarlo.",Queja
3220,Sería útil que agregaran un chat en vivo para consultas rápidas.,Sugerencia
3221,El servicio al cliente fue muy lento y poco amable.,Queja
3222,El ambiente en la tienda es muy agradable y acogedor.,Sugerencia
3223,No responden los correos de atención al cliente.,Queja
3224,El servicio al cliente fue muy lento y poco amable.,Queja
3225,El servicio telefónico es ineficiente y no resuelven dudas.,Queja
3226,El personal debería recibir más entrenamiento en atención al cliente.,Sugerencia
3227,El servicio telefónico es ineficiente y no resuelven dudas.,Queja
3228,No me gusta que el personal no esté bien capacitado.,Queja
3229,Tuve un problema con mi compra y nadie me ayudó.,Queja
3230,No responden los correos de atención al cliente.,Queja
3231,Sería bueno que ampliaran la cobertura del servicio a más ciudades.,Sugerencia
3232,El servicio telefónico es ineficiente y no resuelven dudas.,Queja
3233,"Me encantó la atención que recibí, fueron muy atentos.",Sugerencia
3234,El ambiente en la tienda es muy agradable y acogedor.,Sugerencia
3235,Me gustaría que ofrecieran más promociones en productos populares.,Sugerencia
3236,El producto llegó defectuoso y tardaron en dar solución.,Queja
3237,"Los tiempos de espera son excesivos, deberían mejorarlo.",Queja
3238,No responden los correos de atención al cliente.,Queja
3239,No responden los correos de atención al cliente.,Queja
3240,Podrían mejorar la experiencia en línea con una mejor interfaz.,Sugerencia
3241,No responden los correos de atención al cliente.,Queja
3242,"La aplicación móvil tiene muchos errores, deberían mejorarla.",Queja
3243,El ambiente en la tienda es muy agradable y acogedor.,Sugerencia
3244,"La aplicación móvil tiene muchos errores, deberían mejorarla.",Queja
3245,Podrían mejorar la experiencia en línea con una mejor interfaz.,Sugerencia
3246,Me gustaría que ofrecieran más promociones en productos populares.,Sugerencia
3247,Sería útil que agregaran un chat en vivo para consultas rápidas.,Sugerencia
3248,El servicio telefónico es ineficiente y no resuelven dudas.,Queja
3249,No responden los correos de atención al cliente.,Queja
3250,El producto llegó defectuoso y tardaron en dar solución.,Queja
3251,Sería útil que agregaran un chat en vivo para consultas rápidas.,Sugerencia
3252,Deberían ofrecer más descuentos para clientes frecuentes.,Sugerencia
3253,"Me encantó la atención que recibí, fueron muy atentos.",Sugerencia
3254,"La aplicación móvil tiene muchos errores, deberían mejorarla.",Queja
3255,Podrían mejorar la experiencia en línea con una mejor interfaz.,Sugerencia
3256,Podrían mejorar la experiencia en línea con una mejor interfaz.,Sugerencia
3257,Deberían ofrecer más descuentos para clientes frecuentes.,Sugerencia
3258,El personal debería recibir más entrenamiento en atención al cliente.,Sugerencia
3259,Me gustaría que ofrecieran más promociones en productos populares.,Sugerencia
3260,El ambiente en la tienda es muy agradable y acogedor.,Sugerencia
3261,Sería genial si agregaran más opciones de pago.,Sugerencia
3262,"El sistema de turnos no funciona bien, deberían optimizarlo.",Queja
3263,El servicio al cliente fue muy lento y poco amable.,Queja
3264,Podrían ampliar el horario de atención para mayor comodidad.,Sugerencia
3265,El personal debería recibir más entrenamiento en atención al cliente.,Sugerencia
3266,Sería genial si agregaran más opciones de pago.,Sugerencia
3267,Podrían ampliar el horario de atención para mayor comodidad.,Sugerencia
3268,El personal debería recibir más entrenamiento en atención al cliente.,Sugerencia
3269,No responden los correos de atención al cliente.,Queja
3270,"Me encantó la atención que recibí, fueron muy atentos.",Sugerencia
3271,El ambiente en la tienda es muy agradable y acogedor.,Sugerencia
3272,El servicio telefónico es ineficiente y no resuelven dudas.,Queja
3273,No me gusta que el personal no esté bien capacitado.,Queja
3274,El servicio telefónico es ineficiente y no resuelven dudas.,Queja
3275,Podrían ampliar el horario de atención para mayor comodidad.,Sugerencia
3276,La página web es muy lenta y difícil de usar.,Queja
3277,No responden los correos de atención al cliente.,Queja
3278,Sería genial si agregaran más opciones de pago.,Sugerencia
3279,"Los tiempos de espera son excesivos, deberían mejorarlo.",Queja
3280,Me gustaría que ofrecieran más promociones en productos populares.,Sugerencia
3281,El servicio telefónico es ineficiente y no resuelven dudas.,Queja
3282,El servicio telefónico es ineficiente y no resuelven dudas.,Queja
3283,Sería genial si agregaran más opciones de pago.,Sugerencia
3284,Tuve un problema con mi compra y nadie me ayudó.,Queja
3285,Deberían ofrecer más descuentos para clientes frecuentes.,Sugerencia
3286,No me gusta que el personal no esté bien capacitado.,Queja
3287,Sería útil que agregaran un chat en vivo para consultas rápidas.,Sugerencia
3288,Sería genial si agregaran más opciones de pago.,Sugerencia
3289,Sería genial si agregaran más opciones de pago.,Sugerencia
3290,Podrían mejorar la experiencia en línea con una mejor interfaz.,Sugerencia
3291,Podrían mejorar la experiencia en línea con una mejor interfaz.,Sugerencia
3292,El personal debería recibir más entrenamiento en atención al cliente.,Sugerencia
3293,Sería genial si agregaran más opciones de pago.,Sugerencia
3294,El servicio al cliente fue muy lento y poco amable.,Queja
3295,El servicio telefónico es ineficiente y no resuelven dudas.,Queja
3296,No me gusta que el personal no esté bien capacitado.,Queja
3297,El producto llegó defectuoso y tardaron en dar solución.,Queja
3298,Podrían ampliar el horario de atención para mayor comodidad.,Sugerencia
3299,Sería útil que agregaran un chat en vivo para consultas rápidas.,Sugerencia
3300,Sería genial si agregaran más opciones de pago.,Sugerencia
3301,Sería genial si agregaran más opciones de pago.,Sugerencia
3302,Sería genial si agregaran más opciones de pago.,Sugerencia
3303,"El sistema de turnos no funciona bien, deberían optimizarlo.",Queja
3304,"El sistema de turnos no funciona bien, deberían optimizarlo.",Queja
3305,El ambiente en la tienda es muy agradable y acogedor.,Sugerencia
3306,Tuve un problema con mi compra y nadie me ayudó.,Queja
3307,Podrían ampliar el horario de atención para mayor comodidad.,Sugerencia
3308,El producto llegó defectuoso y tardaron en dar solución.,Queja
3309,Podrían mejorar la experiencia en línea con una mejor interfaz.,Sugerencia
3310,Podrían ampliar el horario de atención para mayor comodidad.,Sugerencia
3311,No responden los correos de atención al cliente.,Queja
3312,Sería útil que agregaran un chat en vivo para consultas rápidas.,Sugerencia
3313,Podrían mejorar la experiencia en línea con una mejor interfaz.,Sugerencia
3314,Deberían ofrecer más descuentos para clientes frecuentes.,Sugerencia
3315,Podrían mejorar la experiencia en línea con una mejor interfaz.,Sugerencia
3316,La página web es muy lenta y difícil de usar.,Queja
3317,"El sistema de turnos no funciona bien, deberían optimizarlo.",Queja
3318,Deberían ofrecer más descuentos para clientes frecuentes.,Sugerencia
3319,No me gusta que el personal no esté bien capacitado.,Queja
3320,"Me encantó la atención que recibí, fueron muy atentos.",Sugerencia
3321,Sería útil que agregaran un chat en vivo para consultas rápidas.,Sugerencia
3322,No responden los correos de atención al cliente.,Queja
3323,El servicio telefónico es ineficiente y no resuelven dudas.,Queja
3324,"Los tiempos de espera son excesivos, deberían mejorarlo.",Queja
3325,No me gusta que el personal no esté bien capacitado.,Queja
3326,Sería bueno que ampliaran la cobertura del servicio a más ciudades.,Sugerencia
3327,Podrían mejorar la experiencia en línea con una mejor interfaz.,Sugerencia
3328,El servicio al cliente fue muy lento y poco amable.,Queja
3329,Sería genial si agregaran más opciones de pago.,Sugerencia
3330,Sería útil que agregaran un chat en vivo para consultas rápidas.,Sugerencia
3331,El personal debería recibir más entrenamiento en atención al cliente.,Sugerencia
3332,Tuve un problema con mi compra y nadie me ayudó.,Queja
3333,"El sistema de turnos no funciona bien, deberían optimizarlo.",Queja
3334,El servicio al cliente fue muy lento y poco amable.,Queja
3335,Sería bueno que ampliaran la cobertura del servicio a más ciudades.,Sugerencia
3336,Podrían mejorar la experiencia en línea con una mejor interfaz.,Sugerencia
3337,El ambiente en la tienda es muy agradable y acogedor.,Sugerencia
3338,Podrían mejorar la experiencia en línea con una mejor interfaz.,Sugerencia
3339,El servicio telefónico es ineficiente y no resuelven dudas.,Queja
3340,La página web es muy lenta y difícil de usar.,Queja
3341,Sería útil que agregaran un chat en vivo para consultas rápidas.,Sugerencia
3342,No me gusta que el personal no esté bien capacitado.,Queja
3343,La página web es muy lenta y difícil de usar.,Queja
3344,El producto llegó defectuoso y tardaron en dar solución.,Queja
3345,No responden los correos de atención al cliente.,Queja
3346,El ambiente en la tienda es muy agradable y acogedor.,Sugerencia
3347,No me gusta que el personal no esté bien capacitado.,Queja
3348,No responden los correos de atención al cliente.,Queja
3349,Tuve un problema con mi compra y nadie me ayudó.,Queja
3350,El producto llegó defectuoso y tardaron en dar solución.,Queja
3351,El servicio al cliente fue muy lento y poco amable.,Queja
3352,Me gustaría que ofrecieran más promociones en productos populares.,Sugerencia
3353,Podrían mejorar la experiencia en línea con una mejor interfaz.,Sugerencia
3354,"Me encantó la atención que recibí, fueron muy atentos.",Sugerencia
3355,El personal debería recibir más entrenamiento en atención al cliente.,Sugerencia
3356,"Los tiempos de espera son excesivos, deberían mejorarlo.",Queja
3357,Podrían mejorar la experiencia en línea con una mejor interfaz.,Sugerencia
3358,Podrían ampliar el horario de atención para mayor comodidad.,Sugerencia
3359,Sería bueno que ampliaran la cobertura del servicio a más ciudades.,Sugerencia
3360,"El sistema de turnos no funciona bien, deberían optimizarlo.",Queja
3361,"La aplicación móvil tiene muchos errores, deberían mejorarla.",Queja
3362,"Me encantó la atención que recibí, fueron muy atentos.",Sugerencia
3363,Deberían ofrecer más descuentos para clientes frecuentes.,Sugerencia
3364,No me gusta que el personal no esté bien capacitado.,Queja
3365,El producto llegó defectuoso y tardaron en dar solución.,Queja
3366,Deberían ofrecer más descuentos para clientes frecuentes.,Sugerencia
3367,Deberían ofrecer más descuentos para clientes frecuentes.,Sugerencia
3368,"El sistema de turnos no funciona bien, deberían optimizarlo.",Queja
3369,El servicio telefónico es ineficiente y no resuelven dudas.,Queja
3370,No responden los correos de atención al cliente.,Queja
3371,No me gusta que el personal no esté bien capacitado.,Queja
3372,Sería útil que agregaran un chat en vivo para consultas rápidas.,Sugerencia
3373,"La aplicación móvil tiene muchos errores, deberían mejorarla.",Queja
3374,Podrían ampliar el horario de atención para mayor comodidad.,Sugerencia
3375,Me gustaría que ofrecieran más promociones en productos populares.,Sugerencia
3376,Sería útil que agregaran un chat en vivo para consultas rápidas.,Sugerencia
3377,"Me encantó la atención que recibí, fueron muy atentos.",Sugerencia
3378,"Los tiempos de espera son excesivos, deberían mejorarlo.",Queja
3379,La página web es muy lenta y difícil de usar.,Queja
3380,Podrían mejorar la experiencia en línea con una mejor interfaz.,Sugerencia
3381,No me gusta que el personal no esté bien capacitado.,Queja
3382,El ambiente en la tienda es muy agradable y acogedor.,Sugerencia
3383,Podrían ampliar el horario de atención para mayor comodidad.,Sugerencia
3384,"Los tiempos de espera son excesivos, deberían mejorarlo.",Queja
3385,No me gusta que el personal no esté bien capacitado.,Queja
3386,Tuve un problema con mi compra y nadie me ayudó.,Queja
3387,No me gusta que el personal no esté bien capacitado.,Queja
3388,El ambiente en la tienda es muy agradable y acogedor.,Sugerencia
3389,"El sistema de turnos no funciona bien, deberían optimizarlo.",Queja
3390,El producto llegó defectuoso y tardaron en dar solución.,Queja
3391,Deberían ofrecer más descuentos para clientes frecuentes.,Sugerencia
3392,El personal debería recibir más entrenamiento en atención al cliente.,Sugerencia
3393,El servicio telefónico es ineficiente y no resuelven dudas.,Queja
3394,Podrían ampliar el horario de atención para mayor comodidad.,Sugerencia
3395,"El sistema de turnos no funciona bien, deberían optimizarlo.",Queja
3396,El ambiente en la tienda es muy agradable y acogedor.,Sugerencia
3397,El producto llegó defectuoso y tardaron en dar solución.,Queja
3398,Tuve un problema con mi compra y nadie me ayudó.,Queja
3399,Tuve un problema con mi compra y nadie me ayudó.,Queja
3400,Sería útil que agregaran un chat en vivo para consultas rápidas.,Sugerencia
3401,El personal debería recibir más entrenamiento en atención al cliente.,Sugerencia
3402,El producto llegó defectuoso y tardaron en dar solución.,Queja
3403,"Los tiempos de espera son excesivos, deberían mejorarlo.",Queja
3404,"Los tiempos de espera son excesivos, deberían mejorarlo.",Queja
3405,El ambiente en la tienda es muy agradable y acogedor.,Sugerencia
3406,El servicio telefónico es ineficiente y no resuelven dudas.,Queja
3407,El servicio telefónico es ineficiente y no resuelven dudas.,Queja
3408,Tuve un problema con mi compra y nadie me ayudó.,Queja
3409,Sería útil que agregaran un chat en vivo para consultas rápidas.,Sugerencia
3410,No me gusta que el personal no esté bien capacitado.,Queja
3411,El producto llegó defectuoso y tardaron en dar solución.,Queja
3412,El ambiente en la tienda es muy agradable y acogedor.,Sugerencia
3413,Sería genial si agregaran más opciones de pago.,Sugerencia
3414,El servicio al cliente fue muy lento y poco amable.,Queja
3415,"El sistema de turnos no funciona bien, deberían optimizarlo.",Queja
3416,Podrían mejorar la experiencia en línea con una mejor interfaz.,Sugerencia
3417,Tuve un problema con mi compra y nadie me ayudó.,Queja
3418,El personal debería recibir más entrenamiento en atención al cliente.,Sugerencia
3419,El servicio al cliente fue muy lento y poco amable.,Queja
3420,Tuve un problema con mi compra y nadie me ayudó.,Queja
3421,No me gusta que el personal no esté bien capacitado.,Queja
3422,Podrían ampliar el horario de atención para mayor comodidad.,Sugerencia
3423,Sería útil que agregaran un chat en vivo para consultas rápidas.,Sugerencia
3424,Me gustaría que ofrecieran más promociones en productos populares.,Sugerencia
3425,"Me encantó la atención que recibí, fueron muy atentos.",Sugerencia
3426,No responden los correos de atención al cliente.,Queja
3427,No responden los correos de atención al cliente.,Queja
3428,Sería útil que agregaran un chat en vivo para consultas rápidas.,Sugerencia
3429,No responden los correos de atención al cliente.,Queja
3430,Sería útil que agregaran un chat en vivo para consultas rápidas.,Sugerencia
3431,Sería bueno que ampliaran la cobertura del servicio a más ciudades.,Sugerencia
3432,La página web es muy lenta y difícil de usar.,Queja
3433,Deberían ofrecer más descuentos para clientes frecuentes.,Sugerencia
3434,Tuve un problema con mi compra y nadie me ayudó.,Queja
3435,La página web es muy lenta y difícil de usar.,Queja
3436,El personal debería recibir más entrenamiento en atención al cliente.,Sugerencia
3437,"Los tiempos de espera son excesivos, deberían mejorarlo.",Queja
3438,Tuve un problema con mi compra y nadie me ayudó.,Queja
3439,Sería genial si agregaran más opciones de pago.,Sugerencia
3440,"Me encantó la atención que recibí, fueron muy atentos.",Sugerencia
3441,Sería bueno que ampliaran la cobertura del servicio a más ciudades.,Sugerencia
3442,"Me encantó la atención que recibí, fueron muy atentos.",Sugerencia
3443,Podrían ampliar el horario de atención para mayor comodidad.,Sugerencia
3444,No me gusta que el personal no esté bien capacitado.,Queja
3445,Sería útil que agregaran un chat en vivo para consultas rápidas.,Sugerencia
3446,Deberían ofrecer más descuentos para clientes frecuentes.,Sugerencia
3447,No me gusta que el personal no esté bien capacitado.,Queja
3448,Sería genial si agregaran más opciones de pago.,Sugerencia
3449,Podrían mejorar la experiencia en línea con una mejor interfaz.,Sugerencia
3450,Sería genial si agregaran más opciones de pago.,Sugerencia
3451,"La aplicación móvil tiene muchos errores, deberían mejorarla.",Queja
3452,Deberían ofrecer más descuentos para clientes frecuentes.,Sugerencia
3453,No responden los correos de atención al cliente.,Queja
3454,El ambiente en la tienda es muy agradable y acogedor.,Sugerencia
3455,"La aplicación móvil tiene muchos errores, deberían mejorarla.",Queja
3456,Me gustaría que ofrecieran más promociones en productos populares.,Sugerencia
3457,El producto llegó defectuoso y tardaron en dar solución.,Queja
3458,Sería bueno que ampliaran la cobertura del servicio a más ciudades.,Sugerencia
3459,El servicio al cliente fue muy lento y poco amable.,Queja
3460,Podrían mejorar la experiencia en línea con una mejor interfaz.,Sugerencia
3461,El personal debería recibir más entrenamiento en atención al cliente.,Sugerencia
3462,El producto llegó defectuoso y tardaron en dar solución.,Queja
3463,Podrían mejorar la experiencia en línea con una mejor interfaz.,Sugerencia
3464,El personal debería recibir más entrenamiento en atención al cliente.,Sugerencia
3465,Me gustaría que ofrecieran más promociones en productos populares.,Sugerencia
3466,El servicio al cliente fue muy lento y poco amable.,Queja
3467,Sería genial si agregaran más opciones de pago.,Sugerencia
3468,Podrían ampliar el horario de atención para mayor comodidad.,Sugerencia
3469,Sería bueno que ampliaran la cobertura del servicio a más ciudades.,Sugerencia
3470,Sería bueno que ampliaran la cobertura del servicio a más ciudades.,Sugerencia
3471,Podrían ampliar el horario de atención para mayor comodidad.,Sugerencia
3472,Deberían ofrecer más descuentos para clientes frecuentes.,Sugerencia
3473,El personal debería recibir más entrenamiento en atención al cliente.,Sugerencia
3474,"La aplicación móvil tiene muchos errores, deberían mejorarla.",Queja
3475,La página web es muy lenta y difícil de usar.,Queja
3476,"El sistema de turnos no funciona bien, deberían optimizarlo.",Queja
3477,Tuve un problema con mi compra y nadie me ayudó.,Queja
3478,El servicio telefónico es ineficiente y no resuelven dudas.,Queja
3479,El servicio telefónico es ineficiente y no resuelven dudas.,Queja
3480,"Me encantó la atención que recibí, fueron muy atentos.",Sugerencia
3481,Tuve un problema con mi compra y nadie me ayudó.,Queja
3482,La página web es muy lenta y difícil de usar.,Queja
3483,El servicio al cliente fue muy lento y poco amable.,Queja
3484,Me gustaría que ofrecieran más promociones en productos populares.,Sugerencia
3485,Me gustaría que ofrecieran más promociones en productos populares.,Sugerencia
3486,Tuve un problema con mi compra y nadie me ayudó.,Queja
3487,No responden los correos de atención al cliente.,Queja
3488,Sería útil que agregaran un chat en vivo para consultas rápidas.,Sugerencia
3489,El producto llegó defectuoso y tardaron en dar solución.,Queja
3490,Deberían ofrecer más descuentos para clientes frecuentes.,Sugerencia
3491,El producto llegó defectuoso y tardaron en dar solución.,Queja
3492,No me gusta que el personal no esté bien capacitado.,Queja
3493,Tuve un problema con mi compra y nadie me ayudó.,Queja
3494,Me gustaría que ofrecieran más promociones en productos populares.,Sugerencia
3495,El personal debería recibir más entrenamiento en atención al cliente.,Sugerencia
3496,Me gustaría que ofrecieran más promociones en productos populares.,Sugerencia
3497,Podrían mejorar la experiencia en línea con una mejor interfaz.,Sugerencia
3498,El servicio telefónico es ineficiente y no resuelven dudas.,Queja
3499,Sería bueno que ampliaran la cobertura del servicio a más ciudades.,Sugerencia
3500,Deberían ofrecer más descuentos para clientes frecuentes.,Sugerencia
3501,Deberían ofrecer más descuentos para clientes frecuentes.,Sugerencia
3502,No me gusta que el personal no esté bien capacitado.,Queja
3503,Me gustaría que ofrecieran más promociones en productos populares.,Sugerencia
3504,El personal debería recibir más entrenamiento en atención al cliente.,Sugerencia
3505,"La aplicación móvil tiene muchos errores, deberían mejorarla.",Queja
3506,El personal debería recibir más entrenamiento en atención al cliente.,Sugerencia
3507,El servicio al cliente fue muy lento y poco amable.,Queja
3508,El servicio al cliente fue muy lento y poco amable.,Queja
3509,Tuve un problema con mi compra y nadie me ayudó.,Queja
3510,Deberían ofrecer más descuentos para clientes frecuentes.,Sugerencia
3511,No me gusta que el personal no esté bien capacitado.,Queja
3512,La página web es muy lenta y difícil de usar.,Queja
3513,Me gustaría que ofrecieran más promociones en productos populares.,Sugerencia
3514,"Los tiempos de espera son excesivos, deberían mejorarlo.",Queja
3515,El personal debería recibir más entrenamiento en atención al cliente.,Sugerencia
3516,"La aplicación móvil tiene muchos errores, deberían mejorarla.",Queja
3517,Me gustaría que ofrecieran más promociones en productos populares.,Sugerencia
3518,No me gusta que el personal no esté bien capacitado.,Queja
3519,El servicio al cliente fue muy lento y poco amable.,Queja
3520,El ambiente en la tienda es muy agradable y acogedor.,Sugerencia
3521,Me gustaría que ofrecieran más promociones en productos populares.,Sugerencia
3522,Podrían mejorar la experiencia en línea con una mejor interfaz.,Sugerencia
3523,La página web es muy lenta y difícil de usar.,Queja
3524,La página web es muy lenta y difícil de usar.,Queja
3525,"Los tiempos de espera son excesivos, deberían mejorarlo.",Queja
3526,El servicio al cliente fue muy lento y poco amable.,Queja
3527,"La aplicación móvil tiene muchos errores, deberían mejorarla.",Queja
3528,"Me encantó la atención que recibí, fueron muy atentos.",Sugerencia
3529,La página web es muy lenta y difícil de usar.,Queja
3530,Podrían ampliar el horario de atención para mayor comodidad.,Sugerencia
3531,El producto llegó defectuoso y tardaron en dar solución.,Queja
3532,Sería genial si agregaran más opciones de pago.,Sugerencia
3533,Sería útil que agregaran un chat en vivo para consultas rápidas.,Sugerencia
3534,El personal debería recibir más entrenamiento en atención al cliente.,Sugerencia
3535,El personal debería recibir más entrenamiento en atención al cliente.,Sugerencia
3536,Deberían ofrecer más descuentos para clientes frecuentes.,Sugerencia
3537,El servicio telefónico es ineficiente y no resuelven dudas.,Queja
3538,No responden los correos de atención al cliente.,Queja
3539,Tuve un problema con mi compra y nadie me ayudó.,Queja
3540,"El sistema de turnos no funciona bien, deberían optimizarlo.",Queja
3541,Podrían mejorar la experiencia en línea con una mejor interfaz.,Sugerencia
3542,Podrían mejorar la experiencia en línea con una mejor interfaz.,Sugerencia
3543,El producto llegó defectuoso y tardaron en dar solución.,Queja
3544,El servicio al cliente fue muy lento y poco amable.,Queja
3545,Me gustaría que ofrecieran más promociones en productos populares.,Sugerencia
3546,Sería genial si agregaran más opciones de pago.,Sugerencia
3547,Deberían ofrecer más descuentos para clientes frecuentes.,Sugerencia
3548,Sería genial si agregaran más opciones de pago.,Sugerencia
3549,Sería bueno que ampliaran la cobertura del servicio a más ciudades.,Sugerencia
3550,El personal debería recibir más entrenamiento en atención al cliente.,Sugerencia
3551,Sería útil que agregaran un chat en vivo para consultas rápidas.,Sugerencia
3552,El producto llegó defectuoso y tardaron en dar solución.,Queja
3553,El producto llegó defectuoso y tardaron en dar solución.,Queja
3554,El personal debería recibir más entrenamiento en atención al cliente.,Sugerencia
3555,No me gusta que el personal no esté bien capacitado.,Queja
3556,Deberían ofrecer más descuentos para clientes frecuentes.,Sugerencia
3557,Podrían ampliar el horario de atención para mayor comodidad.,Sugerencia
3558,Tuve un problema con mi compra y nadie me ayudó.,Queja
3559,El ambiente en la tienda es muy agradable y acogedor.,Sugerencia
3560,No responden los correos de atención al cliente.,Queja
3561,Podrían ampliar el horario de atención para mayor comodidad.,Sugerencia
3562,El ambiente en la tienda es muy agradable y acogedor.,Sugerencia
3563,Podrían ampliar el horario de atención para mayor comodidad.,Sugerencia
3564,Deberían ofrecer más descuentos para clientes frecuentes.,Sugerencia
3565,El producto llegó defectuoso y tardaron en dar solución.,Queja
3566,Me gustaría que ofrecieran más promociones en productos populares.,Sugerencia
3567,"La aplicación móvil tiene muchos errores, deberían mejorarla.",Queja
3568,"Los tiempos de espera son excesivos, deberían mejorarlo.",Queja
3569,La página web es muy lenta y difícil de usar.,Queja
3570,"Los tiempos de espera son excesivos, deberían mejorarlo.",Queja
3571,La página web es muy lenta y difícil de usar.,Queja
3572,Sería útil que agregaran un chat en vivo para consultas rápidas.,Sugerencia
3573,No responden los correos de atención al cliente.,Queja
3574,Deberían ofrecer más descuentos para clientes frecuentes.,Sugerencia
3575,Sería útil que agregaran un chat en vivo para consultas rápidas.,Sugerencia
3576,El servicio al cliente fue muy lento y poco amable.,Queja
3577,Sería bueno que ampliaran la cobertura del servicio a más ciudades.,Sugerencia
3578,"Me encantó la atención que recibí, fueron muy atentos.",Sugerencia
3579,Deberían ofrecer más descuentos para clientes frecuentes.,Sugerencia
3580,El producto llegó defectuoso y tardaron en dar solución.,Queja
3581,"Me encantó la atención que recibí, fueron muy atentos.",Sugerencia
3582,Sería bueno que ampliaran la cobertura del servicio a más ciudades.,Sugerencia
3583,El producto llegó defectuoso y tardaron en dar solución.,Queja
3584,El ambiente en la tienda es muy agradable y acogedor.,Sugerencia
3585,Sería útil que agregaran un chat en vivo para consultas rápidas.,Sugerencia
3586,El ambiente en la tienda es muy agradable y acogedor.,Sugerencia
3587,"Los tiempos de espera son excesivos, deberían mejorarlo.",Queja
3588,Tuve un problema con mi compra y nadie me ayudó.,Queja
3589,Deberían ofrecer más descuentos para clientes frecuentes.,Sugerencia
3590,Tuve un problema con mi compra y nadie me ayudó.,Queja
3591,Deberían ofrecer más descuentos para clientes frecuentes.,Sugerencia
3592,Sería genial si agregaran más opciones de pago.,Sugerencia
3593,El personal debería recibir más entrenamiento en atención al cliente.,Sugerencia
3594,La página web es muy lenta y difícil de usar.,Queja
3595,Podrían mejorar la experiencia en línea con una mejor interfaz.,Sugerencia
3596,"Los tiempos de espera son excesivos, deberían mejorarlo.",Queja
3597,"La aplicación móvil tiene muchos errores, deberían mejorarla.",Queja
3598,No me gusta que el personal no esté bien capacitado.,Queja
3599,El personal debería recibir más entrenamiento en atención al cliente.,Sugerencia
3600,"Los tiempos de espera son excesivos, deberían mejorarlo.",Queja
3601,Deberían ofrecer más descuentos para clientes frecuentes.,Sugerencia
3602,No responden los correos de atención al cliente.,Queja
3603,Podrían mejorar la experiencia en línea con una mejor interfaz.,Sugerencia
3604,Sería útil que agregaran un chat en vivo para consultas rápidas.,Sugerencia
3605,Deberían ofrecer más descuentos para clientes frecuentes.,Sugerencia
3606,No responden los correos de atención al cliente.,Queja
3607,El servicio telefónico es ineficiente y no resuelven dudas.,Queja
3608,Podrían ampliar el horario de atención para mayor comodidad.,Sugerencia
3609,El producto llegó defectuoso y tardaron en dar solución.,Queja
3610,No responden los correos de atención al cliente.,Queja
3611,El servicio telefónico es ineficiente y no resuelven dudas.,Queja
3612,"El sistema de turnos no funciona bien, deberían optimizarlo.",Queja
3613,El producto llegó defectuoso y tardaron en dar solución.,Queja
3614,El servicio al cliente fue muy lento y poco amable.,Queja
3615,Sería bueno que ampliaran la cobertura del servicio a más ciudades.,Sugerencia
3616,Podrían ampliar el horario de atención para mayor comodidad.,Sugerencia
3617,Podrían mejorar la experiencia en línea con una mejor interfaz.,Sugerencia
3618,Tuve un problema con mi compra y nadie me ayudó.,Queja
3619,"La aplicación móvil tiene muchos errores, deberían mejorarla.",Queja
3620,"El sistema de turnos no funciona bien, deberían optimizarlo.",Queja
3621,"La aplicación móvil tiene muchos errores, deberían mejorarla.",Queja
3622,Sería genial si agregaran más opciones de pago.,Sugerencia
3623,El personal debería recibir más entrenamiento en atención al cliente.,Sugerencia
3624,El servicio al cliente fue muy lento y poco amable.,Queja
3625,El ambiente en la tienda es muy agradable y acogedor.,Sugerencia
3626,Podrían mejorar la experiencia en línea con una mejor interfaz.,Sugerencia
3627,"Me encantó la atención que recibí, fueron muy atentos.",Sugerencia
3628,"La aplicación móvil tiene muchos errores, deberían mejorarla.",Queja
3629,Podrían ampliar el horario de atención para mayor comodidad.,Sugerencia
3630,"Los tiempos de espera son excesivos, deberían mejorarlo.",Queja
3631,"Los tiempos de espera son excesivos, deberían mejorarlo.",Queja
3632,El personal debería recibir más entrenamiento en atención al cliente.,Sugerencia
3633,Sería útil que agregaran un chat en vivo para consultas rápidas.,Sugerencia
3634,Sería bueno que ampliaran la cobertura del servicio a más ciudades.,Sugerencia
3635,"La aplicación móvil tiene muchos errores, deberían mejorarla.",Queja
3636,El servicio al cliente fue muy lento y poco amable.,Queja
3637,Me gustaría que ofrecieran más promociones en productos populares.,Sugerencia
3638,Deberían ofrecer más descuentos para clientes frecuentes.,Sugerencia
3639,Sería genial si agregaran más opciones de pago.,Sugerencia
3640,No me gusta que el personal no esté bien capacitado.,Queja
3641,No me gusta que el personal no esté bien capacitado.,Queja
3642,Me gustaría que ofrecieran más promociones en productos populares.,Sugerencia
3643,El servicio al cliente fue muy lento y poco amable.,Queja
3644,La página web es muy lenta y difícil de usar.,Queja
3645,Sería genial si agregaran más opciones de pago.,Sugerencia
3646,El producto llegó defectuoso y tardaron en dar solución.,Queja
3647,Podrían mejorar la experiencia en línea con una mejor interfaz.,Sugerencia
3648,El personal debería recibir más entrenamiento en atención al cliente.,Sugerencia
3649,Tuve un problema con mi compra y nadie me ayudó.,Queja
3650,El personal debería recibir más entrenamiento en atención al cliente.,Sugerencia
3651,"Me encantó la atención que recibí, fueron muy atentos.",Sugerencia
3652,El personal debería recibir más entrenamiento en atención al cliente.,Sugerencia
3653,La página web es muy lenta y difícil de usar.,Queja
3654,"Me encantó la atención que recibí, fueron muy atentos.",Sugerencia
3655,Sería útil que agregaran un chat en vivo para consultas rápidas.,Sugerencia
3656,Tuve un problema con mi compra y nadie me ayudó.,Queja
3657,No me gusta que el personal no esté bien capacitado.,Queja
3658,"El sistema de turnos no funciona bien, deberían optimizarlo.",Queja
3659,Sería bueno que ampliaran la cobertura del servicio a más ciudades.,Sugerencia
3660,No responden los correos de atención al cliente.,Queja
3661,"Los tiempos de espera son excesivos, deberían mejorarlo.",Queja
3662,La página web es muy lenta y difícil de usar.,Queja
3663,El personal debería recibir más entrenamiento en atención al cliente.,Sugerencia
3664,Deberían ofrecer más descuentos para clientes frecuentes.,Sugerencia
3665,Me gustaría que ofrecieran más promociones en productos populares.,Sugerencia
3666,Deberían ofrecer más descuentos para clientes frecuentes.,Sugerencia
3667,No responden los correos de atención al cliente.,Queja
3668,El ambiente en la tienda es muy agradable y acogedor.,Sugerencia
3669,Sería útil que agregaran un chat en vivo para consultas rápidas.,Sugerencia
3670,"La aplicación móvil tiene muchos errores, deberían mejorarla.",Queja
3671,No me gusta que el personal no esté bien capacitado.,Queja
3672,El ambiente en la tienda es muy agradable y acogedor.,Sugerencia
3673,Podrían mejorar la experiencia en línea con una mejor interfaz.,Sugerencia
3674,Sería bueno que ampliaran la cobertura del servicio a más ciudades.,Sugerencia
3675,La página web es muy lenta y difícil de usar.,Queja
3676,El personal debería recibir más entrenamiento en atención al cliente.,Sugerencia
3677,El personal debería recibir más entrenamiento en atención al cliente.,Sugerencia
3678,"Los tiempos de espera son excesivos, deberían mejorarlo.",Queja
3679,Tuve un problema con mi compra y nadie me ayudó.,Queja
3680,El personal debería recibir más entrenamiento en atención al cliente.,Sugerencia
3681,Podrían mejorar la experiencia en línea con una mejor interfaz.,Sugerencia
3682,Podrían ampliar el horario de atención para mayor comodidad.,Sugerencia
3683,Deberían ofrecer más descuentos para clientes frecuentes.,Sugerencia
3684,Tuve un problema con mi compra y nadie me ayudó.,Queja
3685,El ambiente en la tienda es muy agradable y acogedor.,Sugerencia
3686,Sería genial si agregaran más opciones de pago.,Sugerencia
3687,"Me encantó la atención que recibí, fueron muy atentos.",Sugerencia
3688,El personal debería recibir más entrenamiento en atención al cliente.,Sugerencia
3689,"La aplicación móvil tiene muchos errores, deberían mejorarla.",Queja
3690,Sería bueno que ampliaran la cobertura del servicio a más ciudades.,Sugerencia
3691,"El sistema de turnos no funciona bien, deberían optimizarlo.",Queja
3692,No me gusta que el personal no esté bien capacitado.,Queja
3693,Sería útil que agregaran un chat en vivo para consultas rápidas.,Sugerencia
3694,El producto llegó defectuoso y tardaron en dar solución.,Queja
3695,"El sistema de turnos no funciona bien, deberían optimizarlo.",Queja
3696,El servicio telefónico es ineficiente y no resuelven dudas.,Queja
3697,"El sistema de turnos no funciona bien, deberían optimizarlo.",Queja
3698,El personal debería recibir más entrenamiento en atención al cliente.,Sugerencia
3699,El producto llegó defectuoso y tardaron en dar solución.,Queja
3700,Tuve un problema con mi compra y nadie me ayudó.,Queja
3701,Tuve un problema con mi compra y nadie me ayudó.,Queja
3702,El servicio telefónico es ineficiente y no resuelven dudas.,Queja
3703,El personal debería recibir más entrenamiento en atención al cliente.,Sugerencia
3704,Tuve un problema con mi compra y nadie me ayudó.,Queja
3705,Deberían ofrecer más descuentos para clientes frecuentes.,Sugerencia
3706,El producto llegó defectuoso y tardaron en dar solución.,Queja
3707,Sería bueno que ampliaran la cobertura del servicio a más ciudades.,Sugerencia
3708,El personal debería recibir más entrenamiento en atención al cliente.,Sugerencia
3709,Sería bueno que ampliaran la cobertura del servicio a más ciudades.,Sugerencia
3710,Sería útil que agregaran un chat en vivo para consultas rápidas.,Sugerencia
3711,Sería genial si agregaran más opciones de pago.,Sugerencia
3712,El personal debería recibir más entrenamiento en atención al cliente.,Sugerencia
3713,Sería bueno que ampliaran la cobertura del servicio a más ciudades.,Sugerencia
3714,"Me encantó la atención que recibí, fueron muy atentos.",Sugerencia
3715,El personal debería recibir más entrenamiento en atención al cliente.,Sugerencia
3716,Tuve un problema con mi compra y nadie me ayudó.,Queja
3717,Podrían mejorar la experiencia en línea con una mejor interfaz.,Sugerencia
3718,El ambiente en la tienda es muy agradable y acogedor.,Sugerencia
3719,El ambiente en la tienda es muy agradable y acogedor.,Sugerencia
3720,El servicio telefónico es ineficiente y no resuelven dudas.,Queja
3721,Sería genial si agregaran más opciones de pago.,Sugerencia
3722,Sería genial si agregaran más opciones de pago.,Sugerencia
3723,El producto llegó defectuoso y tardaron en dar solución.,Queja
3724,Deberían ofrecer más descuentos para clientes frecuentes.,Sugerencia
3725,Sería genial si agregaran más opciones de pago.,Sugerencia
3726,Sería genial si agregaran más opciones de pago.,Sugerencia
3727,Podrían mejorar la experiencia en línea con una mejor interfaz.,Sugerencia
3728,El ambiente en la tienda es muy agradable y acogedor.,Sugerencia
3729,Me gustaría que ofrecieran más promociones en productos populares.,Sugerencia
3730,El ambiente en la tienda es muy agradable y acogedor.,Sugerencia
3731,Sería bueno que ampliaran la cobertura del servicio a más ciudades.,Sugerencia
3732,El producto llegó defectuoso y tardaron en dar solución.,Queja
3733,"Los tiempos de espera son excesivos, deberían mejorarlo.",Queja
3734,El personal debería recibir más entrenamiento en atención al cliente.,Sugerencia
3735,El servicio al cliente fue muy lento y poco amable.,Queja
3736,El ambiente en la tienda es muy agradable y acogedor.,Sugerencia
3737,Deberían ofrecer más descuentos para clientes frecuentes.,Sugerencia
3738,La página web es muy lenta y difícil de usar.,Queja
3739,El servicio al cliente fue muy lento y poco amable.,Queja
3740,Tuve un problema con mi compra y nadie me ayudó.,Queja
3741,No responden los correos de atención al cliente.,Queja
3742,Podrían mejorar la experiencia en línea con una mejor interfaz.,Sugerencia
3743,Me gustaría que ofrecieran más promociones en productos populares.,Sugerencia
3744,Deberían ofrecer más descuentos para clientes frecuentes.,Sugerencia
3745,La página web es muy lenta y difícil de usar.,Queja
3746,La página web es muy lenta y difícil de usar.,Queja
3747,"Me encantó la atención que recibí, fueron muy atentos.",Sugerencia
3748,El ambiente en la tienda es muy agradable y acogedor.,Sugerencia
3749,Me gustaría que ofrecieran más promociones en productos populares.,Sugerencia
3750,El producto llegó defectuoso y tardaron en dar solución.,Queja
3751,Deberían ofrecer más descuentos para clientes frecuentes.,Sugerencia
3752,Sería bueno que ampliaran la cobertura del servicio a más ciudades.,Sugerencia
3753,Deberían ofrecer más descuentos para clientes frecuentes.,Sugerencia
3754,"La aplicación móvil tiene muchos errores, deberían mejorarla.",Queja
3755,Deberían ofrecer más descuentos para clientes frecuentes.,Sugerencia
3756,Me gustaría que ofrecieran más promociones en productos populares.,Sugerencia
3757,El servicio al cliente fue muy lento y poco amable.,Queja
3758,Deberían ofrecer más descuentos para clientes frecuentes.,Sugerencia
3759,El producto llegó defectuoso y tardaron en dar solución.,Queja
3760,Deberían ofrecer más descuentos para clientes frecuentes.,Sugerencia
3761,"Me encantó la atención que recibí, fueron muy atentos.",Sugerencia
3762,No responden los correos de atención al cliente.,Queja
3763,El ambiente en la tienda es muy agradable y acogedor.,Sugerencia
3764,Deberían ofrecer más descuentos para clientes frecuentes.,Sugerencia
3765,La página web es muy lenta y difícil de usar.,Queja
3766,No me gusta que el personal no esté bien capacitado.,Queja
3767,"Los tiempos de espera son excesivos, deberían mejorarlo.",Queja
3768,El personal debería recibir más entrenamiento en atención al cliente.,Sugerencia
3769,"La aplicación móvil tiene muchos errores, deberían mejorarla.",Queja
3770,"Los tiempos de espera son excesivos, deberían mejorarlo.",Queja
3771,Me gustaría que ofrecieran más promociones en productos populares.,Sugerencia
3772,Podrían ampliar el horario de atención para mayor comodidad.,Sugerencia
3773,"La aplicación móvil tiene muchos errores, deberían mejorarla.",Queja
3774,"Me encantó la atención que recibí, fueron muy atentos.",Sugerencia
3775,Sería genial si agregaran más opciones de pago.,Sugerencia
3776,El producto llegó defectuoso y tardaron en dar solución.,Queja
3777,Sería bueno que ampliaran la cobertura del servicio a más ciudades.,Sugerencia
3778,Podrían ampliar el horario de atención para mayor comodidad.,Sugerencia
3779,Podrían ampliar el horario de atención para mayor comodidad.,Sugerencia
3780,El ambiente en la tienda es muy agradable y acogedor.,Sugerencia
3781,"La aplicación móvil tiene muchos errores, deberían mejorarla.",Queja
3782,El servicio al cliente fue muy lento y poco amable.,Queja
3783,Sería útil que agregaran un chat en vivo para consultas rápidas.,Sugerencia
3784,No me gusta que el personal no esté bien capacitado.,Queja
3785,El producto llegó defectuoso y tardaron en dar solución.,Queja
3786,"Me encantó la atención que recibí, fueron muy atentos.",Sugerencia
3787,El servicio telefónico es ineficiente y no resuelven dudas.,Queja
3788,No responden los correos de atención al cliente.,Queja
3789,El servicio telefónico es ineficiente y no resuelven dudas.,Queja
3790,El servicio telefónico es ineficiente y no resuelven dudas.,Queja
3791,Tuve un problema con mi compra y nadie me ayudó.,Queja
3792,Sería útil que agregaran un chat en vivo para consultas rápidas.,Sugerencia
3793,Deberían ofrecer más descuentos para clientes frecuentes.,Sugerencia
3794,Tuve un problema con mi compra y nadie me ayudó.,Queja
3795,Sería genial si agregaran más opciones de pago.,Sugerencia
3796,Podrían mejorar la experiencia en línea con una mejor interfaz.,Sugerencia
3797,Podrían mejorar la experiencia en línea con una mejor interfaz.,Sugerencia
3798,Me gustaría que ofrecieran más promociones en productos populares.,Sugerencia
3799,Tuve un problema con mi compra y nadie me ayudó.,Queja
3800,Sería bueno que ampliaran la cobertura del servicio a más ciudades.,Sugerencia
3801,Podrían mejorar la experiencia en línea con una mejor interfaz.,Sugerencia
3802,El ambiente en la tienda es muy agradable y acogedor.,Sugerencia
3803,El servicio al cliente fue muy lento y poco amable.,Queja
3804,El servicio al cliente fue muy lento y poco amable.,Queja
3805,"Los tiempos de espera son excesivos, deberían mejorarlo.",Queja
3806,El servicio al cliente fue muy lento y poco amable.,Queja
3807,"Los tiempos de espera son excesivos, deberían mejorarlo.",Queja
3808,"Me encantó la atención que recibí, fueron muy atentos.",Sugerencia
3809,Tuve un problema con mi compra y nadie me ayudó.,Queja
3810,No responden los correos de atención al cliente.,Queja
3811,El servicio telefónico es ineficiente y no resuelven dudas.,Queja
3812,El servicio al cliente fue muy lento y poco amable.,Queja
3813,No responden los correos de atención al cliente.,Queja
3814,"Me encantó la atención que recibí, fueron muy atentos.",Sugerencia
3815,Deberían ofrecer más descuentos para clientes frecuentes.,Sugerencia
3816,Deberían ofrecer más descuentos para clientes frecuentes.,Sugerencia
3817,La página web es muy lenta y difícil de usar.,Queja
3818,Podrían ampliar el horario de atención para mayor comodidad.,Sugerencia
3819,No me gusta que el personal no esté bien capacitado.,Queja
3820,Sería bueno que ampliaran la cobertura del servicio a más ciudades.,Sugerencia
3821,Podrían ampliar el horario de atención para mayor comodidad.,Sugerencia
3822,Sería útil que agregaran un chat en vivo para consultas rápidas.,Sugerencia
3823,El producto llegó defectuoso y tardaron en dar solución.,Queja
3824,Deberían ofrecer más descuentos para clientes frecuentes.,Sugerencia
3825,"Los tiempos de espera son excesivos, deberían mejorarlo.",Queja
3826,"La aplicación móvil tiene muchos errores, deberían mejorarla.",Queja
3827,Sería útil que agregaran un chat en vivo para consultas rápidas.,Sugerencia
3828,"La aplicación móvil tiene muchos errores, deberían mejorarla.",Queja
3829,Podrían mejorar la experiencia en línea con una mejor interfaz.,Sugerencia
3830,El servicio telefónico es ineficiente y no resuelven dudas.,Queja
3831,"El sistema de turnos no funciona bien, deberían optimizarlo.",Queja
3832,No responden los correos de atención al cliente.,Queja
3833,El servicio telefónico es ineficiente y no resuelven dudas.,Queja
3834,La página web es muy lenta y difícil de usar.,Queja
3835,No responden los correos de atención al cliente.,Queja
3836,Me gustaría que ofrecieran más promociones en productos populares.,Sugerencia
3837,El ambiente en la tienda es muy agradable y acogedor.,Sugerencia
3838,El servicio telefónico es ineficiente y no resuelven dudas.,Queja
3839,El servicio al cliente fue muy lento y poco amable.,Queja
3840,El servicio al cliente fue muy lento y poco amable.,Queja
3841,El personal debería recibir más entrenamiento en atención al cliente.,Sugerencia
3842,El personal debería recibir más entrenamiento en atención al cliente.,Sugerencia
3843,Sería genial si agregaran más opciones de pago.,Sugerencia
3844,"La aplicación móvil tiene muchos errores, deberían mejorarla.",Queja
3845,El ambiente en la tienda es muy agradable y acogedor.,Sugerencia
3846,El producto llegó defectuoso y tardaron en dar solución.,Queja
3847,El ambiente en la tienda es muy agradable y acogedor.,Sugerencia
3848,El personal debería recibir más entrenamiento en atención al cliente.,Sugerencia
3849,"El sistema de turnos no funciona bien, deberían optimizarlo.",Queja
3850,El producto llegó defectuoso y tardaron en dar solución.,Queja
3851,Tuve un problema con mi compra y nadie me ayudó.,Queja
3852,El producto llegó defectuoso y tardaron en dar solución.,Queja
3853,El servicio telefónico es ineficiente y no resuelven dudas.,Queja
3854,Podrían ampliar el horario de atención para mayor comodidad.,Sugerencia
3855,El ambiente en la tienda es muy agradable y acogedor.,Sugerencia
3856,Tuve un problema con mi compra y nadie me ayudó.,Queja
3857,Me gustaría que ofrecieran más promociones en productos populares.,Sugerencia
3858,Tuve un problema con mi compra y nadie me ayudó.,Queja
3859,Sería bueno que ampliaran la cobertura del servicio a más ciudades.,Sugerencia
3860,El personal debería recibir más entrenamiento en atención al cliente.,Sugerencia
3861,"El sistema de turnos no funciona bien, deberían optimizarlo.",Queja
3862,Sería genial si agregaran más opciones de pago.,Sugerencia
3863,El producto llegó defectuoso y tardaron en dar solución.,Queja
3864,"La aplicación móvil tiene muchos errores, deberían mejorarla.",Queja
3865,El servicio al cliente fue muy lento y poco amable.,Queja
3866,Me gustaría que ofrecieran más promociones en productos populares.,Sugerencia
3867,El producto llegó defectuoso y tardaron en dar solución.,Queja
3868,Tuve un problema con mi compra y nadie me ayudó.,Queja
3869,Tuve un problema con mi compra y nadie me ayudó.,Queja
3870,Sería bueno que ampliaran la cobertura del servicio a más ciudades.,Sugerencia
3871,Podrían mejorar la experiencia en línea con una mejor interfaz.,Sugerencia
3872,Sería útil que agregaran un chat en vivo para consultas rápidas.,Sugerencia
3873,Tuve un problema con mi compra y nadie me ayudó.,Queja
3874,Me gustaría que ofrecieran más promociones en productos populares.,Sugerencia
3875,Sería genial si agregaran más opciones de pago.,Sugerencia
3876,El producto llegó defectuoso y tardaron en dar solución.,Queja
3877,Tuve un problema con mi compra y nadie me ayudó.,Queja
3878,El servicio telefónico es ineficiente y no resuelven dudas.,Queja
3879,"El sistema de turnos no funciona bien, deberían optimizarlo.",Queja
3880,Sería útil que agregaran un chat en vivo para consultas rápidas.,Sugerencia
3881,"La aplicación móvil tiene muchos errores, deberían mejorarla.",Queja
3882,El ambiente en la tienda es muy agradable y acogedor.,Sugerencia
3883,Sería bueno que ampliaran la cobertura del servicio a más ciudades.,Sugerencia
3884,Podrían mejorar la experiencia en línea con una mejor interfaz.,Sugerencia
3885,El producto llegó defectuoso y tardaron en dar solución.,Queja
3886,"Me encantó la atención que recibí, fueron muy atentos.",Sugerencia
3887,No me gusta que el personal no esté bien capacitado.,Queja
3888,La página web es muy lenta y difícil de usar.,Queja
3889,La página web es muy lenta y difícil de usar.,Queja
3890,Deberían ofrecer más descuentos para clientes frecuentes.,Sugerencia
3891,Sería bueno que ampliaran la cobertura del servicio a más ciudades.,Sugerencia
3892,El servicio telefónico es ineficiente y no resuelven dudas.,Queja
3893,Deberían ofrecer más descuentos para clientes frecuentes.,Sugerencia
3894,El servicio telefónico es ineficiente y no resuelven dudas.,Queja
3895,Me gustaría que ofrecieran más promociones en productos populares.,Sugerencia
3896,"La aplicación móvil tiene muchos errores, deberían mejorarla.",Queja
3897,"Los tiempos de espera son excesivos, deberían mejorarlo.",Queja
3898,El servicio telefónico es ineficiente y no resuelven dudas.,Queja
3899,El producto llegó defectuoso y tardaron en dar solución.,Queja
3900,La página web es muy lenta y difícil de usar.,Queja
3901,"Los tiempos de espera son excesivos, deberían mejorarlo.",Queja
3902,El personal debería recibir más entrenamiento en atención al cliente.,Sugerencia
3903,El personal debería recibir más entrenamiento en atención al cliente.,Sugerencia
3904,La página web es muy lenta y difícil de usar.,Queja
3905,El servicio al cliente fue muy lento y poco amable.,Queja
3906,Podrían ampliar el horario de atención para mayor comodidad.,Sugerencia
3907,"Los tiempos de espera son excesivos, deberían mejorarlo.",Queja
3908,"Los tiempos de espera son excesivos, deberían mejorarlo.",Queja
3909,No responden los correos de atención al cliente.,Queja
3910,Podrían mejorar la experiencia en línea con una mejor interfaz.,Sugerencia
3911,El servicio al cliente fue muy lento y poco amable.,Queja
3912,El producto llegó defectuoso y tardaron en dar solución.,Queja
3913,Sería bueno que ampliaran la cobertura del servicio a más ciudades.,Sugerencia
3914,Sería bueno que ampliaran la cobertura del servicio a más ciudades.,Sugerencia
3915,Podrían mejorar la experiencia en línea con una mejor interfaz.,Sugerencia
3916,El ambiente en la tienda es muy agradable y acogedor.,Sugerencia
3917,"La aplicación móvil tiene muchos errores, deberían mejorarla.",Queja
3918,No me gusta que el personal no esté bien capacitado.,Queja
3919,No me gusta que el personal no esté bien capacitado.,Queja
3920,No responden los correos de atención al cliente.,Queja
3921,Podrían ampliar el horario de atención para mayor comodidad.,Sugerencia
3922,Sería bueno que ampliaran la cobertura del servicio a más ciudades.,Sugerencia
3923,Sería genial si agregaran más opciones de pago.,Sugerencia
3924,Podrían mejorar la experiencia en línea con una mejor interfaz.,Sugerencia
3925,Sería genial si agregaran más opciones de pago.,Sugerencia
3926,Sería útil que agregaran un chat en vivo para consultas rápidas.,Sugerencia
3927,Sería bueno que ampliaran la cobertura del servicio a más ciudades.,Sugerencia
3928,Sería bueno que ampliaran la cobertura del servicio a más ciudades.,Sugerencia
3929,El ambiente en la tienda es muy agradable y acogedor.,Sugerencia
3930,"El sistema de turnos no funciona bien, deberían optimizarlo.",Queja
3931,El servicio telefónico es ineficiente y no resuelven dudas.,Queja
3932,Podrían ampliar el horario de atención para mayor comodidad.,Sugerencia
3933,"Los tiempos de espera son excesivos, deberían mejorarlo.",Queja
3934,"Me encantó la atención que recibí, fueron muy atentos.",Sugerencia
3935,La página web es muy lenta y difícil de usar.,Queja
3936,La página web es muy lenta y difícil de usar.,Queja
3937,El personal debería recibir más entrenamiento en atención al cliente.,Sugerencia
3938,Tuve un problema con mi compra y nadie me ayudó.,Queja
3939,Me gustaría que ofrecieran más promociones en productos populares.,Sugerencia
3940,Podrían ampliar el horario de atención para mayor comodidad.,Sugerencia
3941,Sería útil que agregaran un chat en vivo para consultas rápidas.,Sugerencia
3942,El personal debería recibir más entrenamiento en atención al cliente.,Sugerencia
3943,El personal debería recibir más entrenamiento en atención al cliente.,Sugerencia
3944,Podrían mejorar la experiencia en línea con una mejor interfaz.,Sugerencia
3945,"Los tiempos de espera son excesivos, deberían mejorarlo.",Queja
3946,No responden los correos de atención al cliente.,Queja
3947,Sería genial si agregaran más opciones de pago.,Sugerencia
3948,"Me encantó la atención que recibí, fueron muy atentos.",Sugerencia
3949,Podrían ampliar el horario de atención para mayor comodidad.,Sugerencia
3950,"La aplicación móvil tiene muchos errores, deberían mejorarla.",Queja
3951,El producto llegó defectuoso y tardaron en dar solución.,Queja
3952,El servicio telefónico es ineficiente y no resuelven dudas.,Queja
3953,Deberían ofrecer más descuentos para clientes frecuentes.,Sugerencia
3954,Podrían mejorar la experiencia en línea con una mejor interfaz.,Sugerencia
3955,"El sistema de turnos no funciona bien, deberían optimizarlo.",Queja
3956,Deberían ofrecer más descuentos para clientes frecuentes.,Sugerencia
3957,El personal debería recibir más entrenamiento en atención al cliente.,Sugerencia
3958,Tuve un problema con mi compra y nadie me ayudó.,Queja
3959,Sería bueno que ampliaran la cobertura del servicio a más ciudades.,Sugerencia
3960,No responden los correos de atención al cliente.,Queja
3961,"El sistema de turnos no funciona bien, deberían optimizarlo.",Queja
3962,Me gustaría que ofrecieran más promociones en productos populares.,Sugerencia
3963,El personal debería recibir más entrenamiento en atención al cliente.,Sugerencia
3964,"Me encantó la atención que recibí, fueron muy atentos.",Sugerencia
3965,Tuve un problema con mi compra y nadie me ayudó.,Queja
3966,La página web es muy lenta y difícil de usar.,Queja
3967,Sería útil que agregaran un chat en vivo para consultas rápidas.,Sugerencia
3968,Sería bueno que ampliaran la cobertura del servicio a más ciudades.,Sugerencia
3969,Sería genial si agregaran más opciones de pago.,Sugerencia
3970,Sería útil que agregaran un chat en vivo para consultas rápidas.,Sugerencia
3971,Podrían mejorar la experiencia en línea con una mejor interfaz.,Sugerencia
3972,El producto llegó defectuoso y tardaron en dar solución.,Queja
3973,Sería bueno que ampliaran la cobertura del servicio a más ciudades.,Sugerencia
3974,No me gusta que el personal no esté bien capacitado.,Queja
3975,No me gusta que el personal no esté bien capacitado.,Queja
3976,"La aplicación móvil tiene muchos errores, deberían mejorarla.",Queja
3977,El servicio telefónico es ineficiente y no resuelven dudas.,Queja
3978,El servicio telefónico es ineficiente y no resuelven dudas.,Queja
3979,Me gustaría que ofrecieran más promociones en productos populares.,Sugerencia
3980,"El sistema de turnos no funciona bien, deberían optimizarlo.",Queja
3981,Me gustaría que ofrecieran más promociones en productos populares.,Sugerencia
3982,No responden los correos de atención al cliente.,Queja
3983,El servicio al cliente fue muy lento y poco amable.,Queja
3984,Podrían mejorar la experiencia en línea con una mejor interfaz.,Sugerencia
3985,El personal debería recibir más entrenamiento en atención al cliente.,Sugerencia
3986,No responden los correos de atención al cliente.,Queja
3987,El servicio al cliente fue muy lento y poco amable.,Queja
3988,El personal debería recibir más entrenamiento en atención al cliente.,Sugerencia
3989,"El sistema de turnos no funciona bien, deberían optimizarlo.",Queja
3990,El servicio al cliente fue muy lento y poco amable.,Queja
3991,Podrían mejorar la experiencia en línea con una mejor interfaz.,Sugerencia
3992,Podrían ampliar el horario de atención para mayor comodidad.,Sugerencia
3993,El personal debería recibir más entrenamiento en atención al cliente.,Sugerencia
3994,El servicio al cliente fue muy lento y poco amable.,Queja
3995,No me gusta que el personal no esté bien capacitado.,Queja
3996,No responden los correos de atención al cliente.,Queja
3997,El personal debería recibir más entrenamiento en atención al cliente.,Sugerencia
3998,Me gustaría que ofrecieran más promociones en productos populares.,Sugerencia
3999,"Me encantó la atención que recibí, fueron muy atentos.",Sugerencia
4000,Sería bueno que ampliaran la cobertura del servicio a más ciudades.,Sugerencia
4001,Tuve un problema con mi compra y nadie me ayudó.,Queja
4002,No me gusta que el personal no esté bien capacitado.,Queja
4003,Sería bueno que ampliaran la cobertura del servicio a más ciudades.,Sugerencia
4004,Sería genial si agregaran más opciones de pago.,Sugerencia
4005,El ambiente en la tienda es muy agradable y acogedor.,Sugerencia
4006,El servicio telefónico es ineficiente y no resuelven dudas.,Queja
4007,Deberían ofrecer más descuentos para clientes frecuentes.,Sugerencia
4008,El ambiente en la tienda es muy agradable y acogedor.,Sugerencia
4009,Podrían mejorar la experiencia en línea con una mejor interfaz.,Sugerencia
4010,"La aplicación móvil tiene muchos errores, deberían mejorarla.",Queja
4011,Me gustaría que ofrecieran más promociones en productos populares.,Sugerencia
4012,Sería bueno que ampliaran la cobertura del servicio a más ciudades.,Sugerencia
4013,El ambiente en la tienda es muy agradable y acogedor.,Sugerencia
4014,El producto llegó defectuoso y tardaron en dar solución.,Queja
4015,Sería útil que agregaran un chat en vivo para consultas rápidas.,Sugerencia
4016,El servicio al cliente fue muy lento y poco amable.,Queja
4017,"Los tiempos de espera son excesivos, deberían mejorarlo.",Queja
4018,Sería útil que agregaran un chat en vivo para consultas rápidas.,Sugerencia
4019,Sería útil que agregaran un chat en vivo para consultas rápidas.,Sugerencia
4020,"Los tiempos de espera son excesivos, deberían mejorarlo.",Queja
4021,El servicio telefónico es ineficiente y no resuelven dudas.,Queja
4022,Sería útil que agregaran un chat en vivo para consultas rápidas.,Sugerencia
4023,Sería bueno que ampliaran la cobertura del servicio a más ciudades.,Sugerencia
4024,Podrían ampliar el horario de atención para mayor comodidad.,Sugerencia
4025,Tuve un problema con mi compra y nadie me ayudó.,Queja
4026,Sería bueno que ampliaran la cobertura del servicio a más ciudades.,Sugerencia
4027,Sería útil que agregaran un chat en vivo para consultas rápidas.,Sugerencia
4028,"La aplicación móvil tiene muchos errores, deberían mejorarla.",Queja
4029,No me gusta que el personal no esté bien capacitado.,Queja
4030,Sería útil que agregaran un chat en vivo para consultas rápidas.,Sugerencia
4031,No me gusta que el personal no esté bien capacitado.,Queja
4032,"La aplicación móvil tiene muchos errores, deberían mejorarla.",Queja
4033,Sería bueno que ampliaran la cobertura del servicio a más ciudades.,Sugerencia
4034,"Me encantó la atención que recibí, fueron muy atentos.",Sugerencia
4035,El personal debería recibir más entrenamiento en atención al cliente.,Sugerencia
4036,El ambiente en la tienda es muy agradable y acogedor.,Sugerencia
4037,No responden los correos de atención al cliente.,Queja
4038,Deberían ofrecer más descuentos para clientes frecuentes.,Sugerencia
4039,La página web es muy lenta y difícil de usar.,Queja
4040,"Me encantó la atención que recibí, fueron muy atentos.",Sugerencia
4041,Podrían mejorar la experiencia en línea con una mejor interfaz.,Sugerencia
4042,El servicio telefónico es ineficiente y no resuelven dudas.,Queja
4043,Deberían ofrecer más descuentos para clientes frecuentes.,Sugerencia
4044,"El sistema de turnos no funciona bien, deberían optimizarlo.",Queja
4045,No me gusta que el personal no esté bien capacitado.,Queja
4046,"Los tiempos de espera son excesivos, deberían mejorarlo.",Queja
4047,El ambiente en la tienda es muy agradable y acogedor.,Sugerencia
4048,El servicio telefónico es ineficiente y no resuelven dudas.,Queja
4049,No me gusta que el personal no esté bien capacitado.,Queja
4050,El servicio telefónico es ineficiente y no resuelven dudas.,Queja
4051,Podrían mejorar la experiencia en línea con una mejor interfaz.,Sugerencia
4052,El servicio al cliente fue muy lento y poco amable.,Queja
4053,"Los tiempos de espera son excesivos, deberían mejorarlo.",Queja
4054,El servicio al cliente fue muy lento y poco amable.,Queja
4055,"El sistema de turnos no funciona bien, deberían optimizarlo.",Queja
4056,El ambiente en la tienda es muy agradable y acogedor.,Sugerencia
4057,Deberían ofrecer más descuentos para clientes frecuentes.,Sugerencia
4058,"La aplicación móvil tiene muchos errores, deberían mejorarla.",Queja
4059,No me gusta que el personal no esté bien capacitado.,Queja
4060,Podrían mejorar la experiencia en línea con una mejor interfaz.,Sugerencia
4061,Sería útil que agregaran un chat en vivo para consultas rápidas.,Sugerencia
4062,Podrían ampliar el horario de atención para mayor comodidad.,Sugerencia
4063,"Los tiempos de espera son excesivos, deberían mejorarlo.",Queja
4064,El personal debería recibir más entrenamiento en atención al cliente.,Sugerencia
4065,"El sistema de turnos no funciona bien, deberían optimizarlo.",Queja
4066,El ambiente en la tienda es muy agradable y acogedor.,Sugerencia
4067,Sería útil que agregaran un chat en vivo para consultas rápidas.,Sugerencia
4068,Sería útil que agregaran un chat en vivo para consultas rápidas.,Sugerencia
4069,No responden los correos de atención al cliente.,Queja
4070,No responden los correos de atención al cliente.,Queja
4071,"La aplicación móvil tiene muchos errores, deberían mejorarla.",Queja
4072,Tuve un problema con mi compra y nadie me ayudó.,Queja
4073,No me gusta que el personal no esté bien capacitado.,Queja
4074,Tuve un problema con mi compra y nadie me ayudó.,Queja
4075,El ambiente en la tienda es muy agradable y acogedor.,Sugerencia
4076,El servicio al cliente fue muy lento y poco amable.,Queja
4077,Podrían ampliar el horario de atención para mayor comodidad.,Sugerencia
4078,Tuve un problema con mi compra y nadie me ayudó.,Queja
4079,La página web es muy lenta y difícil de usar.,Queja
4080,Tuve un problema con mi compra y nadie me ayudó.,Queja
4081,Tuve un problema con mi compra y nadie me ayudó.,Queja
4082,No responden los correos de atención al cliente.,Queja
4083,El servicio telefónico es ineficiente y no resuelven dudas.,Queja
4084,El servicio al cliente fue muy lento y poco amable.,Queja
4085,Sería genial si agregaran más opciones de pago.,Sugerencia
4086,"La aplicación móvil tiene muchos errores, deberían mejorarla.",Queja
4087,No me gusta que el personal no esté bien capacitado.,Queja
4088,Me gustaría que ofrecieran más promociones en productos populares.,Sugerencia
4089,El producto llegó defectuoso y tardaron en dar solución.,Queja
4090,Sería genial si agregaran más opciones de pago.,Sugerencia
4091,Deberían ofrecer más descuentos para clientes frecuentes.,Sugerencia
4092,Deberían ofrecer más descuentos para clientes frecuentes.,Sugerencia
4093,No responden los correos de atención al cliente.,Queja
4094,Sería útil que agregaran un chat en vivo para consultas rápidas.,Sugerencia
4095,No me gusta que el personal no esté bien capacitado.,Queja
4096,No me gusta que el personal no esté bien capacitado.,Queja
4097,No me gusta que el personal no esté bien capacitado.,Queja
4098,Podrían ampliar el horario de atención para mayor comodidad.,Sugerencia
4099,El producto llegó defectuoso y tardaron en dar solución.,Queja
4100,Podrían ampliar el horario de atención para mayor comodidad.,Sugerencia
4101,Sería genial si agregaran más opciones de pago.,Sugerencia
4102,"Los tiempos de espera son excesivos, deberían mejorarlo.",Queja
4103,Deberían ofrecer más descuentos para clientes frecuentes.,Sugerencia
4104,"Me encantó la atención que recibí, fueron muy atentos.",Sugerencia
4105,"La aplicación móvil tiene muchos errores, deberían mejorarla.",Queja
4106,El servicio telefónico es ineficiente y no resuelven dudas.,Queja
4107,"El sistema de turnos no funciona bien, deberían optimizarlo.",Queja
4108,Sería útil que agregaran un chat en vivo para consultas rápidas.,Sugerencia
4109,Podrían ampliar el horario de atención para mayor comodidad.,Sugerencia
4110,"Me encantó la atención que recibí, fueron muy atentos.",Sugerencia
4111,"La aplicación móvil tiene muchos errores, deberían mejorarla.",Queja
4112,El servicio telefónico es ineficiente y no resuelven dudas.,Queja
4113,No responden los correos de atención al cliente.,Queja
4114,Sería bueno que ampliaran la cobertura del servicio a más ciudades.,Sugerencia
4115,"Me encantó la atención que recibí, fueron muy atentos.",Sugerencia
4116,No responden los correos de atención al cliente.,Queja
4117,No me gusta que el personal no esté bien capacitado.,Queja
4118,El servicio telefónico es ineficiente y no resuelven dudas.,Queja
4119,Deberían ofrecer más descuentos para clientes frecuentes.,Sugerencia
4120,Sería bueno que ampliaran la cobertura del servicio a más ciudades.,Sugerencia
4121,Deberían ofrecer más descuentos para clientes frecuentes.,Sugerencia
4122,Podrían ampliar el horario de atención para mayor comodidad.,Sugerencia
4123,El producto llegó defectuoso y tardaron en dar solución.,Queja
4124,El personal debería recibir más entrenamiento en atención al cliente.,Sugerencia
4125,Sería bueno que ampliaran la cobertura del servicio a más ciudades.,Sugerencia
4126,Podrían ampliar el horario de atención para mayor comodidad.,Sugerencia
4127,El servicio telefónico es ineficiente y no resuelven dudas.,Queja
4128,No responden los correos de atención al cliente.,Queja
4129,No responden los correos de atención al cliente.,Queja
4130,"Me encantó la atención que recibí, fueron muy atentos.",Sugerencia
4131,No me gusta que el personal no esté bien capacitado.,Queja
4132,Podrían ampliar el horario de atención para mayor comodidad.,Sugerencia
4133,El personal debería recibir más entrenamiento en atención al cliente.,Sugerencia
4134,Podrían mejorar la experiencia en línea con una mejor interfaz.,Sugerencia
4135,Sería bueno que ampliaran la cobertura del servicio a más ciudades.,Sugerencia
4136,"Los tiempos de espera son excesivos, deberían mejorarlo.",Queja
4137,"La aplicación móvil tiene muchos errores, deberían mejorarla.",Queja
4138,El personal debería recibir más entrenamiento en atención al cliente.,Sugerencia
4139,Sería genial si agregaran más opciones de pago.,Sugerencia
4140,El ambiente en la tienda es muy agradable y acogedor.,Sugerencia
4141,El servicio al cliente fue muy lento y poco amable.,Queja
4142,Sería bueno que ampliaran la cobertura del servicio a más ciudades.,Sugerencia
4143,"Los tiempos de espera son excesivos, deberían mejorarlo.",Queja
4144,Podrían mejorar la experiencia en línea con una mejor interfaz.,Sugerencia
4145,La página web es muy lenta y difícil de usar.,Queja
4146,"El sistema de turnos no funciona bien, deberían optimizarlo.",Queja
4147,No responden los correos de atención al cliente.,Queja
4148,Tuve un problema con mi compra y nadie me ayudó.,Queja
4149,Sería genial si agregaran más opciones de pago.,Sugerencia
4150,Tuve un problema con mi compra y nadie me ayudó.,Queja
4151,Podrían mejorar la experiencia en línea con una mejor interfaz.,Sugerencia
4152,El servicio telefónico es ineficiente y no resuelven dudas.,Queja
4153,Deberían ofrecer más descuentos para clientes frecuentes.,Sugerencia
4154,El servicio telefónico es ineficiente y no resuelven dudas.,Queja
4155,No responden los correos de atención al cliente.,Queja
4156,El personal debería recibir más entrenamiento en atención al cliente.,Sugerencia
4157,"Los tiempos de espera son excesivos, deberían mejorarlo.",Queja
4158,Tuve un problema con mi compra y nadie me ayudó.,Queja
4159,El servicio telefónico es ineficiente y no resuelven dudas.,Queja
4160,El producto llegó defectuoso y tardaron en dar solución.,Queja
4161,El servicio telefónico es ineficiente y no resuelven dudas.,Queja
4162,"El sistema de turnos no funciona bien, deberían optimizarlo.",Queja
4163,"La aplicación móvil tiene muchos errores, deberían mejorarla.",Queja
4164,No responden los correos de atención al cliente.,Queja
4165,El personal debería recibir más entrenamiento en atención al cliente.,Sugerencia
4166,Tuve un problema con mi compra y nadie me ayudó.,Queja
4167,Deberían ofrecer más descuentos para clientes frecuentes.,Sugerencia
4168,El servicio al cliente fue muy lento y poco amable.,Queja
4169,La página web es muy lenta y difícil de usar.,Queja
4170,El servicio al cliente fue muy lento y poco amable.,Queja
4171,El ambiente en la tienda es muy agradable y acogedor.,Sugerencia
4172,"Me encantó la atención que recibí, fueron muy atentos.",Sugerencia
4173,"Los tiempos de espera son excesivos, deberían mejorarlo.",Queja
4174,El servicio telefónico es ineficiente y no resuelven dudas.,Queja
4175,La página web es muy lenta y difícil de usar.,Queja
4176,Sería útil que agregaran un chat en vivo para consultas rápidas.,Sugerencia
4177,Sería bueno que ampliaran la cobertura del servicio a más ciudades.,Sugerencia
4178,El servicio al cliente fue muy lento y poco amable.,Queja
4179,El servicio al cliente fue muy lento y poco amable.,Queja
4180,Sería útil que agregaran un chat en vivo para consultas rápidas.,Sugerencia
4181,Deberían ofrecer más descuentos para clientes frecuentes.,Sugerencia
4182,El servicio al cliente fue muy lento y poco amable.,Queja
4183,"La aplicación móvil tiene muchos errores, deberían mejorarla.",Queja
4184,"Me encantó la atención que recibí, fueron muy atentos.",Sugerencia
4185,Sería genial si agregaran más opciones de pago.,Sugerencia
4186,Podrían mejorar la experiencia en línea con una mejor interfaz.,Sugerencia
4187,No responden los correos de atención al cliente.,Queja
4188,No me gusta que el personal no esté bien capacitado.,Queja
4189,"Los tiempos de espera son excesivos, deberían mejorarlo.",Queja
4190,Podrían ampliar el horario de atención para mayor comodidad.,Sugerencia
4191,Sería bueno que ampliaran la cobertura del servicio a más ciudades.,Sugerencia
4192,El ambiente en la tienda es muy agradable y acogedor.,Sugerencia
4193,Podrían mejorar la experiencia en línea con una mejor interfaz.,Sugerencia
4194,"El sistema de turnos no funciona bien, deberían optimizarlo.",Queja
4195,No me gusta que el personal no esté bien capacitado.,Queja
4196,No responden los correos de atención al cliente.,Queja
4197,El ambiente en la tienda es muy agradable y acogedor.,Sugerencia
4198,No responden los correos de atención al cliente.,Queja
4199,Sería genial si agregaran más opciones de pago.,Sugerencia
4200,No responden los correos de atención al cliente.,Queja
4201,Podrían ampliar el horario de atención para mayor comodidad.,Sugerencia
4202,El personal debería recibir más entrenamiento en atención al cliente.,Sugerencia
4203,No me gusta que el personal no esté bien capacitado.,Queja
4204,"Los tiempos de espera son excesivos, deberían mejorarlo.",Queja
4205,No responden los correos de atención al cliente.,Queja
4206,El servicio telefónico es ineficiente y no resuelven dudas.,Queja
4207,Podrían mejorar la experiencia en línea con una mejor interfaz.,Sugerencia
4208,Podrían ampliar el horario de atención para mayor comodidad.,Sugerencia
4209,No responden los correos de atención al cliente.,Queja
4210,Sería genial si agregaran más opciones de pago.,Sugerencia
4211,El servicio telefónico es ineficiente y no resuelven dudas.,Queja
4212,Tuve un problema con mi compra y nadie me ayudó.,Queja
4213,Sería bueno que ampliaran la cobertura del servicio a más ciudades.,Sugerencia
4214,Sería bueno que ampliaran la cobertura del servicio a más ciudades.,Sugerencia
4215,El servicio al cliente fue muy lento y poco amable.,Queja
4216,El personal debería recibir más entrenamiento en atención al cliente.,Sugerencia
4217,Podrían mejorar la experiencia en línea con una mejor interfaz.,Sugerencia
4218,Podrían mejorar la experiencia en línea con una mejor interfaz.,Sugerencia
4219,"El sistema de turnos no funciona bien, deberían optimizarlo.",Queja
4220,Sería genial si agregaran más opciones de pago.,Sugerencia
4221,Sería genial si agregaran más opciones de pago.,Sugerencia
4222,Tuve un problema con mi compra y nadie me ayudó.,Queja
4223,El personal debería recibir más entrenamiento en atención al cliente.,Sugerencia
4224,"El sistema de turnos no funciona bien, deberían optimizarlo.",Queja
4225,No me gusta que el personal no esté bien capacitado.,Queja
4226,El ambiente en la tienda es muy agradable y acogedor.,Sugerencia
4227,"Los tiempos de espera son excesivos, deberían mejorarlo.",Queja
4228,No responden los correos de atención al cliente.,Queja
4229,El ambiente en la tienda es muy agradable y acogedor.,Sugerencia
4230,El servicio telefónico es ineficiente y no resuelven dudas.,Queja
4231,Podrían mejorar la experiencia en línea con una mejor interfaz.,Sugerencia
4232,Podrían mejorar la experiencia en línea con una mejor interfaz.,Sugerencia
4233,Sería útil que agregaran un chat en vivo para consultas rápidas.,Sugerencia
4234,"Los tiempos de espera son excesivos, deberían mejorarlo.",Queja
4235,Sería genial si agregaran más opciones de pago.,Sugerencia
4236,El ambiente en la tienda es muy agradable y acogedor.,Sugerencia
4237,El ambiente en la tienda es muy agradable y acogedor.,Sugerencia
4238,El producto llegó defectuoso y tardaron en dar solución.,Queja
4239,Sería útil que agregaran un chat en vivo para consultas rápidas.,Sugerencia
4240,"La aplicación móvil tiene muchos errores, deberían mejorarla.",Queja
4241,No me gusta que el personal no esté bien capacitado.,Queja
4242,"Me encantó la atención que recibí, fueron muy atentos.",Sugerencia
4243,Tuve un problema con mi compra y nadie me ayudó.,Queja
4244,No responden los correos de atención al cliente.,Queja
4245,"Los tiempos de espera son excesivos, deberían mejorarlo.",Queja
4246,Tuve un problema con mi compra y nadie me ayudó.,Queja
4247,Sería útil que agregaran un chat en vivo para consultas rápidas.,Sugerencia
4248,"Me encantó la atención que recibí, fueron muy atentos.",Sugerencia
4249,No me gusta que el personal no esté bien capacitado.,Queja
4250,"Los tiempos de espera son excesivos, deberían mejorarlo.",Queja
4251,"Los tiempos de espera son excesivos, deberían mejorarlo.",Queja
4252,El ambiente en la tienda es muy agradable y acogedor.,Sugerencia
4253,"La aplicación móvil tiene muchos errores, deberían mejorarla.",Queja
4254,El personal debería recibir más entrenamiento en atención al cliente.,Sugerencia
4255,No responden los correos de atención al cliente.,Queja
4256,No responden los correos de atención al cliente.,Queja
4257,Podrían ampliar el horario de atención para mayor comodidad.,Sugerencia
4258,Sería útil que agregaran un chat en vivo para consultas rápidas.,Sugerencia
4259,"Los tiempos de espera son excesivos, deberían mejorarlo.",Queja
4260,Sería bueno que ampliaran la cobertura del servicio a más ciudades.,Sugerencia
4261,El ambiente en la tienda es muy agradable y acogedor.,Sugerencia
4262,El producto llegó defectuoso y tardaron en dar solución.,Queja
4263,Sería útil que agregaran un chat en vivo para consultas rápidas.,Sugerencia
4264,Tuve un problema con mi compra y nadie me ayudó.,Queja
4265,El servicio al cliente fue muy lento y poco amable.,Queja
4266,Sería útil que agregaran un chat en vivo para consultas rápidas.,Sugerencia
4267,El personal debería recibir más entrenamiento en atención al cliente.,Sugerencia
4268,El servicio al cliente fue muy lento y poco amable.,Queja
4269,Sería genial si agregaran más opciones de pago.,Sugerencia
4270,Sería bueno que ampliaran la cobertura del servicio a más ciudades.,Sugerencia
4271,El producto llegó defectuoso y tardaron en dar solución.,Queja
4272,El servicio al cliente fue muy lento y poco amable.,Queja
4273,Sería bueno que ampliaran la cobertura del servicio a más ciudades.,Sugerencia
4274,El servicio telefónico es ineficiente y no resuelven dudas.,Queja
4275,El personal debería recibir más entrenamiento en atención al cliente.,Sugerencia
4276,El personal debería recibir más entrenamiento en atención al cliente.,Sugerencia
4277,No responden los correos de atención al cliente.,Queja
4278,La página web es muy lenta y difícil de usar.,Queja
4279,La página web es muy lenta y difícil de usar.,Queja
4280,Sería bueno que ampliaran la cobertura del servicio a más ciudades.,Sugerencia
4281,Sería útil que agregaran un chat en vivo para consultas rápidas.,Sugerencia
4282,El personal debería recibir más entrenamiento en atención al cliente.,Sugerencia
4283,Me gustaría que ofrecieran más promociones en productos populares.,Sugerencia
4284,El personal debería recibir más entrenamiento en atención al cliente.,Sugerencia
4285,Sería bueno que ampliaran la cobertura del servicio a más ciudades.,Sugerencia
4286,El producto llegó defectuoso y tardaron en dar solución.,Queja
4287,El ambiente en la tienda es muy agradable y acogedor.,Sugerencia
4288,No me gusta que el personal no esté bien capacitado.,Queja
4289,No responden los correos de atención al cliente.,Queja
4290,"El sistema de turnos no funciona bien, deberían optimizarlo.",Queja
4291,Podrían mejorar la experiencia en línea con una mejor interfaz.,Sugerencia
4292,El producto llegó defectuoso y tardaron en dar solución.,Queja
4293,Deberían ofrecer más descuentos para clientes frecuentes.,Sugerencia
4294,"Los tiempos de espera son excesivos, deberían mejorarlo.",Queja
4295,Podrían mejorar la experiencia en línea con una mejor interfaz.,Sugerencia
4296,"El sistema de turnos no funciona bien, deberían optimizarlo.",Queja
4297,Podrían ampliar el horario de atención para mayor comodidad.,Sugerencia
4298,"El sistema de turnos no funciona bien, deberían optimizarlo.",Queja
4299,Me gustaría que ofrecieran más promociones en productos populares.,Sugerencia
4300,Tuve un problema con mi compra y nadie me ayudó.,Queja
4301,Me gustaría que ofrecieran más promociones en productos populares.,Sugerencia
4302,La página web es muy lenta y difícil de usar.,Queja
4303,El ambiente en la tienda es muy agradable y acogedor.,Sugerencia
4304,Podrían mejorar la experiencia en línea con una mejor interfaz.,Sugerencia
4305,"El sistema de turnos no funciona bien, deberían optimizarlo.",Queja
4306,No responden los correos de atención al cliente.,Queja
4307,Podrían mejorar la experiencia en línea con una mejor interfaz.,Sugerencia
4308,El ambiente en la tienda es muy agradable y acogedor.,Sugerencia
4309,El personal debería recibir más entrenamiento en atención al cliente.,Sugerencia
4310,Sería genial si agregaran más opciones de pago.,Sugerencia
4311,No responden los correos de atención al cliente.,Queja
4312,El personal debería recibir más entrenamiento en atención al cliente.,Sugerencia
4313,"Los tiempos de espera son excesivos, deberían mejorarlo.",Queja
4314,No me gusta que el personal no esté bien capacitado.,Queja
4315,El servicio telefónico es ineficiente y no resuelven dudas.,Queja
4316,Me gustaría que ofrecieran más promociones en productos populares.,Sugerencia
4317,Sería genial si agregaran más opciones de pago.,Sugerencia
4318,El ambiente en la tienda es muy agradable y acogedor.,Sugerencia
4319,"Me encantó la atención que recibí, fueron muy atentos.",Sugerencia
4320,"El sistema de turnos no funciona bien, deberían optimizarlo.",Queja
4321,Me gustaría que ofrecieran más promociones en productos populares.,Sugerencia
4322,"Me encantó la atención que recibí, fueron muy atentos.",Sugerencia
4323,Sería genial si agregaran más opciones de pago.,Sugerencia
4324,El ambiente en la tienda es muy agradable y acogedor.,Sugerencia
4325,"Los tiempos de espera son excesivos, deberían mejorarlo.",Queja
4326,El servicio al cliente fue muy lento y poco amable.,Queja
4327,Deberían ofrecer más descuentos para clientes frecuentes.,Sugerencia
4328,Tuve un problema con mi compra y nadie me ayudó.,Queja
4329,"La aplicación móvil tiene muchos errores, deberían mejorarla.",Queja
4330,No me gusta que el personal no esté bien capacitado.,Queja
4331,"El sistema de turnos no funciona bien, deberían optimizarlo.",Queja
4332,El servicio al cliente fue muy lento y poco amable.,Queja
4333,Sería bueno que ampliaran la cobertura del servicio a más ciudades.,Sugerencia
4334,Me gustaría que ofrecieran más promociones en productos populares.,Sugerencia
4335,Sería genial si agregaran más opciones de pago.,Sugerencia
4336,"Me encantó la atención que recibí, fueron muy atentos.",Sugerencia
4337,No me gusta que el personal no esté bien capacitado.,Queja
4338,"Los tiempos de espera son excesivos, deberían mejorarlo.",Queja
4339,Sería genial si agregaran más opciones de pago.,Sugerencia
4340,"Me encantó la atención que recibí, fueron muy atentos.",Sugerencia
4341,"La aplicación móvil tiene muchos errores, deberían mejorarla.",Queja
4342,"Los tiempos de espera son excesivos, deberían mejorarlo.",Queja
4343,El servicio telefónico es ineficiente y no resuelven dudas.,Queja
4344,El servicio telefónico es ineficiente y no resuelven dudas.,Queja
4345,Sería bueno que ampliaran la cobertura del servicio a más ciudades.,Sugerencia
4346,"El sistema de turnos no funciona bien, deberían optimizarlo.",Queja
4347,"Los tiempos de espera son excesivos, deberían mejorarlo.",Queja
4348,No me gusta que el personal no esté bien capacitado.,Queja
4349,Deberían ofrecer más descuentos para clientes frecuentes.,Sugerencia
4350,El servicio al cliente fue muy lento y poco amable.,Queja
4351,"El sistema de turnos no funciona bien, deberían optimizarlo.",Queja
4352,No responden los correos de atención al cliente.,Queja
4353,El servicio telefónico es ineficiente y no resuelven dudas.,Queja
4354,Tuve un problema con mi compra y nadie me ayudó.,Queja
4355,El producto llegó defectuoso y tardaron en dar solución.,Queja
4356,"El sistema de turnos no funciona bien, deberían optimizarlo.",Queja
4357,"Los tiempos de espera son excesivos, deberían mejorarlo.",Queja
4358,Sería bueno que ampliaran la cobertura del servicio a más ciudades.,Sugerencia
4359,Me gustaría que ofrecieran más promociones en productos populares.,Sugerencia
4360,Sería útil que agregaran un chat en vivo para consultas rápidas.,Sugerencia
4361,Deberían ofrecer más descuentos para clientes frecuentes.,Sugerencia
4362,El producto llegó defectuoso y tardaron en dar solución.,Queja
4363,Sería genial si agregaran más opciones de pago.,Sugerencia
4364,El servicio al cliente fue muy lento y poco amable.,Queja
4365,Sería útil que agregaran un chat en vivo para consultas rápidas.,Sugerencia
4366,Me gustaría que ofrecieran más promociones en productos populares.,Sugerencia
4367,El producto llegó defectuoso y tardaron en dar solución.,Queja
4368,No responden los correos de atención al cliente.,Queja
4369,Sería útil que agregaran un chat en vivo para consultas rápidas.,Sugerencia
4370,El producto llegó defectuoso y tardaron en dar solución.,Queja
4371,El producto llegó defectuoso y tardaron en dar solución.,Queja
4372,"La aplicación móvil tiene muchos errores, deberían mejorarla.",Queja
4373,El servicio telefónico es ineficiente y no resuelven dudas.,Queja
4374,El ambiente en la tienda es muy agradable y acogedor.,Sugerencia
4375,Podrían ampliar el horario de atención para mayor comodidad.,Sugerencia
4376,El producto llegó defectuoso y tardaron en dar solución.,Queja
4377,Deberían ofrecer más descuentos para clientes frecuentes.,Sugerencia
4378,La página web es muy lenta y difícil de usar.,Queja
4379,Sería genial si agregaran más opciones de pago.,Sugerencia
4380,El producto llegó defectuoso y tardaron en dar solución.,Queja
4381,El ambiente en la tienda es muy agradable y acogedor.,Sugerencia
4382,No me gusta que el personal no esté bien capacitado.,Queja
4383,Podrían ampliar el horario de atención para mayor comodidad.,Sugerencia
4384,"Me encantó la atención que recibí, fueron muy atentos.",Sugerencia
4385,"La aplicación móvil tiene muchos errores, deberían mejorarla.",Queja
4386,"Me encantó la atención que recibí, fueron muy atentos.",Sugerencia
4387,El servicio telefónico es ineficiente y no resuelven dudas.,Queja
4388,No me gusta que el personal no esté bien capacitado.,Queja
4389,Tuve un problema con mi compra y nadie me ayudó.,Queja
4390,Podrían ampliar el horario de atención para mayor comodidad.,Sugerencia
4391,Podrían ampliar el horario de atención para mayor comodidad.,Sugerencia
4392,No me gusta que el personal no esté bien capacitado.,Queja
4393,"Los tiempos de espera son excesivos, deberían mejorarlo.",Queja
4394,Podrían mejorar la experiencia en línea con una mejor interfaz.,Sugerencia
4395,Sería útil que agregaran un chat en vivo para consultas rápidas.,Sugerencia
4396,Deberían ofrecer más descuentos para clientes frecuentes.,Sugerencia
4397,"El sistema de turnos no funciona bien, deberían optimizarlo.",Queja
4398,Podrían ampliar el horario de atención para mayor comodidad.,Sugerencia
4399,Deberían ofrecer más descuentos para clientes frecuentes.,Sugerencia
4400,El personal debería recibir más entrenamiento en atención al cliente.,Sugerencia
4401,El servicio telefónico es ineficiente y no resuelven dudas.,Queja
4402,Sería útil que agregaran un chat en vivo para consultas rápidas.,Sugerencia
4403,Sería bueno que ampliaran la cobertura del servicio a más ciudades.,Sugerencia
4404,El personal debería recibir más entrenamiento en atención al cliente.,Sugerencia
4405,Sería genial si agregaran más opciones de pago.,Sugerencia
4406,"Me encantó la atención que recibí, fueron muy atentos.",Sugerencia
4407,El producto llegó defectuoso y tardaron en dar solución.,Queja
4408,No responden los correos de atención al cliente.,Queja
4409,El servicio telefónico es ineficiente y no resuelven dudas.,Queja
4410,Tuve un problema con mi compra y nadie me ayudó.,Queja
4411,Sería genial si agregaran más opciones de pago.,Sugerencia
4412,Sería bueno que ampliaran la cobertura del servicio a más ciudades.,Sugerencia
4413,Sería genial si agregaran más opciones de pago.,Sugerencia
4414,Sería genial si agregaran más opciones de pago.,Sugerencia
4415,No me gusta que el personal no esté bien capacitado.,Queja
4416,El producto llegó defectuoso y tardaron en dar solución.,Queja
4417,Deberían ofrecer más descuentos para clientes frecuentes.,Sugerencia
4418,"La aplicación móvil tiene muchos errores, deberían mejorarla.",Queja
4419,Podrían mejorar la experiencia en línea con una mejor interfaz.,Sugerencia
4420,"Me encantó la atención que recibí, fueron muy atentos.",Sugerencia
4421,No me gusta que el personal no esté bien capacitado.,Queja
4422,El producto llegó defectuoso y tardaron en dar solución.,Queja
4423,El ambiente en la tienda es muy agradable y acogedor.,Sugerencia
4424,El servicio al cliente fue muy lento y poco amable.,Queja
4425,No responden los correos de atención al cliente.,Queja
4426,Podrían mejorar la experiencia en línea con una mejor interfaz.,Sugerencia
4427,Podrían ampliar el horario de atención para mayor comodidad.,Sugerencia
4428,El ambiente en la tienda es muy agradable y acogedor.,Sugerencia
4429,Sería bueno que ampliaran la cobertura del servicio a más ciudades.,Sugerencia
4430,Me gustaría que ofrecieran más promociones en productos populares.,Sugerencia
4431,"Los tiempos de espera son excesivos, deberían mejorarlo.",Queja
4432,No responden los correos de atención al cliente.,Queja
4433,El personal debería recibir más entrenamiento en atención al cliente.,Sugerencia
4434,Sería genial si agregaran más opciones de pago.,Sugerencia
4435,Deberían ofrecer más descuentos para clientes frecuentes.,Sugerencia
4436,Podrían mejorar la experiencia en línea con una mejor interfaz.,Sugerencia
4437,El producto llegó defectuoso y tardaron en dar solución.,Queja
4438,El producto llegó defectuoso y tardaron en dar solución.,Queja
4439,Me gustaría que ofrecieran más promociones en productos populares.,Sugerencia
4440,Sería genial si agregaran más opciones de pago.,Sugerencia
4441,No responden los correos de atención al cliente.,Queja
4442,El servicio al cliente fue muy lento y poco amable.,Queja
4443,"Me encantó la atención que recibí, fueron muy atentos.",Sugerencia
4444,"La aplicación móvil tiene muchos errores, deberían mejorarla.",Queja
4445,"Los tiempos de espera son excesivos, deberían mejorarlo.",Queja
4446,El ambiente en la tienda es muy agradable y acogedor.,Sugerencia
4447,Sería bueno que ampliaran la cobertura del servicio a más ciudades.,Sugerencia
4448,Podrían mejorar la experiencia en línea con una mejor interfaz.,Sugerencia
4449,Podrían mejorar la experiencia en línea con una mejor interfaz.,Sugerencia
4450,Tuve un problema con mi compra y nadie me ayudó.,Queja
4451,El personal debería recibir más entrenamiento en atención al cliente.,Sugerencia
4452,Podrían mejorar la experiencia en línea con una mejor interfaz.,Sugerencia
4453,Sería bueno que ampliaran la cobertura del servicio a más ciudades.,Sugerencia
4454,Sería bueno que ampliaran la cobertura del servicio a más ciudades.,Sugerencia
4455,El ambiente en la tienda es muy agradable y acogedor.,Sugerencia
4456,El ambiente en la tienda es muy agradable y acogedor.,Sugerencia
4457,"La aplicación móvil tiene muchos errores, deberían mejorarla.",Queja
4458,No responden los correos de atención al cliente.,Queja
4459,"La aplicación móvil tiene muchos errores, deberían mejorarla.",Queja
4460,La página web es muy lenta y difícil de usar.,Queja
4461,Podrían ampliar el horario de atención para mayor comodidad.,Sugerencia
4462,No responden los correos de atención al cliente.,Queja
4463,Sería útil que agregaran un chat en vivo para consultas rápidas.,Sugerencia
4464,Sería bueno que ampliaran la cobertura del servicio a más ciudades.,Sugerencia
4465,El servicio telefónico es ineficiente y no resuelven dudas.,Queja
4466,El servicio al cliente fue muy lento y poco amable.,Queja
4467,El ambiente en la tienda es muy agradable y acogedor.,Sugerencia
4468,El producto llegó defectuoso y tardaron en dar solución.,Queja
4469,"El sistema de turnos no funciona bien, deberían optimizarlo.",Queja
4470,Podrían mejorar la experiencia en línea con una mejor interfaz.,Sugerencia
4471,No responden los correos de atención al cliente.,Queja
4472,Podrían mejorar la experiencia en línea con una mejor interfaz.,Sugerencia
4473,Podrían mejorar la experiencia en línea con una mejor interfaz.,Sugerencia
4474,Sería bueno que ampliaran la cobertura del servicio a más ciudades.,Sugerencia
4475,Tuve un problema con mi compra y nadie me ayudó.,Queja
4476,El servicio al cliente fue muy lento y poco amable.,Queja
4477,"La aplicación móvil tiene muchos errores, deberían mejorarla.",Queja
4478,Me gustaría que ofrecieran más promociones en productos populares.,Sugerencia
4479,Sería útil que agregaran un chat en vivo para consultas rápidas.,Sugerencia
4480,Podrían mejorar la experiencia en línea con una mejor interfaz.,Sugerencia
4481,No responden los correos de atención al cliente.,Queja
4482,Deberían ofrecer más descuentos para clientes frecuentes.,Sugerencia
4483,No me gusta que el personal no esté bien capacitado.,Queja
4484,Tuve un problema con mi compra y nadie me ayudó.,Queja
4485,"Me encantó la atención que recibí, fueron muy atentos.",Sugerencia
4486,El servicio telefónico es ineficiente y no resuelven dudas.,Queja
4487,No responden los correos de atención al cliente.,Queja
4488,El ambiente en la tienda es muy agradable y acogedor.,Sugerencia
4489,Me gustaría que ofrecieran más promociones en productos populares.,Sugerencia
4490,Sería genial si agregaran más opciones de pago.,Sugerencia
4491,"Los tiempos de espera son excesivos, deberían mejorarlo.",Queja
4492,Deberían ofrecer más descuentos para clientes frecuentes.,Sugerencia
4493,Sería genial si agregaran más opciones de pago.,Sugerencia
4494,Sería bueno que ampliaran la cobertura del servicio a más ciudades.,Sugerencia
4495,Podrían ampliar el horario de atención para mayor comodidad.,Sugerencia
4496,Sería bueno que ampliaran la cobertura del servicio a más ciudades.,Sugerencia
4497,El servicio telefónico es ineficiente y no resuelven dudas.,Queja
4498,El servicio al cliente fue muy lento y poco amable.,Queja
4499,Tuve un problema con mi compra y nadie me ayudó.,Queja
4500,Sería bueno que ampliaran la cobertura del servicio a más ciudades.,Sugerencia
4501,Deberían ofrecer más descuentos para clientes frecuentes.,Sugerencia
4502,El ambiente en la tienda es muy agradable y acogedor.,Sugerencia
4503,"Los tiempos de espera son excesivos, deberían mejorarlo.",Queja
4504,Sería genial si agregaran más opciones de pago.,Sugerencia
4505,"Los tiempos de espera son excesivos, deberían mejorarlo.",Queja
4506,Tuve un problema con mi compra y nadie me ayudó.,Queja
4507,No responden los correos de atención al cliente.,Queja
4508,"Me encantó la atención que recibí, fueron muy atentos.",Sugerencia
4509,Sería genial si agregaran más opciones de pago.,Sugerencia
4510,"Me encantó la atención que recibí, fueron muy atentos.",Sugerencia
4511,El personal debería recibir más entrenamiento en atención al cliente.,Sugerencia
4512,"La aplicación móvil tiene muchos errores, deberían mejorarla.",Queja
4513,El ambiente en la tienda es muy agradable y acogedor.,Sugerencia
4514,"El sistema de turnos no funciona bien, deberían optimizarlo.",Queja
4515,"La aplicación móvil tiene muchos errores, deberían mejorarla.",Queja
4516,No me gusta que el personal no esté bien capacitado.,Queja
4517,El producto llegó defectuoso y tardaron en dar solución.,Queja
4518,El personal debería recibir más entrenamiento en atención al cliente.,Sugerencia
4519,Podrían ampliar el horario de atención para mayor comodidad.,Sugerencia
4520,Sería útil que agregaran un chat en vivo para consultas rápidas.,Sugerencia
4521,"El sistema de turnos no funciona bien, deberían optimizarlo.",Queja
4522,"Los tiempos de espera son excesivos, deberían mejorarlo.",Queja
4523,"Los tiempos de espera son excesivos, deberían mejorarlo.",Queja
4524,Sería bueno que ampliaran la cobertura del servicio a más ciudades.,Sugerencia
4525,Podrían mejorar la experiencia en línea con una mejor interfaz.,Sugerencia
4526,La página web es muy lenta y difícil de usar.,Queja
4527,"El sistema de turnos no funciona bien, deberían optimizarlo.",Queja
4528,"Me encantó la atención que recibí, fueron muy atentos.",Sugerencia
4529,"Los tiempos de espera son excesivos, deberían mejorarlo.",Queja
4530,No responden los correos de atención al cliente.,Queja
4531,No responden los correos de atención al cliente.,Queja
4532,"Me encantó la atención que recibí, fueron muy atentos.",Sugerencia
4533,El servicio telefónico es ineficiente y no resuelven dudas.,Queja
4534,"La aplicación móvil tiene muchos errores, deberían mejorarla.",Queja
4535,Tuve un problema con mi compra y nadie me ayudó.,Queja
4536,"Los tiempos de espera son excesivos, deberían mejorarlo.",Queja
4537,Podrían mejorar la experiencia en línea con una mejor interfaz.,Sugerencia
4538,El servicio al cliente fue muy lento y poco amable.,Queja
4539,Sería genial si agregaran más opciones de pago.,Sugerencia
4540,El servicio telefónico es ineficiente y no resuelven dudas.,Queja
4541,"Los tiempos de espera son excesivos, deberían mejorarlo.",Queja
4542,Sería bueno que ampliaran la cobertura del servicio a más ciudades.,Sugerencia
4543,Sería útil que agregaran un chat en vivo para consultas rápidas.,Sugerencia
4544,La página web es muy lenta y difícil de usar.,Queja
4545,"Me encantó la atención que recibí, fueron muy atentos.",Sugerencia
4546,Podrían mejorar la experiencia en línea con una mejor interfaz.,Sugerencia
4547,Tuve un problema con mi compra y nadie me ayudó.,Queja
4548,"Los tiempos de espera son excesivos, deberían mejorarlo.",Queja
4549,Sería bueno que ampliaran la cobertura del servicio a más ciudades.,Sugerencia
4550,"Los tiempos de espera son excesivos, deberían mejorarlo.",Queja
4551,Deberían ofrecer más descuentos para clientes frecuentes.,Sugerencia
4552,La página web es muy lenta y difícil de usar.,Queja
4553,Podrían mejorar la experiencia en línea con una mejor interfaz.,Sugerencia
4554,La página web es muy lenta y difícil de usar.,Queja
4555,No responden los correos de atención al cliente.,Queja
4556,El producto llegó defectuoso y tardaron en dar solución.,Queja
4557,Sería útil que agregaran un chat en vivo para consultas rápidas.,Sugerencia
4558,"Me encantó la atención que recibí, fueron muy atentos.",Sugerencia
4559,Sería bueno que ampliaran la cobertura del servicio a más ciudades.,Sugerencia
4560,Sería genial si agregaran más opciones de pago.,Sugerencia
4561,Deberían ofrecer más descuentos para clientes frecuentes.,Sugerencia
4562,Podrían mejorar la experiencia en línea con una mejor interfaz.,Sugerencia
4563,No me gusta que el personal no esté bien capacitado.,Queja
4564,Podrían mejorar la experiencia en línea con una mejor interfaz.,Sugerencia
4565,"La aplicación móvil tiene muchos errores, deberían mejorarla.",Queja
4566,Deberían ofrecer más descuentos para clientes frecuentes.,Sugerencia
4567,El servicio telefónico es ineficiente y no resuelven dudas.,Queja
4568,Sería genial si agregaran más opciones de pago.,Sugerencia
4569,Podrían ampliar el horario de atención para mayor comodidad.,Sugerencia
4570,Tuve un problema con mi compra y nadie me ayudó.,Queja
4571,El producto llegó defectuoso y tardaron en dar solución.,Queja
4572,El servicio al cliente fue muy lento y poco amable.,Queja
4573,"El sistema de turnos no funciona bien, deberían optimizarlo.",Queja
4574,Sería útil que agregaran un chat en vivo para consultas rápidas.,Sugerencia
4575,El personal debería recibir más entrenamiento en atención al cliente.,Sugerencia
4576,"El sistema de turnos no funciona bien, deberían optimizarlo.",Queja
4577,"Los tiempos de espera son excesivos, deberían mejorarlo.",Queja
4578,La página web es muy lenta y difícil de usar.,Queja
4579,Sería genial si agregaran más opciones de pago.,Sugerencia
4580,La página web es muy lenta y difícil de usar.,Queja
4581,"El sistema de turnos no funciona bien, deberían optimizarlo.",Queja
4582,Tuve un problema con mi compra y nadie me ayudó.,Queja
4583,Sería genial si agregaran más opciones de pago.,Sugerencia
4584,El ambiente en la tienda es muy agradable y acogedor.,Sugerencia
4585,El servicio telefónico es ineficiente y no resuelven dudas.,Queja
4586,El servicio al cliente fue muy lento y poco amable.,Queja
4587,"Me encantó la atención que recibí, fueron muy atentos.",Sugerencia
4588,Sería útil que agregaran un chat en vivo para consultas rápidas.,Sugerencia
4589,Sería genial si agregaran más opciones de pago.,Sugerencia
4590,El producto llegó defectuoso y tardaron en dar solución.,Queja
4591,El servicio telefónico es ineficiente y no resuelven dudas.,Queja
4592,La página web es muy lenta y difícil de usar.,Queja
4593,La página web es muy lenta y difícil de usar.,Queja
4594,Podrían ampliar el horario de atención para mayor comodidad.,Sugerencia
4595,No me gusta que el personal no esté bien capacitado.,Queja
4596,Me gustaría que ofrecieran más promociones en productos populares.,Sugerencia
4597,El personal debería recibir más entrenamiento en atención al cliente.,Sugerencia
4598,Tuve un problema con mi compra y nadie me ayudó.,Queja
4599,No me gusta que el personal no esté bien capacitado.,Queja
4600,Tuve un problema con mi compra y nadie me ayudó.,Queja
4601,El servicio telefónico es ineficiente y no resuelven dudas.,Queja
4602,Tuve un problema con mi compra y nadie me ayudó.,Queja
4603,"Me encantó la atención que recibí, fueron muy atentos.",Sugerencia
4604,El producto llegó defectuoso y tardaron en dar solución.,Queja
4605,"Me encantó la atención que recibí, fueron muy atentos.",Sugerencia
4606,La página web es muy lenta y difícil de usar.,Queja
4607,"La aplicación móvil tiene muchos errores, deberían mejorarla.",Queja
4608,La página web es muy lenta y difícil de usar.,Queja
4609,No responden los correos de atención al cliente.,Queja
4610,Sería útil que agregaran un chat en vivo para consultas rápidas.,Sugerencia
4611,El personal debería recibir más entrenamiento en atención al cliente.,Sugerencia
4612,Deberían ofrecer más descuentos para clientes frecuentes.,Sugerencia
4613,El servicio telefónico es ineficiente y no resuelven dudas.,Queja
4614,El ambiente en la tienda es muy agradable y acogedor.,Sugerencia
4615,La página web es muy lenta y difícil de usar.,Queja
4616,Tuve un problema con mi compra y nadie me ayudó.,Queja
4617,Sería útil que agregaran un chat en vivo para consultas rápidas.,Sugerencia
4618,No responden los correos de atención al cliente.,Queja
4619,Deberían ofrecer más descuentos para clientes frecuentes.,Sugerencia
4620,Deberían ofrecer más descuentos para clientes frecuentes.,Sugerencia
4621,"Me encantó la atención que recibí, fueron muy atentos.",Sugerencia
4622,El producto llegó defectuoso y tardaron en dar solución.,Queja
4623,Sería bueno que ampliaran la cobertura del servicio a más ciudades.,Sugerencia
4624,Tuve un problema con mi compra y nadie me ayudó.,Queja
4625,El personal debería recibir más entrenamiento en atención al cliente.,Sugerencia
4626,El servicio al cliente fue muy lento y poco amable.,Queja
4627,No responden los correos de atención al cliente.,Queja
4628,Podrían mejorar la experiencia en línea con una mejor interfaz.,Sugerencia
4629,El servicio telefónico es ineficiente y no resuelven dudas.,Queja
4630,El producto llegó defectuoso y tardaron en dar solución.,Queja
4631,El producto llegó defectuoso y tardaron en dar solución.,Queja
4632,La página web es muy lenta y difícil de usar.,Queja
4633,Sería bueno que ampliaran la cobertura del servicio a más ciudades.,Sugerencia
4634,Podrían mejorar la experiencia en línea con una mejor interfaz.,Sugerencia
4635,Podrían mejorar la experiencia en línea con una mejor interfaz.,Sugerencia
4636,Podrían ampliar el horario de atención para mayor comodidad.,Sugerencia
4637,"El sistema de turnos no funciona bien, deberían optimizarlo.",Queja
4638,El personal debería recibir más entrenamiento en atención al cliente.,Sugerencia
4639,Podrían mejorar la experiencia en línea con una mejor interfaz.,Sugerencia
4640,No responden los correos de atención al cliente.,Queja
4641,El personal debería recibir más entrenamiento en atención al cliente.,Sugerencia
4642,Sería útil que agregaran un chat en vivo para consultas rápidas.,Sugerencia
4643,Me gustaría que ofrecieran más promociones en productos populares.,Sugerencia
4644,"La aplicación móvil tiene muchos errores, deberían mejorarla.",Queja
4645,"La aplicación móvil tiene muchos errores, deberían mejorarla.",Queja
4646,El ambiente en la tienda es muy agradable y acogedor.,Sugerencia
4647,El servicio al cliente fue muy lento y poco amable.,Queja
4648,Podrían ampliar el horario de atención para mayor comodidad.,Sugerencia
4649,Tuve un problema con mi compra y nadie me ayudó.,Queja
4650,Sería útil que agregaran un chat en vivo para consultas rápidas.,Sugerencia
4651,No me gusta que el personal no esté bien capacitado.,Queja
4652,No responden los correos de atención al cliente.,Queja
4653,La página web es muy lenta y difícil de usar.,Queja
4654,"Los tiempos de espera son excesivos, deberían mejorarlo.",Queja
4655,El personal debería recibir más entrenamiento en atención al cliente.,Sugerencia
4656,Sería genial si agregaran más opciones de pago.,Sugerencia
4657,Sería útil que agregaran un chat en vivo para consultas rápidas.,Sugerencia
4658,El producto llegó defectuoso y tardaron en dar solución.,Queja
4659,Deberían ofrecer más descuentos para clientes frecuentes.,Sugerencia
4660,El ambiente en la tienda es muy agradable y acogedor.,Sugerencia
4661,Me gustaría que ofrecieran más promociones en productos populares.,Sugerencia
4662,Sería útil que agregaran un chat en vivo para consultas rápidas.,Sugerencia
4663,Tuve un problema con mi compra y nadie me ayudó.,Queja
4664,No responden los correos de atención al cliente.,Queja
4665,Tuve un problema con mi compra y nadie me ayudó.,Queja
4666,El producto llegó defectuoso y tardaron en dar solución.,Queja
4667,Podrían mejorar la experiencia en línea con una mejor interfaz.,Sugerencia
4668,No me gusta que el personal no esté bien capacitado.,Queja
4669,El ambiente en la tienda es muy agradable y acogedor.,Sugerencia
4670,Tuve un problema con mi compra y nadie me ayudó.,Queja
4671,El producto llegó defectuoso y tardaron en dar solución.,Queja
4672,Podrían mejorar la experiencia en línea con una mejor interfaz.,Sugerencia
4673,No me gusta que el personal no esté bien capacitado.,Queja
4674,No me gusta que el personal no esté bien capacitado.,Queja
4675,"Me encantó la atención que recibí, fueron muy atentos.",Sugerencia
4676,Podrían ampliar el horario de atención para mayor comodidad.,Sugerencia
4677,Sería genial si agregaran más opciones de pago.,Sugerencia
4678,El personal debería recibir más entrenamiento en atención al cliente.,Sugerencia
4679,La página web es muy lenta y difícil de usar.,Queja
4680,"La aplicación móvil tiene muchos errores, deberían mejorarla.",Queja
4681,La página web es muy lenta y difícil de usar.,Queja
4682,Sería útil que agregaran un chat en vivo para consultas rápidas.,Sugerencia
4683,Podrían mejorar la experiencia en línea con una mejor interfaz.,Sugerencia
4684,El producto llegó defectuoso y tardaron en dar solución.,Queja
4685,Podrían mejorar la experiencia en línea con una mejor interfaz.,Sugerencia
4686,El servicio telefónico es ineficiente y no resuelven dudas.,Queja
4687,Deberían ofrecer más descuentos para clientes frecuentes.,Sugerencia
4688,No me gusta que el personal no esté bien capacitado.,Queja
4689,La página web es muy lenta y difícil de usar.,Queja
4690,"El sistema de turnos no funciona bien, deberían optimizarlo.",Queja
4691,Sería bueno que ampliaran la cobertura del servicio a más ciudades.,Sugerencia
4692,Deberían ofrecer más descuentos para clientes frecuentes.,Sugerencia
4693,Sería útil que agregaran un chat en vivo para consultas rápidas.,Sugerencia
4694,"La aplicación móvil tiene muchos errores, deberían mejorarla.",Queja
4695,"El sistema de turnos no funciona bien, deberían optimizarlo.",Queja
4696,Sería bueno que ampliaran la cobertura del servicio a más ciudades.,Sugerencia
4697,El servicio al cliente fue muy lento y poco amable.,Queja
4698,Podrían mejorar la experiencia en línea con una mejor interfaz.,Sugerencia
4699,Deberían ofrecer más descuentos para clientes frecuentes.,Sugerencia
4700,"El sistema de turnos no funciona bien, deberían optimizarlo.",Queja
4701,Podrían ampliar el horario de atención para mayor comodidad.,Sugerencia
4702,Tuve un problema con mi compra y nadie me ayudó.,Queja
4703,El servicio telefónico es ineficiente y no resuelven dudas.,Queja
4704,El ambiente en la tienda es muy agradable y acogedor.,Sugerencia
4705,Podrían mejorar la experiencia en línea con una mejor interfaz.,Sugerencia
4706,Sería útil que agregaran un chat en vivo para consultas rápidas.,Sugerencia
4707,No responden los correos de atención al cliente.,Queja
4708,Tuve un problema con mi compra y nadie me ayudó.,Queja
4709,"Los tiempos de espera son excesivos, deberían mejorarlo.",Queja
4710,Sería genial si agregaran más opciones de pago.,Sugerencia
4711,Sería genial si agregaran más opciones de pago.,Sugerencia
4712,El personal debería recibir más entrenamiento en atención al cliente.,Sugerencia
4713,Tuve un problema con mi compra y nadie me ayudó.,Queja
4714,Sería genial si agregaran más opciones de pago.,Sugerencia
4715,El producto llegó defectuoso y tardaron en dar solución.,Queja
4716,Sería genial si agregaran más opciones de pago.,Sugerencia
4717,Podrían ampliar el horario de atención para mayor comodidad.,Sugerencia
4718,"El sistema de turnos no funciona bien, deberían optimizarlo.",Queja
4719,Podrían ampliar el horario de atención para mayor comodidad.,Sugerencia
4720,Podrían mejorar la experiencia en línea con una mejor interfaz.,Sugerencia
4721,No responden los correos de atención al cliente.,Queja
4722,El servicio telefónico es ineficiente y no resuelven dudas.,Queja
4723,El ambiente en la tienda es muy agradable y acogedor.,Sugerencia
4724,El servicio al cliente fue muy lento y poco amable.,Queja
4725,Podrían ampliar el horario de atención para mayor comodidad.,Sugerencia
4726,Deberían ofrecer más descuentos para clientes frecuentes.,Sugerencia
4727,Me gustaría que ofrecieran más promociones en productos populares.,Sugerencia
4728,El personal debería recibir más entrenamiento en atención al cliente.,Sugerencia
4729,El producto llegó defectuoso y tardaron en dar solución.,Queja
4730,"El sistema de turnos no funciona bien, deberían optimizarlo.",Queja
4731,"El sistema de turnos no funciona bien, deberían optimizarlo.",Queja
4732,Podrían ampliar el horario de atención para mayor comodidad.,Sugerencia
4733,"Los tiempos de espera son excesivos, deberían mejorarlo.",Queja
4734,Sería bueno que ampliaran la cobertura del servicio a más ciudades.,Sugerencia
4735,"Los tiempos de espera son excesivos, deberían mejorarlo.",Queja
4736,Sería útil que agregaran un chat en vivo para consultas rápidas.,Sugerencia
4737,Podrían mejorar la experiencia en línea con una mejor interfaz.,Sugerencia
4738,Deberían ofrecer más descuentos para clientes frecuentes.,Sugerencia
4739,Sería bueno que ampliaran la cobertura del servicio a más ciudades.,Sugerencia
4740,El personal debería recibir más entrenamiento en atención al cliente.,Sugerencia
4741,Podrían ampliar el horario de atención para mayor comodidad.,Sugerencia
4742,"La aplicación móvil tiene muchos errores, deberían mejorarla.",Queja
4743,"Me encantó la atención que recibí, fueron muy atentos.",Sugerencia
4744,Podrían ampliar el horario de atención para mayor comodidad.,Sugerencia
4745,Podrían ampliar el horario de atención para mayor comodidad.,Sugerencia
4746,Tuve un problema con mi compra y nadie me ayudó.,Queja
4747,Me gustaría que ofrecieran más promociones en productos populares.,Sugerencia
4748,Podrían mejorar la experiencia en línea con una mejor interfaz.,Sugerencia
4749,La página web es muy lenta y difícil de usar.,Queja
4750,"Me encantó la atención que recibí, fueron muy atentos.",Sugerencia
4751,La página web es muy lenta y difícil de usar.,Queja
4752,Sería genial si agregaran más opciones de pago.,Sugerencia
4753,Podrían ampliar el horario de atención para mayor comodidad.,Sugerencia
4754,Podrían mejorar la experiencia en línea con una mejor interfaz.,Sugerencia
4755,Sería bueno que ampliaran la cobertura del servicio a más ciudades.,Sugerencia
4756,El personal debería recibir más entrenamiento en atención al cliente.,Sugerencia
4757,El producto llegó defectuoso y tardaron en dar solución.,Queja
4758,Tuve un problema con mi compra y nadie me ayudó.,Queja
4759,El servicio telefónico es ineficiente y no resuelven dudas.,Queja
4760,El servicio telefónico es ineficiente y no resuelven dudas.,Queja
4761,El personal debería recibir más entrenamiento en atención al cliente.,Sugerencia
4762,La página web es muy lenta y difícil de usar.,Queja
4763,"La aplicación móvil tiene muchos errores, deberían mejorarla.",Queja
4764,No responden los correos de atención al cliente.,Queja
4765,No me gusta que el personal no esté bien capacitado.,Queja
4766,El ambiente en la tienda es muy agradable y acogedor.,Sugerencia
4767,Me gustaría que ofrecieran más promociones en productos populares.,Sugerencia
4768,"El sistema de turnos no funciona bien, deberían optimizarlo.",Queja
4769,No me gusta que el personal no esté bien capacitado.,Queja
4770,El producto llegó defectuoso y tardaron en dar solución.,Queja
4771,No responden los correos de atención al cliente.,Queja
4772,Sería genial si agregaran más opciones de pago.,Sugerencia
4773,"Los tiempos de espera son excesivos, deberían mejorarlo.",Queja
4774,El ambiente en la tienda es muy agradable y acogedor.,Sugerencia
4775,El servicio al cliente fue muy lento y poco amable.,Queja
4776,No me gusta que el personal no esté bien capacitado.,Queja
4777,"El sistema de turnos no funciona bien, deberían optimizarlo.",Queja
4778,Podrían ampliar el horario de atención para mayor comodidad.,Sugerencia
4779,Sería útil que agregaran un chat en vivo para consultas rápidas.,Sugerencia
4780,Podrían ampliar el horario de atención para mayor comodidad.,Sugerencia
4781,Me gustaría que ofrecieran más promociones en productos populares.,Sugerencia
4782,Me gustaría que ofrecieran más promociones en productos populares.,Sugerencia
4783,El producto llegó defectuoso y tardaron en dar solución.,Queja
4784,El servicio al cliente fue muy lento y poco amable.,Queja
4785,"Los tiempos de espera son excesivos, deberían mejorarlo.",Queja
4786,Deberían ofrecer más descuentos para clientes frecuentes.,Sugerencia
4787,"La aplicación móvil tiene muchos errores, deberían mejorarla.",Queja
4788,Sería genial si agregaran más opciones de pago.,Sugerencia
4789,Podrían ampliar el horario de atención para mayor comodidad.,Sugerencia
4790,El servicio al cliente fue muy lento y poco amable.,Queja
4791,El producto llegó defectuoso y tardaron en dar solución.,Queja
4792,"Me encantó la atención que recibí, fueron muy atentos.",Sugerencia
4793,No me gusta que el personal no esté bien capacitado.,Queja
4794,"El sistema de turnos no funciona bien, deberían optimizarlo.",Queja
4795,Sería bueno que ampliaran la cobertura del servicio a más ciudades.,Sugerencia
4796,Tuve un problema con mi compra y nadie me ayudó.,Queja
4797,"Me encantó la atención que recibí, fueron muy atentos.",Sugerencia
4798,El ambiente en la tienda es muy agradable y acogedor.,Sugerencia
4799,La página web es muy lenta y difícil de usar.,Queja
4800,"El sistema de turnos no funciona bien, deberían optimizarlo.",Queja
4801,"Los tiempos de espera son excesivos, deberían mejorarlo.",Queja
4802,"Los tiempos de espera son excesivos, deberían mejorarlo.",Queja
4803,Me gustaría que ofrecieran más promociones en productos populares.,Sugerencia
4804,"El sistema de turnos no funciona bien, deberían optimizarlo.",Queja
4805,Podrían ampliar el horario de atención para mayor comodidad.,Sugerencia
4806,"Los tiempos de espera son excesivos, deberían mejorarlo.",Queja
4807,El servicio telefónico es ineficiente y no resuelven dudas.,Queja
4808,"Me encantó la atención que recibí, fueron muy atentos.",Sugerencia
4809,El ambiente en la tienda es muy agradable y acogedor.,Sugerencia
4810,El ambiente en la tienda es muy agradable y acogedor.,Sugerencia
4811,No responden los correos de atención al cliente.,Queja
4812,No responden los correos de atención al cliente.,Queja
4813,Podrían mejorar la experiencia en línea con una mejor interfaz.,Sugerencia
4814,Me gustaría que ofrecieran más promociones en productos populares.,Sugerencia
4815,La página web es muy lenta y difícil de usar.,Queja
4816,No me gusta que el personal no esté bien capacitado.,Queja
4817,El producto llegó defectuoso y tardaron en dar solución.,Queja
4818,No me gusta que el personal no esté bien capacitado.,Queja
4819,"El sistema de turnos no funciona bien, deberían optimizarlo.",Queja
4820,El personal debería recibir más entrenamiento en atención al cliente.,Sugerencia
4821,"Me encantó la atención que recibí, fueron muy atentos.",Sugerencia
4822,"Los tiempos de espera son excesivos, deberían mejorarlo.",Queja
4823,El servicio al cliente fue muy lento y poco amable.,Queja
4824,"La aplicación móvil tiene muchos errores, deberían mejorarla.",Queja
4825,No me gusta que el personal no esté bien capacitado.,Queja
4826,Podrían mejorar la experiencia en línea con una mejor interfaz.,Sugerencia
4827,Podrían ampliar el horario de atención para mayor comodidad.,Sugerencia
4828,El ambiente en la tienda es muy agradable y acogedor.,Sugerencia
4829,La página web es muy lenta y difícil de usar.,Queja
4830,Podrían mejorar la experiencia en línea con una mejor interfaz.,Sugerencia
4831,Sería genial si agregaran más opciones de pago.,Sugerencia
4832,Sería genial si agregaran más opciones de pago.,Sugerencia
4833,Podrían ampliar el horario de atención para mayor comodidad.,Sugerencia
4834,"Me encantó la atención que recibí, fueron muy atentos.",Sugerencia
4835,"Me encantó la atención que recibí, fueron muy atentos.",Sugerencia
4836,"La aplicación móvil tiene muchos errores, deberían mejorarla.",Queja
4837,Sería útil que agregaran un chat en vivo para consultas rápidas.,Sugerencia
4838,La página web es muy lenta y difícil de usar.,Queja
4839,"Me encantó la atención que recibí, fueron muy atentos.",Sugerencia
4840,El servicio al cliente fue muy lento y poco amable.,Queja
4841,Sería útil que agregaran un chat en vivo para consultas rápidas.,Sugerencia
4842,La página web es muy lenta y difícil de usar.,Queja
4843,Deberían ofrecer más descuentos para clientes frecuentes.,Sugerencia
4844,"Los tiempos de espera son excesivos, deberían mejorarlo.",Queja
4845,"El sistema de turnos no funciona bien, deberían optimizarlo.",Queja
4846,El servicio telefónico es ineficiente y no resuelven dudas.,Queja
4847,Sería útil que agregaran un chat en vivo para consultas rápidas.,Sugerencia
4848,"Los tiempos de espera son excesivos, deberían mejorarlo.",Queja
4849,"Los tiempos de espera son excesivos, deberían mejorarlo.",Queja
4850,Sería genial si agregaran más opciones de pago.,Sugerencia
4851,El ambiente en la tienda es muy agradable y acogedor.,Sugerencia
4852,Tuve un problema con mi compra y nadie me ayudó.,Queja
4853,El personal debería recibir más entrenamiento en atención al cliente.,Sugerencia
4854,Sería bueno que ampliaran la cobertura del servicio a más ciudades.,Sugerencia
4855,Sería genial si agregaran más opciones de pago.,Sugerencia
4856,Podrían ampliar el horario de atención para mayor comodidad.,Sugerencia
4857,Tuve un problema con mi compra y nadie me ayudó.,Queja
4858,Sería bueno que ampliaran la cobertura del servicio a más ciudades.,Sugerencia
4859,El producto llegó defectuoso y tardaron en dar solución.,Queja
4860,"Me encantó la atención que recibí, fueron muy atentos.",Sugerencia
4861,Sería bueno que ampliaran la cobertura del servicio a más ciudades.,Sugerencia
4862,Podrían mejorar la experiencia en línea con una mejor interfaz.,Sugerencia
4863,El personal debería recibir más entrenamiento en atención al cliente.,Sugerencia
4864,El servicio telefónico es ineficiente y no resuelven dudas.,Queja
4865,Tuve un problema con mi compra y nadie me ayudó.,Queja
4866,El servicio al cliente fue muy lento y poco amable.,Queja
4867,Sería genial si agregaran más opciones de pago.,Sugerencia
4868,"Me encantó la atención que recibí, fueron muy atentos.",Sugerencia
4869,Sería bueno que ampliaran la cobertura del servicio a más ciudades.,Sugerencia
4870,El producto llegó defectuoso y tardaron en dar solución.,Queja
4871,La página web es muy lenta y difícil de usar.,Queja
4872,Me gustaría que ofrecieran más promociones en productos populares.,Sugerencia
4873,No responden los correos de atención al cliente.,Queja
4874,El personal debería recibir más entrenamiento en atención al cliente.,Sugerencia
4875,Sería bueno que ampliaran la cobertura del servicio a más ciudades.,Sugerencia
4876,El servicio al cliente fue muy lento y poco amable.,Queja
4877,La página web es muy lenta y difícil de usar.,Queja
4878,Podrían mejorar la experiencia en línea con una mejor interfaz.,Sugerencia
4879,Podrían ampliar el horario de atención para mayor comodidad.,Sugerencia
4880,Me gustaría que ofrecieran más promociones en productos populares.,Sugerencia
4881,La página web es muy lenta y difícil de usar.,Queja
4882,El servicio telefónico es ineficiente y no resuelven dudas.,Queja
4883,No responden los correos de atención al cliente.,Queja
4884,"La aplicación móvil tiene muchos errores, deberían mejorarla.",Queja
4885,No responden los correos de atención al cliente.,Queja
4886,Deberían ofrecer más descuentos para clientes frecuentes.,Sugerencia
4887,No me gusta que el personal no esté bien capacitado.,Queja
4888,El personal debería recibir más entrenamiento en atención al cliente.,Sugerencia
4889,Sería genial si agregaran más opciones de pago.,Sugerencia
4890,Sería genial si agregaran más opciones de pago.,Sugerencia
4891,El servicio telefónico es ineficiente y no resuelven dudas.,Queja
4892,El producto llegó defectuoso y tardaron en dar solución.,Queja
4893,Tuve un problema con mi compra y nadie me ayudó.,Queja
4894,El servicio telefónico es ineficiente y no resuelven dudas.,Queja
4895,Me gustaría que ofrecieran más promociones en productos populares.,Sugerencia
4896,El servicio telefónico es ineficiente y no resuelven dudas.,Queja
4897,Sería bueno que ampliaran la cobertura del servicio a más ciudades.,Sugerencia
4898,La página web es muy lenta y difícil de usar.,Queja
4899,La página web es muy lenta y difícil de usar.,Queja
4900,El servicio telefónico es ineficiente y no resuelven dudas.,Queja
4901,El producto llegó defectuoso y tardaron en dar solución.,Queja
4902,El producto llegó defectuoso y tardaron en dar solución.,Queja
4903,El producto llegó defectuoso y tardaron en dar solución.,Queja
4904,"Los tiempos de espera son excesivos, deberían mejorarlo.",Queja
4905,"El sistema de turnos no funciona bien, deberían optimizarlo.",Queja
4906,Podrían ampliar el horario de atención para mayor comodidad.,Sugerencia
4907,Deberían ofrecer más descuentos para clientes frecuentes.,Sugerencia
4908,"Los tiempos de espera son excesivos, deberían mejorarlo.",Queja
4909,Podrían mejorar la experiencia en línea con una mejor interfaz.,Sugerencia
4910,No me gusta que el personal no esté bien capacitado.,Queja
4911,"El sistema de turnos no funciona bien, deberían optimizarlo.",Queja
4912,"Me encantó la atención que recibí, fueron muy atentos.",Sugerencia
4913,Tuve un problema con mi compra y nadie me ayudó.,Queja
4914,Deberían ofrecer más descuentos para clientes frecuentes.,Sugerencia
4915,Sería bueno que ampliaran la cobertura del servicio a más ciudades.,Sugerencia
4916,"Los tiempos de espera son excesivos, deberían mejorarlo.",Queja
4917,Deberían ofrecer más descuentos para clientes frecuentes.,Sugerencia
4918,Podrían ampliar el horario de atención para mayor comodidad.,Sugerencia
4919,"La aplicación móvil tiene muchos errores, deberían mejorarla.",Queja
4920,Me gustaría que ofrecieran más promociones en productos populares.,Sugerencia
4921,Tuve un problema con mi compra y nadie me ayudó.,Queja
4922,"Los tiempos de espera son excesivos, deberían mejorarlo.",Queja
4923,Me gustaría que ofrecieran más promociones en productos populares.,Sugerencia
4924,No responden los correos de atención al cliente.,Queja
4925,"La aplicación móvil tiene muchos errores, deberían mejorarla.",Queja
4926,No responden los correos de atención al cliente.,Queja
4927,"El sistema de turnos no funciona bien, deberían optimizarlo.",Queja
4928,Sería útil que agregaran un chat en vivo para consultas rápidas.,Sugerencia
4929,"La aplicación móvil tiene muchos errores, deberían mejorarla.",Queja
4930,Podrían ampliar el horario de atención para mayor comodidad.,Sugerencia
4931,La página web es muy lenta y difícil de usar.,Queja
4932,No responden los correos de atención al cliente.,Queja
4933,El personal debería recibir más entrenamiento en atención al cliente.,Sugerencia
4934,Sería útil que agregaran un chat en vivo para consultas rápidas.,Sugerencia
4935,Podrían ampliar el horario de atención para mayor comodidad.,Sugerencia
4936,El personal debería recibir más entrenamiento en atención al cliente.,Sugerencia
4937,"La aplicación móvil tiene muchos errores, deberían mejorarla.",Queja
4938,La página web es muy lenta y difícil de usar.,Queja
4939,Deberían ofrecer más descuentos para clientes frecuentes.,Sugerencia
4940,"La aplicación móvil tiene muchos errores, deberían mejorarla.",Queja
4941,"El sistema de turnos no funciona bien, deberían optimizarlo.",Queja
4942,La página web es muy lenta y difícil de usar.,Queja
4943,Podrían mejorar la experiencia en línea con una mejor interfaz.,Sugerencia
4944,"La aplicación móvil tiene muchos errores, deberían mejorarla.",Queja
4945,Podrían mejorar la experiencia en línea con una mejor interfaz.,Sugerencia
4946,No me gusta que el personal no esté bien capacitado.,Queja
4947,El servicio telefónico es ineficiente y no resuelven dudas.,Queja
4948,El servicio al cliente fue muy lento y poco amable.,Queja
4949,La página web es muy lenta y difícil de usar.,Queja
4950,El servicio telefónico es ineficiente y no resuelven dudas.,Queja
4951,"El sistema de turnos no funciona bien, deberían optimizarlo.",Queja
4952,El servicio al cliente fue muy lento y poco amable.,Queja
4953,Me gustaría que ofrecieran más promociones en productos populares.,Sugerencia
4954,Me gustaría que ofrecieran más promociones en productos populares.,Sugerencia
4955,"Me encantó la atención que recibí, fueron muy atentos.",Sugerencia
4956,El servicio al cliente fue muy lento y poco amable.,Queja
4957,No me gusta que el personal no esté bien capacitado.,Queja
4958,No responden los correos de atención al cliente.,Queja
4959,El producto llegó defectuoso y tardaron en dar solución.,Queja
4960,El personal debería recibir más entrenamiento en atención al cliente.,Sugerencia
4961,Sería útil que agregaran un chat en vivo para consultas rápidas.,Sugerencia
4962,Sería útil que agregaran un chat en vivo para consultas rápidas.,Sugerencia
4963,No me gusta que el personal no esté bien capacitado.,Queja
4964,El servicio telefónico es ineficiente y no resuelven dudas.,Queja
4965,No responden los correos de atención al cliente.,Queja
4966,La página web es muy lenta y difícil de usar.,Queja
4967,El personal debería recibir más entrenamiento en atención al cliente.,Sugerencia
4968,El servicio al cliente fue muy lento y poco amable.,Queja
4969,Me gustaría que ofrecieran más promociones en productos populares.,Sugerencia
4970,Podrían mejorar la experiencia en línea con una mejor interfaz.,Sugerencia
4971,Deberían ofrecer más descuentos para clientes frecuentes.,Sugerencia
4972,El personal debería recibir más entrenamiento en atención al cliente.,Sugerencia
4973,El servicio telefónico es ineficiente y no resuelven dudas.,Queja
4974,Sería bueno que ampliaran la cobertura del servicio a más ciudades.,Sugerencia
4975,Podrían ampliar el horario de atención para mayor comodidad.,Sugerencia
4976,"La aplicación móvil tiene muchos errores, deberían mejorarla.",Queja
4977,El producto llegó defectuoso y tardaron en dar solución.,Queja
4978,"El sistema de turnos no funciona bien, deberían optimizarlo.",Queja
4979,"El sistema de turnos no funciona bien, deberían optimizarlo.",Queja
4980,El ambiente en la tienda es muy agradable y acogedor.,Sugerencia
4981,"Los tiempos de espera son excesivos, deberían mejorarlo.",Queja
4982,Me gustaría que ofrecieran más promociones en productos populares.,Sugerencia
4983,"El sistema de turnos no funciona bien, deberían optimizarlo.",Queja
4984,El servicio al cliente fue muy lento y poco amable.,Queja
4985,Podrían ampliar el horario de atención para mayor comodidad.,Sugerencia
4986,"La aplicación móvil tiene muchos errores, deberían mejorarla.",Queja
4987,No responden los correos de atención al cliente.,Queja
4988,Sería genial si agregaran más opciones de pago.,Sugerencia
4989,El personal debería recibir más entrenamiento en atención al cliente.,Sugerencia
4990,El servicio telefónico es ineficiente y no resuelven dudas.,Queja
4991,Me gustaría que ofrecieran más promociones en productos populares.,Sugerencia
4992,"Los tiempos de espera son excesivos, deberían mejorarlo.",Queja
4993,Sería útil que agregaran un chat en vivo para consultas rápidas.,Sugerencia
4994,El servicio al cliente fue muy lento y poco amable.,Queja
4995,"Los tiempos de espera son excesivos, deberían mejorarlo.",Queja
4996,No responden los correos de atención al cliente.,Queja
4997,El personal debería recibir más entrenamiento en atención al cliente.,Sugerencia
4998,Podrían ampliar el horario de atención para mayor comodidad.,Sugerencia
4999,Sería bueno que ampliaran la cobertura del servicio a más ciudades.,Sugerencia
5000,No responden los correos de atención al cliente.,Queja
5001,"Los tiempos de espera son excesivos, deberían mejorarlo.",Queja
5002,El personal debería recibir más entrenamiento en atención al cliente.,Sugerencia
5003,Sería útil que agregaran un chat en vivo para consultas rápidas.,Sugerencia
5004,"El sistema de turnos no funciona bien, deberían optimizarlo.",Queja
5005,"Los tiempos de espera son excesivos, deberían mejorarlo.",Queja
5006,No me gusta que el personal no esté bien capacitado.,Queja
5007,Tuve un problema con mi compra y nadie me ayudó.,Queja
5008,La página web es muy lenta y difícil de usar.,Queja
5009,Me gustaría que ofrecieran más promociones en productos populares.,Sugerencia
5010,Sería bueno que ampliaran la cobertura del servicio a más ciudades.,Sugerencia
5011,No responden los correos de atención al cliente.,Queja
5012,Sería útil que agregaran un chat en vivo para consultas rápidas.,Sugerencia
5013,El personal debería recibir más entrenamiento en atención al cliente.,Sugerencia
5014,"Me encantó la atención que recibí, fueron muy atentos.",Sugerencia
5015,El servicio telefónico es ineficiente y no resuelven dudas.,Queja
5016,Sería útil que agregaran un chat en vivo para consultas rápidas.,Sugerencia
5017,La página web es muy lenta y difícil de usar.,Queja
5018,Podrían ampliar el horario de atención para mayor comodidad.,Sugerencia
5019,Podrían ampliar el horario de atención para mayor comodidad.,Sugerencia
5020,"El sistema de turnos no funciona bien, deberían optimizarlo.",Queja
5021,El ambiente en la tienda es muy agradable y acogedor.,Sugerencia
5022,"El sistema de turnos no funciona bien, deberían optimizarlo.",Queja
5023,No me gusta que el personal no esté bien capacitado.,Queja
5024,Sería útil que agregaran un chat en vivo para consultas rápidas.,Sugerencia
5025,Sería bueno que ampliaran la cobertura del servicio a más ciudades.,Sugerencia
5026,"El sistema de turnos no funciona bien, deberían optimizarlo.",Queja
5027,La página web es muy lenta y difícil de usar.,Queja
5028,Sería bueno que ampliaran la cobertura del servicio a más ciudades.,Sugerencia
5029,Podrían mejorar la experiencia en línea con una mejor interfaz.,Sugerencia
5030,El servicio telefónico es ineficiente y no resuelven dudas.,Queja
5031,"Me encantó la atención que recibí, fueron muy atentos.",Sugerencia
5032,"Me encantó la atención que recibí, fueron muy atentos.",Sugerencia
5033,No responden los correos de atención al cliente.,Queja
5034,La página web es muy lenta y difícil de usar.,Queja
5035,El ambiente en la tienda es muy agradable y acogedor.,Sugerencia
5036,Sería bueno que ampliaran la cobertura del servicio a más ciudades.,Sugerencia
5037,El producto llegó defectuoso y tardaron en dar solución.,Queja
5038,Podrían ampliar el horario de atención para mayor comodidad.,Sugerencia
5039,El servicio telefónico es ineficiente y no resuelven dudas.,Queja
5040,Podrían mejorar la experiencia en línea con una mejor interfaz.,Sugerencia
5041,El producto llegó defectuoso y tardaron en dar solución.,Queja
5042,La página web es muy lenta y difícil de usar.,Queja
5043,"Me encantó la atención que recibí, fueron muy atentos.",Sugerencia
5044,El personal debería recibir más entrenamiento en atención al cliente.,Sugerencia
5045,"Los tiempos de espera son excesivos, deberían mejorarlo.",Queja
5046,La página web es muy lenta y difícil de usar.,Queja
5047,El ambiente en la tienda es muy agradable y acogedor.,Sugerencia
5048,No me gusta que el personal no esté bien capacitado.,Queja
5049,"La aplicación móvil tiene muchos errores, deberían mejorarla.",Queja
5050,No responden los correos de atención al cliente.,Queja
5051,"Me encantó la atención que recibí, fueron muy atentos.",Sugerencia
5052,El producto llegó defectuoso y tardaron en dar solución.,Queja
5053,El producto llegó defectuoso y tardaron en dar solución.,Queja
5054,"Me encantó la atención que recibí, fueron muy atentos.",Sugerencia
5055,El producto llegó defectuoso y tardaron en dar solución.,Queja
5056,Tuve un problema con mi compra y nadie me ayudó.,Queja
5057,El servicio telefónico es ineficiente y no resuelven dudas.,Queja
5058,El ambiente en la tienda es muy agradable y acogedor.,Sugerencia
5059,El ambiente en la tienda es muy agradable y acogedor.,Sugerencia
5060,El personal debería recibir más entrenamiento en atención al cliente.,Sugerencia
5061,El ambiente en la tienda es muy agradable y acogedor.,Sugerencia
5062,El producto llegó defectuoso y tardaron en dar solución.,Queja
5063,Sería bueno que ampliaran la cobertura del servicio a más ciudades.,Sugerencia
5064,No me gusta que el personal no esté bien capacitado.,Queja
5065,El producto llegó defectuoso y tardaron en dar solución.,Queja
5066,El personal debería recibir más entrenamiento en atención al cliente.,Sugerencia
5067,"La aplicación móvil tiene muchos errores, deberían mejorarla.",Queja
5068,"La aplicación móvil tiene muchos errores, deberían mejorarla.",Queja
5069,El personal debería recibir más entrenamiento en atención al cliente.,Sugerencia
5070,Sería útil que agregaran un chat en vivo para consultas rápidas.,Sugerencia
5071,"El sistema de turnos no funciona bien, deberían optimizarlo.",Queja
5072,El personal debería recibir más entrenamiento en atención al cliente.,Sugerencia
5073,El producto llegó defectuoso y tardaron en dar solución.,Queja
5074,El personal debería recibir más entrenamiento en atención al cliente.,Sugerencia
5075,El servicio telefónico es ineficiente y no resuelven dudas.,Queja
5076,Sería bueno que ampliaran la cobertura del servicio a más ciudades.,Sugerencia
5077,El personal debería recibir más entrenamiento en atención al cliente.,Sugerencia
5078,Tuve un problema con mi compra y nadie me ayudó.,Queja
5079,No me gusta que el personal no esté bien capacitado.,Queja
5080,Me gustaría que ofrecieran más promociones en productos populares.,Sugerencia
5081,Deberían ofrecer más descuentos para clientes frecuentes.,Sugerencia
5082,"Me encantó la atención que recibí, fueron muy atentos.",Sugerencia
5083,El personal debería recibir más entrenamiento en atención al cliente.,Sugerencia
5084,Sería bueno que ampliaran la cobertura del servicio a más ciudades.,Sugerencia
5085,Tuve un problema con mi compra y nadie me ayudó.,Queja
5086,Sería bueno que ampliaran la cobertura del servicio a más ciudades.,Sugerencia
5087,"Los tiempos de espera son excesivos, deberían mejorarlo.",Queja
5088,Sería bueno que ampliaran la cobertura del servicio a más ciudades.,Sugerencia
5089,"La aplicación móvil tiene muchos errores, deberían mejorarla.",Queja
5090,"Los tiempos de espera son excesivos, deberían mejorarlo.",Queja
5091,No me gusta que el personal no esté bien capacitado.,Queja
5092,No responden los correos de atención al cliente.,Queja
5093,El ambiente en la tienda es muy agradable y acogedor.,Sugerencia
5094,Deberían ofrecer más descuentos para clientes frecuentes.,Sugerencia
5095,Podrían mejorar la experiencia en línea con una mejor interfaz.,Sugerencia
5096,El servicio telefónico es ineficiente y no resuelven dudas.,Queja
5097,"El sistema de turnos no funciona bien, deberían optimizarlo.",Queja
5098,El producto llegó defectuoso y tardaron en dar solución.,Queja
5099,No me gusta que el personal no esté bien capacitado.,Queja
5100,El personal debería recibir más entrenamiento en atención al cliente.,Sugerencia
5101,No me gusta que el personal no esté bien capacitado.,Queja
5102,"Los tiempos de espera son excesivos, deberían mejorarlo.",Queja
5103,El personal debería recibir más entrenamiento en atención al cliente.,Sugerencia
5104,El servicio telefónico es ineficiente y no resuelven dudas.,Queja
5105,Sería bueno que ampliaran la cobertura del servicio a más ciudades.,Sugerencia
5106,Podrían ampliar el horario de atención para mayor comodidad.,Sugerencia
5107,El ambiente en la tienda es muy agradable y acogedor.,Sugerencia
5108,El servicio telefónico es ineficiente y no resuelven dudas.,Queja
5109,Sería útil que agregaran un chat en vivo para consultas rápidas.,Sugerencia
5110,El producto llegó defectuoso y tardaron en dar solución.,Queja
5111,Sería útil que agregaran un chat en vivo para consultas rápidas.,Sugerencia
5112,No me gusta que el personal no esté bien capacitado.,Queja
5113,Deberían ofrecer más descuentos para clientes frecuentes.,Sugerencia
5114,No me gusta que el personal no esté bien capacitado.,Queja
5115,Sería útil que agregaran un chat en vivo para consultas rápidas.,Sugerencia
5116,"Me encantó la atención que recibí, fueron muy atentos.",Sugerencia
5117,"Me encantó la atención que recibí, fueron muy atentos.",Sugerencia
5118,Podrían ampliar el horario de atención para mayor comodidad.,Sugerencia
5119,"Los tiempos de espera son excesivos, deberían mejorarlo.",Queja
5120,"El sistema de turnos no funciona bien, deberían optimizarlo.",Queja
5121,Deberían ofrecer más descuentos para clientes frecuentes.,Sugerencia
5122,Podrían ampliar el horario de atención para mayor comodidad.,Sugerencia
5123,Sería útil que agregaran un chat en vivo para consultas rápidas.,Sugerencia
5124,El ambiente en la tienda es muy agradable y acogedor.,Sugerencia
5125,"El sistema de turnos no funciona bien, deberían optimizarlo.",Queja
5126,"Me encantó la atención que recibí, fueron muy atentos.",Sugerencia
5127,"La aplicación móvil tiene muchos errores, deberían mejorarla.",Queja
5128,Sería útil que agregaran un chat en vivo para consultas rápidas.,Sugerencia
5129,El servicio al cliente fue muy lento y poco amable.,Queja
5130,Podrían mejorar la experiencia en línea con una mejor interfaz.,Sugerencia
5131,La página web es muy lenta y difícil de usar.,Queja
5132,Me gustaría que ofrecieran más promociones en productos populares.,Sugerencia
5133,No responden los correos de atención al cliente.,Queja
5134,El producto llegó defectuoso y tardaron en dar solución.,Queja
5135,Sería útil que agregaran un chat en vivo para consultas rápidas.,Sugerencia
5136,No me gusta que el personal no esté bien capacitado.,Queja
5137,El servicio al cliente fue muy lento y poco amable.,Queja
5138,Sería genial si agregaran más opciones de pago.,Sugerencia
5139,Sería genial si agregaran más opciones de pago.,Sugerencia
5140,Me gustaría que ofrecieran más promociones en productos populares.,Sugerencia
5141,Sería genial si agregaran más opciones de pago.,Sugerencia
5142,Podrían ampliar el horario de atención para mayor comodidad.,Sugerencia
5143,Tuve un problema con mi compra y nadie me ayudó.,Queja
5144,Podrían ampliar el horario de atención para mayor comodidad.,Sugerencia
5145,El servicio telefónico es ineficiente y no resuelven dudas.,Queja
5146,Podrían mejorar la experiencia en línea con una mejor interfaz.,Sugerencia
5147,Sería bueno que ampliaran la cobertura del servicio a más ciudades.,Sugerencia
5148,Podrían mejorar la experiencia en línea con una mejor interfaz.,Sugerencia
5149,Sería genial si agregaran más opciones de pago.,Sugerencia
5150,"Me encantó la atención que recibí, fueron muy atentos.",Sugerencia
5151,La página web es muy lenta y difícil de usar.,Queja
5152,El servicio al cliente fue muy lento y poco amable.,Queja
5153,Me gustaría que ofrecieran más promociones en productos populares.,Sugerencia
5154,La página web es muy lenta y difícil de usar.,Queja
5155,La página web es muy lenta y difícil de usar.,Queja
5156,"Los tiempos de espera son excesivos, deberían mejorarlo.",Queja
5157,Deberían ofrecer más descuentos para clientes frecuentes.,Sugerencia
5158,El servicio telefónico es ineficiente y no resuelven dudas.,Queja
5159,No me gusta que el personal no esté bien capacitado.,Queja
5160,"Me encantó la atención que recibí, fueron muy atentos.",Sugerencia
5161,Me gustaría que ofrecieran más promociones en productos populares.,Sugerencia
5162,"Los tiempos de espera son excesivos, deberían mejorarlo.",Queja
5163,El servicio telefónico es ineficiente y no resuelven dudas.,Queja
5164,Sería genial si agregaran más opciones de pago.,Sugerencia
5165,Podrían mejorar la experiencia en línea con una mejor interfaz.,Sugerencia
5166,El producto llegó defectuoso y tardaron en dar solución.,Queja
5167,"Los tiempos de espera son excesivos, deberían mejorarlo.",Queja
5168,Sería útil que agregaran un chat en vivo para consultas rápidas.,Sugerencia
5169,"Me encantó la atención que recibí, fueron muy atentos.",Sugerencia
5170,Deberían ofrecer más descuentos para clientes frecuentes.,Sugerencia
5171,No me gusta que el personal no esté bien capacitado.,Queja
5172,La página web es muy lenta y difícil de usar.,Queja
5173,El servicio telefónico es ineficiente y no resuelven dudas.,Queja
5174,El servicio telefónico es ineficiente y no resuelven dudas.,Queja
5175,Me gustaría que ofrecieran más promociones en productos populares.,Sugerencia
5176,"La aplicación móvil tiene muchos errores, deberían mejorarla.",Queja
5177,El servicio al cliente fue muy lento y poco amable.,Queja
5178,Sería útil que agregaran un chat en vivo para consultas rápidas.,Sugerencia
5179,La página web es muy lenta y difícil de usar.,Queja
5180,El servicio telefónico es ineficiente y no resuelven dudas.,Queja
5181,Sería bueno que ampliaran la cobertura del servicio a más ciudades.,Sugerencia
5182,"Los tiempos de espera son excesivos, deberían mejorarlo.",Queja
5183,El ambiente en la tienda es muy agradable y acogedor.,Sugerencia
5184,"La aplicación móvil tiene muchos errores, deberían mejorarla.",Queja
5185,Me gustaría que ofrecieran más promociones en productos populares.,Sugerencia
5186,La página web es muy lenta y difícil de usar.,Queja
5187,Sería genial si agregaran más opciones de pago.,Sugerencia
5188,El servicio al cliente fue muy lento y poco amable.,Queja
5189,El servicio telefónico es ineficiente y no resuelven dudas.,Queja
5190,El servicio al cliente fue muy lento y poco amable.,Queja
5191,Me gustaría que ofrecieran más promociones en productos populares.,Sugerencia
5192,Sería bueno que ampliaran la cobertura del servicio a más ciudades.,Sugerencia
5193,El producto llegó defectuoso y tardaron en dar solución.,Queja
5194,Deberían ofrecer más descuentos para clientes frecuentes.,Sugerencia
5195,No me gusta que el personal no esté bien capacitado.,Queja
5196,La página web es muy lenta y difícil de usar.,Queja
5197,Me gustaría que ofrecieran más promociones en productos populares.,Sugerencia
5198,Sería útil que agregaran un chat en vivo para consultas rápidas.,Sugerencia
5199,Deberían ofrecer más descuentos para clientes frecuentes.,Sugerencia
5200,Deberían ofrecer más descuentos para clientes frecuentes.,Sugerencia
5201,No responden los correos de atención al cliente.,Queja
5202,Tuve un problema con mi compra y nadie me ayudó.,Queja
5203,Me gustaría que ofrecieran más promociones en productos populares.,Sugerencia
5204,Tuve un problema con mi compra y nadie me ayudó.,Queja
5205,No responden los correos de atención al cliente.,Queja
5206,Deberían ofrecer más descuentos para clientes frecuentes.,Sugerencia
5207,Podrían mejorar la experiencia en línea con una mejor interfaz.,Sugerencia
5208,No responden los correos de atención al cliente.,Queja
5209,La página web es muy lenta y difícil de usar.,Queja
5210,Podrían ampliar el horario de atención para mayor comodidad.,Sugerencia
5211,Tuve un problema con mi compra y nadie me ayudó.,Queja
5212,No me gusta que el personal no esté bien capacitado.,Queja
5213,"Los tiempos de espera son excesivos, deberían mejorarlo.",Queja
5214,El servicio al cliente fue muy lento y poco amable.,Queja
5215,"La aplicación móvil tiene muchos errores, deberían mejorarla.",Queja
5216,El servicio telefónico es ineficiente y no resuelven dudas.,Queja
5217,Podrían ampliar el horario de atención para mayor comodidad.,Sugerencia
5218,El servicio telefónico es ineficiente y no resuelven dudas.,Queja
5219,El servicio al cliente fue muy lento y poco amable.,Queja
5220,"Los tiempos de espera son excesivos, deberían mejorarlo.",Queja
5221,"Los tiempos de espera son excesivos, deberían mejorarlo.",Queja
5222,El servicio al cliente fue muy lento y poco amable.,Queja
5223,"Me encantó la atención que recibí, fueron muy atentos.",Sugerencia
5224,El producto llegó defectuoso y tardaron en dar solución.,Queja
5225,Sería genial si agregaran más opciones de pago.,Sugerencia
5226,El servicio al cliente fue muy lento y poco amable.,Queja
5227,"La aplicación móvil tiene muchos errores, deberían mejorarla.",Queja
5228,El producto llegó defectuoso y tardaron en dar solución.,Queja
5229,"Me encantó la atención que recibí, fueron muy atentos.",Sugerencia
5230,El producto llegó defectuoso y tardaron en dar solución.,Queja
5231,Sería útil que agregaran un chat en vivo para consultas rápidas.,Sugerencia
5232,Sería genial si agregaran más opciones de pago.,Sugerencia
5233,El ambiente en la tienda es muy agradable y acogedor.,Sugerencia
5234,Tuve un problema con mi compra y nadie me ayudó.,Queja
5235,No me gusta que el personal no esté bien capacitado.,Queja
5236,Sería útil que agregaran un chat en vivo para consultas rápidas.,Sugerencia
5237,El ambiente en la tienda es muy agradable y acogedor.,Sugerencia
5238,Podrían ampliar el horario de atención para mayor comodidad.,Sugerencia
5239,El servicio telefónico es ineficiente y no resuelven dudas.,Queja
5240,"Los tiempos de espera son excesivos, deberían mejorarlo.",Queja
5241,Sería genial si agregaran más opciones de pago.,Sugerencia
5242,No responden los correos de atención al cliente.,Queja
5243,El producto llegó defectuoso y tardaron en dar solución.,Queja
5244,Sería útil que agregaran un chat en vivo para consultas rápidas.,Sugerencia
5245,Sería útil que agregaran un chat en vivo para consultas rápidas.,Sugerencia
5246,Podrían mejorar la experiencia en línea con una mejor interfaz.,Sugerencia
5247,El servicio al cliente fue muy lento y poco amable.,Queja
5248,No responden los correos de atención al cliente.,Queja
5249,Deberían ofrecer más descuentos para clientes frecuentes.,Sugerencia
5250,El servicio telefónico es ineficiente y no resuelven dudas.,Queja
5251,No me gusta que el personal no esté bien capacitado.,Queja
5252,No responden los correos de atención al cliente.,Queja
5253,"Me encantó la atención que recibí, fueron muy atentos.",Sugerencia
5254,La página web es muy lenta y difícil de usar.,Queja
5255,"Me encantó la atención que recibí, fueron muy atentos.",Sugerencia
5256,"La aplicación móvil tiene muchos errores, deberían mejorarla.",Queja
5257,"La aplicación móvil tiene muchos errores, deberían mejorarla.",Queja
5258,La página web es muy lenta y difícil de usar.,Queja
5259,El personal debería recibir más entrenamiento en atención al cliente.,Sugerencia
5260,El personal debería recibir más entrenamiento en atención al cliente.,Sugerencia
5261,Podrían mejorar la experiencia en línea con una mejor interfaz.,Sugerencia
5262,El producto llegó defectuoso y tardaron en dar solución.,Queja
5263,No responden los correos de atención al cliente.,Queja
5264,Sería bueno que ampliaran la cobertura del servicio a más ciudades.,Sugerencia
5265,Podrían ampliar el horario de atención para mayor comodidad.,Sugerencia
5266,"La aplicación móvil tiene muchos errores, deberían mejorarla.",Queja
5267,El servicio telefónico es ineficiente y no resuelven dudas.,Queja
5268,No me gusta que el personal no esté bien capacitado.,Queja
5269,Sería útil que agregaran un chat en vivo para consultas rápidas.,Sugerencia
5270,El personal debería recibir más entrenamiento en atención al cliente.,Sugerencia
5271,No responden los correos de atención al cliente.,Queja
5272,Sería útil que agregaran un chat en vivo para consultas rápidas.,Sugerencia
5273,El servicio telefónico es ineficiente y no resuelven dudas.,Queja
5274,Podrían mejorar la experiencia en línea con una mejor interfaz.,Sugerencia
5275,La página web es muy lenta y difícil de usar.,Queja
5276,Me gustaría que ofrecieran más promociones en productos populares.,Sugerencia
5277,No responden los correos de atención al cliente.,Queja
5278,"El sistema de turnos no funciona bien, deberían optimizarlo.",Queja
5279,Podrían ampliar el horario de atención para mayor comodidad.,Sugerencia
5280,"Los tiempos de espera son excesivos, deberían mejorarlo.",Queja
5281,No responden los correos de atención al cliente.,Queja
5282,Sería útil que agregaran un chat en vivo para consultas rápidas.,Sugerencia
5283,"Me encantó la atención que recibí, fueron muy atentos.",Sugerencia
5284,Sería útil que agregaran un chat en vivo para consultas rápidas.,Sugerencia
5285,"El sistema de turnos no funciona bien, deberían optimizarlo.",Queja
5286,El ambiente en la tienda es muy agradable y acogedor.,Sugerencia
5287,No me gusta que el personal no esté bien capacitado.,Queja
5288,Deberían ofrecer más descuentos para clientes frecuentes.,Sugerencia
5289,El servicio al cliente fue muy lento y poco amable.,Queja
5290,"El sistema de turnos no funciona bien, deberían optimizarlo.",Queja
5291,Me gustaría que ofrecieran más promociones en productos populares.,Sugerencia
5292,No responden los correos de atención al cliente.,Queja
5293,El servicio telefónico es ineficiente y no resuelven dudas.,Queja
5294,Sería genial si agregaran más opciones de pago.,Sugerencia
5295,No responden los correos de atención al cliente.,Queja
5296,Sería genial si agregaran más opciones de pago.,Sugerencia
5297,Me gustaría que ofrecieran más promociones en productos populares.,Sugerencia
5298,Sería bueno que ampliaran la cobertura del servicio a más ciudades.,Sugerencia
5299,Podrían mejorar la experiencia en línea con una mejor interfaz.,Sugerencia
5300,Me gustaría que ofrecieran más promociones en productos populares.,Sugerencia
5301,"Los tiempos de espera son excesivos, deberían mejorarlo.",Queja
5302,El servicio telefónico es ineficiente y no resuelven dudas.,Queja
5303,El servicio telefónico es ineficiente y no resuelven dudas.,Queja
5304,Podrían ampliar el horario de atención para mayor comodidad.,Sugerencia
5305,No me gusta que el personal no esté bien capacitado.,Queja
5306,No me gusta que el personal no esté bien capacitado.,Queja
5307,El servicio telefónico es ineficiente y no resuelven dudas.,Queja
5308,No responden los correos de atención al cliente.,Queja
5309,Sería genial si agregaran más opciones de pago.,Sugerencia
5310,Tuve un problema con mi compra y nadie me ayudó.,Queja
5311,El producto llegó defectuoso y tardaron en dar solución.,Queja
5312,Sería bueno que ampliaran la cobertura del servicio a más ciudades.,Sugerencia
5313,"Me encantó la atención que recibí, fueron muy atentos.",Sugerencia
5314,"La aplicación móvil tiene muchos errores, deberían mejorarla.",Queja
5315,Podrían mejorar la experiencia en línea con una mejor interfaz.,Sugerencia
5316,No responden los correos de atención al cliente.,Queja
5317,"El sistema de turnos no funciona bien, deberían optimizarlo.",Queja
5318,Podrían mejorar la experiencia en línea con una mejor interfaz.,Sugerencia
5319,"Los tiempos de espera son excesivos, deberían mejorarlo.",Queja
5320,Tuve un problema con mi compra y nadie me ayudó.,Queja
5321,Me gustaría que ofrecieran más promociones en productos populares.,Sugerencia
5322,El producto llegó defectuoso y tardaron en dar solución.,Queja
5323,"Los tiempos de espera son excesivos, deberían mejorarlo.",Queja
5324,El personal debería recibir más entrenamiento en atención al cliente.,Sugerencia
5325,Sería útil que agregaran un chat en vivo para consultas rápidas.,Sugerencia
5326,El servicio al cliente fue muy lento y poco amable.,Queja
5327,El producto llegó defectuoso y tardaron en dar solución.,Queja
5328,El producto llegó defectuoso y tardaron en dar solución.,Queja
5329,No responden los correos de atención al cliente.,Queja
5330,El ambiente en la tienda es muy agradable y acogedor.,Sugerencia
5331,El producto llegó defectuoso y tardaron en dar solución.,Queja
5332,Me gustaría que ofrecieran más promociones en productos populares.,Sugerencia
5333,Sería genial si agregaran más opciones de pago.,Sugerencia
5334,"El sistema de turnos no funciona bien, deberían optimizarlo.",Queja
5335,"El sistema de turnos no funciona bien, deberían optimizarlo.",Queja
5336,Me gustaría que ofrecieran más promociones en productos populares.,Sugerencia
5337,"Los tiempos de espera son excesivos, deberían mejorarlo.",Queja
5338,No responden los correos de atención al cliente.,Queja
5339,"La aplicación móvil tiene muchos errores, deberían mejorarla.",Queja
5340,Tuve un problema con mi compra y nadie me ayudó.,Queja
5341,El personal debería recibir más entrenamiento en atención al cliente.,Sugerencia
5342,No me gusta que el personal no esté bien capacitado.,Queja
5343,"La aplicación móvil tiene muchos errores, deberían mejorarla.",Queja
5344,No responden los correos de atención al cliente.,Queja
5345,El personal debería recibir más entrenamiento en atención al cliente.,Sugerencia
5346,El ambiente en la tienda es muy agradable y acogedor.,Sugerencia
5347,El personal debería recibir más entrenamiento en atención al cliente.,Sugerencia
5348,No responden los correos de atención al cliente.,Queja
5349,La página web es muy lenta y difícil de usar.,Queja
5350,Me gustaría que ofrecieran más promociones en productos populares.,Sugerencia
5351,"Me encantó la atención que recibí, fueron muy atentos.",Sugerencia
5352,El servicio telefónico es ineficiente y no resuelven dudas.,Queja
5353,Me gustaría que ofrecieran más promociones en productos populares.,Sugerencia
5354,El producto llegó defectuoso y tardaron en dar solución.,Queja
5355,Deberían ofrecer más descuentos para clientes frecuentes.,Sugerencia
5356,La página web es muy lenta y difícil de usar.,Queja
5357,Deberían ofrecer más descuentos para clientes frecuentes.,Sugerencia
5358,Sería útil que agregaran un chat en vivo para consultas rápidas.,Sugerencia
5359,Podrían mejorar la experiencia en línea con una mejor interfaz.,Sugerencia
5360,Tuve un problema con mi compra y nadie me ayudó.,Queja
5361,No responden los correos de atención al cliente.,Queja
5362,El personal debería recibir más entrenamiento en atención al cliente.,Sugerencia
5363,"La aplicación móvil tiene muchos errores, deberían mejorarla.",Queja
5364,"Los tiempos de espera son excesivos, deberían mejorarlo.",Queja
5365,"El sistema de turnos no funciona bien, deberían optimizarlo.",Queja
5366,"El sistema de turnos no funciona bien, deberían optimizarlo.",Queja
5367,"Me encantó la atención que recibí, fueron muy atentos.",Sugerencia
5368,Me gustaría que ofrecieran más promociones en productos populares.,Sugerencia
5369,El ambiente en la tienda es muy agradable y acogedor.,Sugerencia
5370,No me gusta que el personal no esté bien capacitado.,Queja
5371,El servicio telefónico es ineficiente y no resuelven dudas.,Queja
5372,No responden los correos de atención al cliente.,Queja
5373,Deberían ofrecer más descuentos para clientes frecuentes.,Sugerencia
5374,El personal debería recibir más entrenamiento en atención al cliente.,Sugerencia
5375,La página web es muy lenta y difícil de usar.,Queja
5376,"El sistema de turnos no funciona bien, deberían optimizarlo.",Queja
5377,Podrían ampliar el horario de atención para mayor comodidad.,Sugerencia
5378,No responden los correos de atención al cliente.,Queja
5379,"El sistema de turnos no funciona bien, deberían optimizarlo.",Queja
5380,Sería bueno que ampliaran la cobertura del servicio a más ciudades.,Sugerencia
5381,El servicio al cliente fue muy lento y poco amable.,Queja
5382,Podrían ampliar el horario de atención para mayor comodidad.,Sugerencia
5383,Sería genial si agregaran más opciones de pago.,Sugerencia
5384,El ambiente en la tienda es muy agradable y acogedor.,Sugerencia
5385,No responden los correos de atención al cliente.,Queja
5386,Sería genial si agregaran más opciones de pago.,Sugerencia
5387,Sería genial si agregaran más opciones de pago.,Sugerencia
5388,Podrían mejorar la experiencia en línea con una mejor interfaz.,Sugerencia
5389,"Los tiempos de espera son excesivos, deberían mejorarlo.",Queja
5390,No me gusta que el personal no esté bien capacitado.,Queja
5391,La página web es muy lenta y difícil de usar.,Queja
5392,Tuve un problema con mi compra y nadie me ayudó.,Queja
5393,Deberían ofrecer más descuentos para clientes frecuentes.,Sugerencia
5394,El producto llegó defectuoso y tardaron en dar solución.,Queja
5395,"Los tiempos de espera son excesivos, deberían mejorarlo.",Queja
5396,"Los tiempos de espera son excesivos, deberían mejorarlo.",Queja
5397,El servicio al cliente fue muy lento y poco amable.,Queja
5398,"Me encantó la atención que recibí, fueron muy atentos.",Sugerencia
5399,El servicio al cliente fue muy lento y poco amable.,Queja
5400,No me gusta que el personal no esté bien capacitado.,Queja
5401,Deberían ofrecer más descuentos para clientes frecuentes.,Sugerencia
5402,La página web es muy lenta y difícil de usar.,Queja
5403,"La aplicación móvil tiene muchos errores, deberían mejorarla.",Queja
5404,Tuve un problema con mi compra y nadie me ayudó.,Queja
5405,"Los tiempos de espera son excesivos, deberían mejorarlo.",Queja
5406,El ambiente en la tienda es muy agradable y acogedor.,Sugerencia
5407,El servicio telefónico es ineficiente y no resuelven dudas.,Queja
5408,No me gusta que el personal no esté bien capacitado.,Queja
5409,Podrían mejorar la experiencia en línea con una mejor interfaz.,Sugerencia
5410,Me gustaría que ofrecieran más promociones en productos populares.,Sugerencia
5411,El servicio al cliente fue muy lento y poco amable.,Queja
5412,No responden los correos de atención al cliente.,Queja
5413,Podrían mejorar la experiencia en línea con una mejor interfaz.,Sugerencia
5414,El servicio telefónico es ineficiente y no resuelven dudas.,Queja
5415,"Me encantó la atención que recibí, fueron muy atentos.",Sugerencia
5416,"Los tiempos de espera son excesivos, deberían mejorarlo.",Queja
5417,Sería útil que agregaran un chat en vivo para consultas rápidas.,Sugerencia
5418,El servicio al cliente fue muy lento y poco amable.,Queja
5419,Sería bueno que ampliaran la cobertura del servicio a más ciudades.,Sugerencia
5420,El servicio telefónico es ineficiente y no resuelven dudas.,Queja
5421,No me gusta que el personal no esté bien capacitado.,Queja
5422,El servicio al cliente fue muy lento y poco amable.,Queja
5423,Podrían ampliar el horario de atención para mayor comodidad.,Sugerencia
5424,Podrían mejorar la experiencia en línea con una mejor interfaz.,Sugerencia
5425,Sería útil que agregaran un chat en vivo para consultas rápidas.,Sugerencia
5426,Sería genial si agregaran más opciones de pago.,Sugerencia
5427,"La aplicación móvil tiene muchos errores, deberían mejorarla.",Queja
5428,No me gusta que el personal no esté bien capacitado.,Queja
5429,"El sistema de turnos no funciona bien, deberían optimizarlo.",Queja
5430,Podrían ampliar el horario de atención para mayor comodidad.,Sugerencia
5431,No responden los correos de atención al cliente.,Queja
5432,El ambiente en la tienda es muy agradable y acogedor.,Sugerencia
5433,El ambiente en la tienda es muy agradable y acogedor.,Sugerencia
5434,El personal debería recibir más entrenamiento en atención al cliente.,Sugerencia
5435,"Los tiempos de espera son excesivos, deberían mejorarlo.",Queja
5436,Podrían ampliar el horario de atención para mayor comodidad.,Sugerencia
5437,"La aplicación móvil tiene muchos errores, deberían mejorarla.",Queja
5438,"Me encantó la atención que recibí, fueron muy atentos.",Sugerencia
5439,"Los tiempos de espera son excesivos, deberían mejorarlo.",Queja
5440,El ambiente en la tienda es muy agradable y acogedor.,Sugerencia
5441,Tuve un problema con mi compra y nadie me ayudó.,Queja
5442,Podrían ampliar el horario de atención para mayor comodidad.,Sugerencia
5443,"La aplicación móvil tiene muchos errores, deberían mejorarla.",Queja
5444,"Los tiempos de espera son excesivos, deberían mejorarlo.",Queja
5445,"Me encantó la atención que recibí, fueron muy atentos.",Sugerencia
5446,La página web es muy lenta y difícil de usar.,Queja
5447,Tuve un problema con mi compra y nadie me ayudó.,Queja
5448,Tuve un problema con mi compra y nadie me ayudó.,Queja
5449,Tuve un problema con mi compra y nadie me ayudó.,Queja
5450,El personal debería recibir más entrenamiento en atención al cliente.,Sugerencia
5451,No me gusta que el personal no esté bien capacitado.,Queja
5452,No me gusta que el personal no esté bien capacitado.,Queja
5453,No me gusta que el personal no esté bien capacitado.,Queja
5454,El servicio telefónico es ineficiente y no resuelven dudas.,Queja
5455,El producto llegó defectuoso y tardaron en dar solución.,Queja
5456,Tuve un problema con mi compra y nadie me ayudó.,Queja
5457,No responden los correos de atención al cliente.,Queja
5458,"Los tiempos de espera son excesivos, deberían mejorarlo.",Queja
5459,"La aplicación móvil tiene muchos errores, deberían mejorarla.",Queja
5460,El servicio al cliente fue muy lento y poco amable.,Queja
5461,"Los tiempos de espera son excesivos, deberían mejorarlo.",Queja
5462,El producto llegó defectuoso y tardaron en dar solución.,Queja
5463,El servicio al cliente fue muy lento y poco amable.,Queja
5464,No me gusta que el personal no esté bien capacitado.,Queja
5465,Me gustaría que ofrecieran más promociones en productos populares.,Sugerencia
5466,No responden los correos de atención al cliente.,Queja
5467,Deberían ofrecer más descuentos para clientes frecuentes.,Sugerencia
5468,"Me encantó la atención que recibí, fueron muy atentos.",Sugerencia
5469,"El sistema de turnos no funciona bien, deberían optimizarlo.",Queja
5470,"Me encantó la atención que recibí, fueron muy atentos.",Sugerencia
5471,Sería útil que agregaran un chat en vivo para consultas rápidas.,Sugerencia
5472,El servicio al cliente fue muy lento y poco amable.,Queja
5473,Sería genial si agregaran más opciones de pago.,Sugerencia
5474,Sería bueno que ampliaran la cobertura del servicio a más ciudades.,Sugerencia
5475,"La aplicación móvil tiene muchos errores, deberían mejorarla.",Queja
5476,"Los tiempos de espera son excesivos, deberían mejorarlo.",Queja
5477,No me gusta que el personal no esté bien capacitado.,Queja
5478,El ambiente en la tienda es muy agradable y acogedor.,Sugerencia
5479,El servicio telefónico es ineficiente y no resuelven dudas.,Queja
5480,"Los tiempos de espera son excesivos, deberían mejorarlo.",Queja
5481,Podrían ampliar el horario de atención para mayor comodidad.,Sugerencia
5482,Sería bueno que ampliaran la cobertura del servicio a más ciudades.,Sugerencia
5483,Me gustaría que ofrecieran más promociones en productos populares.,Sugerencia
5484,No responden los correos de atención al cliente.,Queja
5485,Me gustaría que ofrecieran más promociones en productos populares.,Sugerencia
5486,No responden los correos de atención al cliente.,Queja
5487,La página web es muy lenta y difícil de usar.,Queja
5488,El servicio telefónico es ineficiente y no resuelven dudas.,Queja
5489,Deberían ofrecer más descuentos para clientes frecuentes.,Sugerencia
5490,"La aplicación móvil tiene muchos errores, deberían mejorarla.",Queja
5491,"La aplicación móvil tiene muchos errores, deberían mejorarla.",Queja
5492,Podrían mejorar la experiencia en línea con una mejor interfaz.,Sugerencia
5493,El servicio al cliente fue muy lento y poco amable.,Queja
5494,El servicio al cliente fue muy lento y poco amable.,Queja
5495,Tuve un problema con mi compra y nadie me ayudó.,Queja
5496,Sería útil que agregaran un chat en vivo para consultas rápidas.,Sugerencia
5497,"Me encantó la atención que recibí, fueron muy atentos.",Sugerencia
5498,Sería genial si agregaran más opciones de pago.,Sugerencia
5499,"El sistema de turnos no funciona bien, deberían optimizarlo.",Queja
5500,El servicio al cliente fue muy lento y poco amable.,Queja
5501,Podrían ampliar el horario de atención para mayor comodidad.,Sugerencia
5502,Sería útil que agregaran un chat en vivo para consultas rápidas.,Sugerencia
5503,El servicio al cliente fue muy lento y poco amable.,Queja
5504,Podrían ampliar el horario de atención para mayor comodidad.,Sugerencia
5505,"Me encantó la atención que recibí, fueron muy atentos.",Sugerencia
5506,Sería útil que agregaran un chat en vivo para consultas rápidas.,Sugerencia
5507,Sería genial si agregaran más opciones de pago.,Sugerencia
5508,"La aplicación móvil tiene muchos errores, deberían mejorarla.",Queja
5509,El ambiente en la tienda es muy agradable y acogedor.,Sugerencia
5510,El personal debería recibir más entrenamiento en atención al cliente.,Sugerencia
5511,Sería genial si agregaran más opciones de pago.,Sugerencia
5512,El servicio telefónico es ineficiente y no resuelven dudas.,Queja
5513,"La aplicación móvil tiene muchos errores, deberían mejorarla.",Queja
5514,El servicio telefónico es ineficiente y no resuelven dudas.,Queja
5515,Deberían ofrecer más descuentos para clientes frecuentes.,Sugerencia
5516,"Me encantó la atención que recibí, fueron muy atentos.",Sugerencia
5517,Sería bueno que ampliaran la cobertura del servicio a más ciudades.,Sugerencia
5518,El personal debería recibir más entrenamiento en atención al cliente.,Sugerencia
5519,"El sistema de turnos no funciona bien, deberían optimizarlo.",Queja
5520,Sería útil que agregaran un chat en vivo para consultas rápidas.,Sugerencia
5521,El ambiente en la tienda es muy agradable y acogedor.,Sugerencia
5522,Sería bueno que ampliaran la cobertura del servicio a más ciudades.,Sugerencia
5523,Podrían mejorar la experiencia en línea con una mejor interfaz.,Sugerencia
5524,Sería útil que agregaran un chat en vivo para consultas rápidas.,Sugerencia
5525,Deberían ofrecer más descuentos para clientes frecuentes.,Sugerencia
5526,El personal debería recibir más entrenamiento en atención al cliente.,Sugerencia
5527,"Me encantó la atención que recibí, fueron muy atentos.",Sugerencia
5528,Sería útil que agregaran un chat en vivo para consultas rápidas.,Sugerencia
5529,El servicio telefónico es ineficiente y no resuelven dudas.,Queja
5530,Sería bueno que ampliaran la cobertura del servicio a más ciudades.,Sugerencia
5531,"Los tiempos de espera son excesivos, deberían mejorarlo.",Queja
5532,Sería útil que agregaran un chat en vivo para consultas rápidas.,Sugerencia
5533,Podrían ampliar el horario de atención para mayor comodidad.,Sugerencia
5534,"Me encantó la atención que recibí, fueron muy atentos.",Sugerencia
5535,Me gustaría que ofrecieran más promociones en productos populares.,Sugerencia
5536,No responden los correos de atención al cliente.,Queja
5537,No responden los correos de atención al cliente.,Queja
5538,El producto llegó defectuoso y tardaron en dar solución.,Queja
5539,"La aplicación móvil tiene muchos errores, deberían mejorarla.",Queja
5540,El personal debería recibir más entrenamiento en atención al cliente.,Sugerencia
5541,La página web es muy lenta y difícil de usar.,Queja
5542,El producto llegó defectuoso y tardaron en dar solución.,Queja
5543,No responden los correos de atención al cliente.,Queja
5544,Podrían mejorar la experiencia en línea con una mejor interfaz.,Sugerencia
5545,La página web es muy lenta y difícil de usar.,Queja
5546,La página web es muy lenta y difícil de usar.,Queja
5547,La página web es muy lenta y difícil de usar.,Queja
5548,El servicio telefónico es ineficiente y no resuelven dudas.,Queja
5549,Deberían ofrecer más descuentos para clientes frecuentes.,Sugerencia
5550,El servicio telefónico es ineficiente y no resuelven dudas.,Queja
5551,El servicio telefónico es ineficiente y no resuelven dudas.,Queja
5552,"Me encantó la atención que recibí, fueron muy atentos.",Sugerencia
5553,Sería útil que agregaran un chat en vivo para consultas rápidas.,Sugerencia
5554,No me gusta que el personal no esté bien capacitado.,Queja
5555,El personal debería recibir más entrenamiento en atención al cliente.,Sugerencia
5556,"La aplicación móvil tiene muchos errores, deberían mejorarla.",Queja
5557,"La aplicación móvil tiene muchos errores, deberían mejorarla.",Queja
5558,"El sistema de turnos no funciona bien, deberían optimizarlo.",Queja
5559,Sería genial si agregaran más opciones de pago.,Sugerencia
5560,Sería útil que agregaran un chat en vivo para consultas rápidas.,Sugerencia
5561,"Los tiempos de espera son excesivos, deberían mejorarlo.",Queja
5562,Sería útil que agregaran un chat en vivo para consultas rápidas.,Sugerencia
5563,El servicio al cliente fue muy lento y poco amable.,Queja
5564,No responden los correos de atención al cliente.,Queja
5565,La página web es muy lenta y difícil de usar.,Queja
5566,"La aplicación móvil tiene muchos errores, deberían mejorarla.",Queja
5567,"La aplicación móvil tiene muchos errores, deberían mejorarla.",Queja
5568,No me gusta que el personal no esté bien capacitado.,Queja
5569,El servicio al cliente fue muy lento y poco amable.,Queja
5570,"La aplicación móvil tiene muchos errores, deberían mejorarla.",Queja
5571,El servicio telefónico es ineficiente y no resuelven dudas.,Queja
5572,"Me encantó la atención que recibí, fueron muy atentos.",Sugerencia
5573,Podrían ampliar el horario de atención para mayor comodidad.,Sugerencia
5574,El servicio telefónico es ineficiente y no resuelven dudas.,Queja
5575,El producto llegó defectuoso y tardaron en dar solución.,Queja
5576,"La aplicación móvil tiene muchos errores, deberían mejorarla.",Queja
5577,El servicio telefónico es ineficiente y no resuelven dudas.,Queja
5578,Sería genial si agregaran más opciones de pago.,Sugerencia
5579,Podrían ampliar el horario de atención para mayor comodidad.,Sugerencia
5580,El servicio telefónico es ineficiente y no resuelven dudas.,Queja
5581,No responden los correos de atención al cliente.,Queja
5582,Me gustaría que ofrecieran más promociones en productos populares.,Sugerencia
5583,El personal debería recibir más entrenamiento en atención al cliente.,Sugerencia
5584,La página web es muy lenta y difícil de usar.,Queja
5585,Podrían ampliar el horario de atención para mayor comodidad.,Sugerencia
5586,Sería bueno que ampliaran la cobertura del servicio a más ciudades.,Sugerencia
5587,El ambiente en la tienda es muy agradable y acogedor.,Sugerencia
5588,"El sistema de turnos no funciona bien, deberían optimizarlo.",Queja
5589,El personal debería recibir más entrenamiento en atención al cliente.,Sugerencia
5590,Deberían ofrecer más descuentos para clientes frecuentes.,Sugerencia
5591,No me gusta que el personal no esté bien capacitado.,Queja
5592,El ambiente en la tienda es muy agradable y acogedor.,Sugerencia
5593,"Los tiempos de espera son excesivos, deberían mejorarlo.",Queja
5594,Podrían mejorar la experiencia en línea con una mejor interfaz.,Sugerencia
5595,Tuve un problema con mi compra y nadie me ayudó.,Queja
5596,Me gustaría que ofrecieran más promociones en productos populares.,Sugerencia
5597,"Me encantó la atención que recibí, fueron muy atentos.",Sugerencia
5598,La página web es muy lenta y difícil de usar.,Queja
5599,"La aplicación móvil tiene muchos errores, deberían mejorarla.",Queja
5600,Sería útil que agregaran un chat en vivo para consultas rápidas.,Sugerencia
5601,Podrían ampliar el horario de atención para mayor comodidad.,Sugerencia
5602,La página web es muy lenta y difícil de usar.,Queja
5603,Tuve un problema con mi compra y nadie me ayudó.,Queja
5604,La página web es muy lenta y difícil de usar.,Queja
5605,"El sistema de turnos no funciona bien, deberían optimizarlo.",Queja
5606,Deberían ofrecer más descuentos para clientes frecuentes.,Sugerencia
5607,Me gustaría que ofrecieran más promociones en productos populares.,Sugerencia
5608,"Los tiempos de espera son excesivos, deberían mejorarlo.",Queja
5609,Sería útil que agregaran un chat en vivo para consultas rápidas.,Sugerencia
5610,El servicio telefónico es ineficiente y no resuelven dudas.,Queja
5611,Sería genial si agregaran más opciones de pago.,Sugerencia
5612,La página web es muy lenta y difícil de usar.,Queja
5613,Sería útil que agregaran un chat en vivo para consultas rápidas.,Sugerencia
5614,El servicio al cliente fue muy lento y poco amable.,Queja
5615,Me gustaría que ofrecieran más promociones en productos populares.,Sugerencia
5616,Podrían ampliar el horario de atención para mayor comodidad.,Sugerencia
5617,No responden los correos de atención al cliente.,Queja
5618,No responden los correos de atención al cliente.,Queja
5619,El ambiente en la tienda es muy agradable y acogedor.,Sugerencia
5620,"El sistema de turnos no funciona bien, deberían optimizarlo.",Queja
5621,Podrían mejorar la experiencia en línea con una mejor interfaz.,Sugerencia
5622,Deberían ofrecer más descuentos para clientes frecuentes.,Sugerencia
5623,Podrían mejorar la experiencia en línea con una mejor interfaz.,Sugerencia
5624,El servicio al cliente fue muy lento y poco amable.,Queja
5625,La página web es muy lenta y difícil de usar.,Queja
5626,El producto llegó defectuoso y tardaron en dar solución.,Queja
5627,El personal debería recibir más entrenamiento en atención al cliente.,Sugerencia
5628,El producto llegó defectuoso y tardaron en dar solución.,Queja
5629,No me gusta que el personal no esté bien capacitado.,Queja
5630,"La aplicación móvil tiene muchos errores, deberían mejorarla.",Queja
5631,"La aplicación móvil tiene muchos errores, deberían mejorarla.",Queja
5632,El servicio al cliente fue muy lento y poco amable.,Queja
5633,El servicio telefónico es ineficiente y no resuelven dudas.,Queja
5634,El servicio telefónico es ineficiente y no resuelven dudas.,Queja
5635,No me gusta que el personal no esté bien capacitado.,Queja
5636,Tuve un problema con mi compra y nadie me ayudó.,Queja
5637,El servicio telefónico es ineficiente y no resuelven dudas.,Queja
5638,El ambiente en la tienda es muy agradable y acogedor.,Sugerencia
5639,Sería bueno que ampliaran la cobertura del servicio a más ciudades.,Sugerencia
5640,Tuve un problema con mi compra y nadie me ayudó.,Queja
5641,El ambiente en la tienda es muy agradable y acogedor.,Sugerencia
5642,El servicio al cliente fue muy lento y poco amable.,Queja
5643,El servicio al cliente fue muy lento y poco amable.,Queja
5644,"Me encantó la atención que recibí, fueron muy atentos.",Sugerencia
5645,El ambiente en la tienda es muy agradable y acogedor.,Sugerencia
5646,"Me encantó la atención que recibí, fueron muy atentos.",Sugerencia
5647,Me gustaría que ofrecieran más promociones en productos populares.,Sugerencia
5648,"El sistema de turnos no funciona bien, deberían optimizarlo.",Queja
5649,El servicio telefónico es ineficiente y no resuelven dudas.,Queja
5650,Podrían ampliar el horario de atención para mayor comodidad.,Sugerencia
5651,El servicio al cliente fue muy lento y poco amable.,Queja
5652,"Me encantó la atención que recibí, fueron muy atentos.",Sugerencia
5653,No responden los correos de atención al cliente.,Queja
5654,No responden los correos de atención al cliente.,Queja
5655,No responden los correos de atención al cliente.,Queja
5656,Podrían ampliar el horario de atención para mayor comodidad.,Sugerencia
5657,Me gustaría que ofrecieran más promociones en productos populares.,Sugerencia
5658,"La aplicación móvil tiene muchos errores, deberían mejorarla.",Queja
5659,"Los tiempos de espera son excesivos, deberían mejorarlo.",Queja
5660,El servicio telefónico es ineficiente y no resuelven dudas.,Queja
5661,Me gustaría que ofrecieran más promociones en productos populares.,Sugerencia
5662,"Me encantó la atención que recibí, fueron muy atentos.",Sugerencia
5663,El servicio telefónico es ineficiente y no resuelven dudas.,Queja
5664,El servicio telefónico es ineficiente y no resuelven dudas.,Queja
5665,Sería genial si agregaran más opciones de pago.,Sugerencia
5666,El servicio telefónico es ineficiente y no resuelven dudas.,Queja
5667,No me gusta que el personal no esté bien capacitado.,Queja
5668,"El sistema de turnos no funciona bien, deberían optimizarlo.",Queja
5669,Sería genial si agregaran más opciones de pago.,Sugerencia
5670,El producto llegó defectuoso y tardaron en dar solución.,Queja
5671,Tuve un problema con mi compra y nadie me ayudó.,Queja
5672,El ambiente en la tienda es muy agradable y acogedor.,Sugerencia
5673,Deberían ofrecer más descuentos para clientes frecuentes.,Sugerencia
5674,"El sistema de turnos no funciona bien, deberían optimizarlo.",Queja
5675,La página web es muy lenta y difícil de usar.,Queja
5676,La página web es muy lenta y difícil de usar.,Queja
5677,Podrían ampliar el horario de atención para mayor comodidad.,Sugerencia
5678,El personal debería recibir más entrenamiento en atención al cliente.,Sugerencia
5679,"La aplicación móvil tiene muchos errores, deberían mejorarla.",Queja
5680,El producto llegó defectuoso y tardaron en dar solución.,Queja
5681,Tuve un problema con mi compra y nadie me ayudó.,Queja
5682,Podrían ampliar el horario de atención para mayor comodidad.,Sugerencia
5683,No me gusta que el personal no esté bien capacitado.,Queja
5684,El producto llegó defectuoso y tardaron en dar solución.,Queja
5685,Me gustaría que ofrecieran más promociones en productos populares.,Sugerencia
5686,El servicio telefónico es ineficiente y no resuelven dudas.,Queja
5687,"El sistema de turnos no funciona bien, deberían optimizarlo.",Queja
5688,Sería genial si agregaran más opciones de pago.,Sugerencia
5689,El producto llegó defectuoso y tardaron en dar solución.,Queja
5690,El producto llegó defectuoso y tardaron en dar solución.,Queja
5691,Sería bueno que ampliaran la cobertura del servicio a más ciudades.,Sugerencia
5692,El servicio al cliente fue muy lento y poco amable.,Queja
5693,"Me encantó la atención que recibí, fueron muy atentos.",Sugerencia
5694,"La aplicación móvil tiene muchos errores, deberían mejorarla.",Queja
5695,Sería útil que agregaran un chat en vivo para consultas rápidas.,Sugerencia
5696,El servicio al cliente fue muy lento y poco amable.,Queja
5697,Sería útil que agregaran un chat en vivo para consultas rápidas.,Sugerencia
5698,"El sistema de turnos no funciona bien, deberían optimizarlo.",Queja
5699,Me gustaría que ofrecieran más promociones en productos populares.,Sugerencia
5700,No responden los correos de atención al cliente.,Queja
5701,"Los tiempos de espera son excesivos, deberían mejorarlo.",Queja
5702,La página web es muy lenta y difícil de usar.,Queja
5703,Me gustaría que ofrecieran más promociones en productos populares.,Sugerencia
5704,El personal debería recibir más entrenamiento en atención al cliente.,Sugerencia
5705,Sería bueno que ampliaran la cobertura del servicio a más ciudades.,Sugerencia
5706,Sería útil que agregaran un chat en vivo para consultas rápidas.,Sugerencia
5707,El servicio telefónico es ineficiente y no resuelven dudas.,Queja
5708,El personal debería recibir más entrenamiento en atención al cliente.,Sugerencia
5709,"La aplicación móvil tiene muchos errores, deberían mejorarla.",Queja
5710,Sería bueno que ampliaran la cobertura del servicio a más ciudades.,Sugerencia
5711,Sería útil que agregaran un chat en vivo para consultas rápidas.,Sugerencia
5712,Sería genial si agregaran más opciones de pago.,Sugerencia
5713,"La aplicación móvil tiene muchos errores, deberían mejorarla.",Queja
5714,"Me encantó la atención que recibí, fueron muy atentos.",Sugerencia
5715,Sería útil que agregaran un chat en vivo para consultas rápidas.,Sugerencia
5716,No me gusta que el personal no esté bien capacitado.,Queja
5717,No me gusta que el personal no esté bien capacitado.,Queja
5718,No me gusta que el personal no esté bien capacitado.,Queja
5719,El personal debería recibir más entrenamiento en atención al cliente.,Sugerencia
5720,Deberían ofrecer más descuentos para clientes frecuentes.,Sugerencia
5721,"La aplicación móvil tiene muchos errores, deberían mejorarla.",Queja
5722,"Los tiempos de espera son excesivos, deberían mejorarlo.",Queja
5723,El servicio al cliente fue muy lento y poco amable.,Queja
5724,Deberían ofrecer más descuentos para clientes frecuentes.,Sugerencia
5725,El personal debería recibir más entrenamiento en atención al cliente.,Sugerencia
5726,Me gustaría que ofrecieran más promociones en productos populares.,Sugerencia
5727,Sería genial si agregaran más opciones de pago.,Sugerencia
5728,El ambiente en la tienda es muy agradable y acogedor.,Sugerencia
5729,"Los tiempos de espera son excesivos, deberían mejorarlo.",Queja
5730,El personal debería recibir más entrenamiento en atención al cliente.,Sugerencia
5731,Sería genial si agregaran más opciones de pago.,Sugerencia
5732,Deberían ofrecer más descuentos para clientes frecuentes.,Sugerencia
5733,Sería útil que agregaran un chat en vivo para consultas rápidas.,Sugerencia
5734,El producto llegó defectuoso y tardaron en dar solución.,Queja
5735,El producto llegó defectuoso y tardaron en dar solución.,Queja
5736,El personal debería recibir más entrenamiento en atención al cliente.,Sugerencia
5737,El servicio al cliente fue muy lento y poco amable.,Queja
5738,No responden los correos de atención al cliente.,Queja
5739,El personal debería recibir más entrenamiento en atención al cliente.,Sugerencia
5740,Podrían ampliar el horario de atención para mayor comodidad.,Sugerencia
5741,Podrían ampliar el horario de atención para mayor comodidad.,Sugerencia
5742,"El sistema de turnos no funciona bien, deberían optimizarlo.",Queja
5743,El servicio telefónico es ineficiente y no resuelven dudas.,Queja
5744,Sería útil que agregaran un chat en vivo para consultas rápidas.,Sugerencia
5745,"Los tiempos de espera son excesivos, deberían mejorarlo.",Queja
5746,Sería útil que agregaran un chat en vivo para consultas rápidas.,Sugerencia
5747,No responden los correos de atención al cliente.,Queja
5748,"El sistema de turnos no funciona bien, deberían optimizarlo.",Queja
5749,El ambiente en la tienda es muy agradable y acogedor.,Sugerencia
5750,Me gustaría que ofrecieran más promociones en productos populares.,Sugerencia
5751,Sería genial si agregaran más opciones de pago.,Sugerencia
5752,Sería bueno que ampliaran la cobertura del servicio a más ciudades.,Sugerencia
5753,El servicio telefónico es ineficiente y no resuelven dudas.,Queja
5754,Me gustaría que ofrecieran más promociones en productos populares.,Sugerencia
5755,No responden los correos de atención al cliente.,Queja
5756,"La aplicación móvil tiene muchos errores, deberían mejorarla.",Queja
5757,Deberían ofrecer más descuentos para clientes frecuentes.,Sugerencia
5758,"La aplicación móvil tiene muchos errores, deberían mejorarla.",Queja
5759,Sería bueno que ampliaran la cobertura del servicio a más ciudades.,Sugerencia
5760,Deberían ofrecer más descuentos para clientes frecuentes.,Sugerencia
5761,El ambiente en la tienda es muy agradable y acogedor.,Sugerencia
5762,El servicio telefónico es ineficiente y no resuelven dudas.,Queja
5763,Sería genial si agregaran más opciones de pago.,Sugerencia
5764,Podrían mejorar la experiencia en línea con una mejor interfaz.,Sugerencia
5765,"Los tiempos de espera son excesivos, deberían mejorarlo.",Queja
5766,Tuve un problema con mi compra y nadie me ayudó.,Queja
5767,La página web es muy lenta y difícil de usar.,Queja
5768,El ambiente en la tienda es muy agradable y acogedor.,Sugerencia
5769,Sería genial si agregaran más opciones de pago.,Sugerencia
5770,El ambiente en la tienda es muy agradable y acogedor.,Sugerencia
5771,El personal debería recibir más entrenamiento en atención al cliente.,Sugerencia
5772,"Los tiempos de espera son excesivos, deberían mejorarlo.",Queja
5773,Podrían mejorar la experiencia en línea con una mejor interfaz.,Sugerencia
5774,"El sistema de turnos no funciona bien, deberían optimizarlo.",Queja
5775,"La aplicación móvil tiene muchos errores, deberían mejorarla.",Queja
5776,Tuve un problema con mi compra y nadie me ayudó.,Queja
5777,"Me encantó la atención que recibí, fueron muy atentos.",Sugerencia
5778,El ambiente en la tienda es muy agradable y acogedor.,Sugerencia
5779,El servicio telefónico es ineficiente y no resuelven dudas.,Queja
5780,El servicio al cliente fue muy lento y poco amable.,Queja
5781,Tuve un problema con mi compra y nadie me ayudó.,Queja
5782,El ambiente en la tienda es muy agradable y acogedor.,Sugerencia
5783,Podrían mejorar la experiencia en línea con una mejor interfaz.,Sugerencia
5784,Podrían ampliar el horario de atención para mayor comodidad.,Sugerencia
5785,Me gustaría que ofrecieran más promociones en productos populares.,Sugerencia
5786,El personal debería recibir más entrenamiento en atención al cliente.,Sugerencia
5787,"El sistema de turnos no funciona bien, deberían optimizarlo.",Queja
5788,El producto llegó defectuoso y tardaron en dar solución.,Queja
5789,Me gustaría que ofrecieran más promociones en productos populares.,Sugerencia
5790,El personal debería recibir más entrenamiento en atención al cliente.,Sugerencia
5791,El servicio al cliente fue muy lento y poco amable.,Queja
5792,El producto llegó defectuoso y tardaron en dar solución.,Queja
5793,No me gusta que el personal no esté bien capacitado.,Queja
5794,El personal debería recibir más entrenamiento en atención al cliente.,Sugerencia
5795,El servicio telefónico es ineficiente y no resuelven dudas.,Queja
5796,El servicio telefónico es ineficiente y no resuelven dudas.,Queja
5797,No me gusta que el personal no esté bien capacitado.,Queja
5798,No responden los correos de atención al cliente.,Queja
5799,Me gustaría que ofrecieran más promociones en productos populares.,Sugerencia
5800,El producto llegó defectuoso y tardaron en dar solución.,Queja
5801,"Me encantó la atención que recibí, fueron muy atentos.",Sugerencia
5802,El personal debería recibir más entrenamiento en atención al cliente.,Sugerencia
5803,"Me encantó la atención que recibí, fueron muy atentos.",Sugerencia
5804,"El sistema de turnos no funciona bien, deberían optimizarlo.",Queja
5805,Podrían mejorar la experiencia en línea con una mejor interfaz.,Sugerencia
5806,"La aplicación móvil tiene muchos errores, deberían mejorarla.",Queja
5807,"Los tiempos de espera son excesivos, deberían mejorarlo.",Queja
5808,Podrían mejorar la experiencia en línea con una mejor interfaz.,Sugerencia
5809,Deberían ofrecer más descuentos para clientes frecuentes.,Sugerencia
5810,Me gustaría que ofrecieran más promociones en productos populares.,Sugerencia
5811,Deberían ofrecer más descuentos para clientes frecuentes.,Sugerencia
5812,Sería genial si agregaran más opciones de pago.,Sugerencia
5813,"Me encantó la atención que recibí, fueron muy atentos.",Sugerencia
5814,Podrían ampliar el horario de atención para mayor comodidad.,Sugerencia
5815,"Me encantó la atención que recibí, fueron muy atentos.",Sugerencia
5816,El servicio al cliente fue muy lento y poco amable.,Queja
5817,No me gusta que el personal no esté bien capacitado.,Queja
5818,No me gusta que el personal no esté bien capacitado.,Queja
5819,"La aplicación móvil tiene muchos errores, deberían mejorarla.",Queja
5820,El servicio telefónico es ineficiente y no resuelven dudas.,Queja
5821,No me gusta que el personal no esté bien capacitado.,Queja
5822,El personal debería recibir más entrenamiento en atención al cliente.,Sugerencia
5823,Tuve un problema con mi compra y nadie me ayudó.,Queja
5824,Me gustaría que ofrecieran más promociones en productos populares.,Sugerencia
5825,"Los tiempos de espera son excesivos, deberían mejorarlo.",Queja
5826,Sería útil que agregaran un chat en vivo para consultas rápidas.,Sugerencia
5827,No me gusta que el personal no esté bien capacitado.,Queja
5828,El producto llegó defectuoso y tardaron en dar solución.,Queja
5829,Sería genial si agregaran más opciones de pago.,Sugerencia
5830,Tuve un problema con mi compra y nadie me ayudó.,Queja
5831,"Me encantó la atención que recibí, fueron muy atentos.",Sugerencia
5832,El ambiente en la tienda es muy agradable y acogedor.,Sugerencia
5833,Sería genial si agregaran más opciones de pago.,Sugerencia
5834,El servicio al cliente fue muy lento y poco amable.,Queja
5835,"Los tiempos de espera son excesivos, deberían mejorarlo.",Queja
5836,No me gusta que el personal no esté bien capacitado.,Queja
5837,Podrían mejorar la experiencia en línea con una mejor interfaz.,Sugerencia
5838,"La aplicación móvil tiene muchos errores, deberían mejorarla.",Queja
5839,"Me encantó la atención que recibí, fueron muy atentos.",Sugerencia
5840,El servicio telefónico es ineficiente y no resuelven dudas.,Queja
5841,El personal debería recibir más entrenamiento en atención al cliente.,Sugerencia
5842,El servicio al cliente fue muy lento y poco amable.,Queja
5843,Podrían mejorar la experiencia en línea con una mejor interfaz.,Sugerencia
5844,"El sistema de turnos no funciona bien, deberían optimizarlo.",Queja
5845,Deberían ofrecer más descuentos para clientes frecuentes.,Sugerencia
5846,"El sistema de turnos no funciona bien, deberían optimizarlo.",Queja
5847,Podrían mejorar la experiencia en línea con una mejor interfaz.,Sugerencia
5848,No responden los correos de atención al cliente.,Queja
5849,El servicio telefónico es ineficiente y no resuelven dudas.,Queja
5850,"El sistema de turnos no funciona bien, deberían optimizarlo.",Queja
5851,"Me encantó la atención que recibí, fueron muy atentos.",Sugerencia
5852,El ambiente en la tienda es muy agradable y acogedor.,Sugerencia
5853,Sería bueno que ampliaran la cobertura del servicio a más ciudades.,Sugerencia
5854,Podrían mejorar la experiencia en línea con una mejor interfaz.,Sugerencia
5855,No responden los correos de atención al cliente.,Queja
5856,La página web es muy lenta y difícil de usar.,Queja
5857,No me gusta que el personal no esté bien capacitado.,Queja
5858,Sería útil que agregaran un chat en vivo para consultas rápidas.,Sugerencia
5859,"Los tiempos de espera son excesivos, deberían mejorarlo.",Queja
5860,La página web es muy lenta y difícil de usar.,Queja
5861,Podrían ampliar el horario de atención para mayor comodidad.,Sugerencia
5862,Sería genial si agregaran más opciones de pago.,Sugerencia
5863,El ambiente en la tienda es muy agradable y acogedor.,Sugerencia
5864,Podrían mejorar la experiencia en línea con una mejor interfaz.,Sugerencia
5865,No responden los correos de atención al cliente.,Queja
5866,Podrían mejorar la experiencia en línea con una mejor interfaz.,Sugerencia
5867,El servicio telefónico es ineficiente y no resuelven dudas.,Queja
5868,Tuve un problema con mi compra y nadie me ayudó.,Queja
5869,"La aplicación móvil tiene muchos errores, deberían mejorarla.",Queja
5870,"El sistema de turnos no funciona bien, deberían optimizarlo.",Queja
5871,El servicio telefónico es ineficiente y no resuelven dudas.,Queja
5872,Sería genial si agregaran más opciones de pago.,Sugerencia
5873,"El sistema de turnos no funciona bien, deberían optimizarlo.",Queja
5874,Me gustaría que ofrecieran más promociones en productos populares.,Sugerencia
5875,Sería útil que agregaran un chat en vivo para consultas rápidas.,Sugerencia
5876,Sería bueno que ampliaran la cobertura del servicio a más ciudades.,Sugerencia
5877,Tuve un problema con mi compra y nadie me ayudó.,Queja
5878,El personal debería recibir más entrenamiento en atención al cliente.,Sugerencia
5879,El personal debería recibir más entrenamiento en atención al cliente.,Sugerencia
5880,Podrían ampliar el horario de atención para mayor comodidad.,Sugerencia
5881,El ambiente en la tienda es muy agradable y acogedor.,Sugerencia
5882,No responden los correos de atención al cliente.,Queja
5883,"El sistema de turnos no funciona bien, deberían optimizarlo.",Queja
5884,"Me encantó la atención que recibí, fueron muy atentos.",Sugerencia
5885,"Me encantó la atención que recibí, fueron muy atentos.",Sugerencia
5886,No responden los correos de atención al cliente.,Queja
5887,Podrían ampliar el horario de atención para mayor comodidad.,Sugerencia
5888,Sería genial si agregaran más opciones de pago.,Sugerencia
5889,"El sistema de turnos no funciona bien, deberían optimizarlo.",Queja
5890,El ambiente en la tienda es muy agradable y acogedor.,Sugerencia
5891,"El sistema de turnos no funciona bien, deberían optimizarlo.",Queja
5892,La página web es muy lenta y difícil de usar.,Queja
5893,El servicio al cliente fue muy lento y poco amable.,Queja
5894,"Me encantó la atención que recibí, fueron muy atentos.",Sugerencia
5895,"Los tiempos de espera son excesivos, deberían mejorarlo.",Queja
5896,El servicio al cliente fue muy lento y poco amable.,Queja
5897,No me gusta que el personal no esté bien capacitado.,Queja
5898,El servicio al cliente fue muy lento y poco amable.,Queja
5899,Sería bueno que ampliaran la cobertura del servicio a más ciudades.,Sugerencia
5900,"Los tiempos de espera son excesivos, deberían mejorarlo.",Queja
5901,El servicio telefónico es ineficiente y no resuelven dudas.,Queja
5902,"El sistema de turnos no funciona bien, deberían optimizarlo.",Queja
5903,Me gustaría que ofrecieran más promociones en productos populares.,Sugerencia
5904,Sería genial si agregaran más opciones de pago.,Sugerencia
5905,"Los tiempos de espera son excesivos, deberían mejorarlo.",Queja
5906,El personal debería recibir más entrenamiento en atención al cliente.,Sugerencia
5907,"El sistema de turnos no funciona bien, deberían optimizarlo.",Queja
5908,No me gusta que el personal no esté bien capacitado.,Queja
5909,El producto llegó defectuoso y tardaron en dar solución.,Queja
5910,Deberían ofrecer más descuentos para clientes frecuentes.,Sugerencia
5911,Deberían ofrecer más descuentos para clientes frecuentes.,Sugerencia
5912,Tuve un problema con mi compra y nadie me ayudó.,Queja
5913,"Los tiempos de espera son excesivos, deberían mejorarlo.",Queja
5914,El producto llegó defectuoso y tardaron en dar solución.,Queja
5915,El personal debería recibir más entrenamiento en atención al cliente.,Sugerencia
5916,"La aplicación móvil tiene muchos errores, deberían mejorarla.",Queja
5917,El personal debería recibir más entrenamiento en atención al cliente.,Sugerencia
5918,No responden los correos de atención al cliente.,Queja
5919,Me gustaría que ofrecieran más promociones en productos populares.,Sugerencia
5920,El personal debería recibir más entrenamiento en atención al cliente.,Sugerencia
5921,El servicio telefónico es ineficiente y no resuelven dudas.,Queja
5922,El servicio al cliente fue muy lento y poco amable.,Queja
5923,Me gustaría que ofrecieran más promociones en productos populares.,Sugerencia
5924,La página web es muy lenta y difícil de usar.,Queja
5925,No me gusta que el personal no esté bien capacitado.,Queja
5926,La página web es muy lenta y difícil de usar.,Queja
5927,No responden los correos de atención al cliente.,Queja
5928,"El sistema de turnos no funciona bien, deberían optimizarlo.",Queja
5929,No me gusta que el personal no esté bien capacitado.,Queja
5930,Sería genial si agregaran más opciones de pago.,Sugerencia
5931,El ambiente en la tienda es muy agradable y acogedor.,Sugerencia
5932,El servicio al cliente fue muy lento y poco amable.,Queja
5933,La página web es muy lenta y difícil de usar.,Queja
5934,No responden los correos de atención al cliente.,Queja
5935,Podrían mejorar la experiencia en línea con una mejor interfaz.,Sugerencia
5936,Podrían mejorar la experiencia en línea con una mejor interfaz.,Sugerencia
5937,No responden los correos de atención al cliente.,Queja
5938,Tuve un problema con mi compra y nadie me ayudó.,Queja
5939,"La aplicación móvil tiene muchos errores, deberían mejorarla.",Queja
5940,El producto llegó defectuoso y tardaron en dar solución.,Queja
5941,El servicio al cliente fue muy lento y poco amable.,Queja
5942,El ambiente en la tienda es muy agradable y acogedor.,Sugerencia
5943,El servicio al cliente fue muy lento y poco amable.,Queja
5944,La página web es muy lenta y difícil de usar.,Queja
5945,Tuve un problema con mi compra y nadie me ayudó.,Queja
5946,El producto llegó defectuoso y tardaron en dar solución.,Queja
5947,Podrían mejorar la experiencia en línea con una mejor interfaz.,Sugerencia
5948,"La aplicación móvil tiene muchos errores, deberían mejorarla.",Queja
5949,Sería útil que agregaran un chat en vivo para consultas rápidas.,Sugerencia
5950,Podrían mejorar la experiencia en línea con una mejor interfaz.,Sugerencia
5951,No responden los correos de atención al cliente.,Queja
5952,El servicio al cliente fue muy lento y poco amable.,Queja
5953,El producto llegó defectuoso y tardaron en dar solución.,Queja
5954,Deberían ofrecer más descuentos para clientes frecuentes.,Sugerencia
5955,El personal debería recibir más entrenamiento en atención al cliente.,Sugerencia
5956,No responden los correos de atención al cliente.,Queja
5957,El servicio al cliente fue muy lento y poco amable.,Queja
5958,No responden los correos de atención al cliente.,Queja
5959,El ambiente en la tienda es muy agradable y acogedor.,Sugerencia
5960,No responden los correos de atención al cliente.,Queja
5961,El servicio telefónico es ineficiente y no resuelven dudas.,Queja
5962,"Los tiempos de espera son excesivos, deberían mejorarlo.",Queja
5963,Sería útil que agregaran un chat en vivo para consultas rápidas.,Sugerencia
5964,Me gustaría que ofrecieran más promociones en productos populares.,Sugerencia
5965,Me gustaría que ofrecieran más promociones en productos populares.,Sugerencia
5966,No me gusta que el personal no esté bien capacitado.,Queja
5967,"El sistema de turnos no funciona bien, deberían optimizarlo.",Queja
5968,Sería bueno que ampliaran la cobertura del servicio a más ciudades.,Sugerencia
5969,El servicio telefónico es ineficiente y no resuelven dudas.,Queja
5970,El servicio telefónico es ineficiente y no resuelven dudas.,Queja
5971,Deberían ofrecer más descuentos para clientes frecuentes.,Sugerencia
5972,"Los tiempos de espera son excesivos, deberían mejorarlo.",Queja
5973,Podrían mejorar la experiencia en línea con una mejor interfaz.,Sugerencia
5974,Deberían ofrecer más descuentos para clientes frecuentes.,Sugerencia
5975,Podrían mejorar la experiencia en línea con una mejor interfaz.,Sugerencia
5976,"Los tiempos de espera son excesivos, deberían mejorarlo.",Queja
5977,"La aplicación móvil tiene muchos errores, deberían mejorarla.",Queja
5978,No me gusta que el personal no esté bien capacitado.,Queja
5979,"Me encantó la atención que recibí, fueron muy atentos.",Sugerencia
5980,El ambiente en la tienda es muy agradable y acogedor.,Sugerencia
5981,Podrían mejorar la experiencia en línea con una mejor interfaz.,Sugerencia
5982,Sería genial si agregaran más opciones de pago.,Sugerencia
5983,Sería genial si agregaran más opciones de pago.,Sugerencia
5984,"El sistema de turnos no funciona bien, deberían optimizarlo.",Queja
5985,La página web es muy lenta y difícil de usar.,Queja
5986,"Los tiempos de espera son excesivos, deberían mejorarlo.",Queja
5987,El ambiente en la tienda es muy agradable y acogedor.,Sugerencia
5988,"Los tiempos de espera son excesivos, deberían mejorarlo.",Queja
5989,Sería bueno que ampliaran la cobertura del servicio a más ciudades.,Sugerencia
5990,Sería útil que agregaran un chat en vivo para consultas rápidas.,Sugerencia
5991,"La aplicación móvil tiene muchos errores, deberían mejorarla.",Queja
5992,Podrían ampliar el horario de atención para mayor comodidad.,Sugerencia
5993,No me gusta que el personal no esté bien capacitado.,Queja
5994,El producto llegó defectuoso y tardaron en dar solución.,Queja
5995,"El sistema de turnos no funciona bien, deberían optimizarlo.",Queja
5996,"Los tiempos de espera son excesivos, deberían mejorarlo.",Queja
5997,La página web es muy lenta y difícil de usar.,Queja
5998,El ambiente en la tienda es muy agradable y acogedor.,Sugerencia
5999,Deberían ofrecer más descuentos para clientes frecuentes.,Sugerencia
6000,Deberían ofrecer más descuentos para clientes frecuentes.,Sugerencia
6001,Me gustaría que ofrecieran más promociones en productos populares.,Sugerencia
6002,No me gusta que el personal no esté bien capacitado.,Queja
6003,Sería bueno que ampliaran la cobertura del servicio a más ciudades.,Sugerencia
6004,No responden los correos de atención al cliente.,Queja
6005,Me gustaría que ofrecieran más promociones en productos populares.,Sugerencia
6006,Deberían ofrecer más descuentos para clientes frecuentes.,Sugerencia
6007,Sería útil que agregaran un chat en vivo para consultas rápidas.,Sugerencia
6008,No me gusta que el personal no esté bien capacitado.,Queja
6009,El ambiente en la tienda es muy agradable y acogedor.,Sugerencia
6010,Deberían ofrecer más descuentos para clientes frecuentes.,Sugerencia
6011,No me gusta que el personal no esté bien capacitado.,Queja
6012,El producto llegó defectuoso y tardaron en dar solución.,Queja
6013,El servicio telefónico es ineficiente y no resuelven dudas.,Queja
6014,Deberían ofrecer más descuentos para clientes frecuentes.,Sugerencia
6015,Sería bueno que ampliaran la cobertura del servicio a más ciudades.,Sugerencia
6016,No responden los correos de atención al cliente.,Queja
6017,Sería genial si agregaran más opciones de pago.,Sugerencia
6018,"La aplicación móvil tiene muchos errores, deberían mejorarla.",Queja
6019,Sería útil que agregaran un chat en vivo para consultas rápidas.,Sugerencia
6020,No responden los correos de atención al cliente.,Queja
6021,"Me encantó la atención que recibí, fueron muy atentos.",Sugerencia
6022,Sería útil que agregaran un chat en vivo para consultas rápidas.,Sugerencia
6023,No me gusta que el personal no esté bien capacitado.,Queja
6024,Podrían ampliar el horario de atención para mayor comodidad.,Sugerencia
6025,El producto llegó defectuoso y tardaron en dar solución.,Queja
6026,"El sistema de turnos no funciona bien, deberían optimizarlo.",Queja
6027,Podrían mejorar la experiencia en línea con una mejor interfaz.,Sugerencia
6028,El personal debería recibir más entrenamiento en atención al cliente.,Sugerencia
6029,"Los tiempos de espera son excesivos, deberían mejorarlo.",Queja
6030,Sería útil que agregaran un chat en vivo para consultas rápidas.,Sugerencia
6031,Deberían ofrecer más descuentos para clientes frecuentes.,Sugerencia
6032,La página web es muy lenta y difícil de usar.,Queja
6033,Podrían ampliar el horario de atención para mayor comodidad.,Sugerencia
6034,Podrían mejorar la experiencia en línea con una mejor interfaz.,Sugerencia
6035,Podrían ampliar el horario de atención para mayor comodidad.,Sugerencia
6036,Podrían mejorar la experiencia en línea con una mejor interfaz.,Sugerencia
6037,El ambiente en la tienda es muy agradable y acogedor.,Sugerencia
6038,Podrían mejorar la experiencia en línea con una mejor interfaz.,Sugerencia
6039,"La aplicación móvil tiene muchos errores, deberían mejorarla.",Queja
6040,No responden los correos de atención al cliente.,Queja
6041,El servicio telefónico es ineficiente y no resuelven dudas.,Queja
6042,El personal debería recibir más entrenamiento en atención al cliente.,Sugerencia
6043,Me gustaría que ofrecieran más promociones en productos populares.,Sugerencia
6044,Sería bueno que ampliaran la cobertura del servicio a más ciudades.,Sugerencia
6045,Deberían ofrecer más descuentos para clientes frecuentes.,Sugerencia
6046,Tuve un problema con mi compra y nadie me ayudó.,Queja
6047,"Los tiempos de espera son excesivos, deberían mejorarlo.",Queja
6048,"El sistema de turnos no funciona bien, deberían optimizarlo.",Queja
6049,El personal debería recibir más entrenamiento en atención al cliente.,Sugerencia
6050,"Me encantó la atención que recibí, fueron muy atentos.",Sugerencia
6051,El producto llegó defectuoso y tardaron en dar solución.,Queja
6052,"La aplicación móvil tiene muchos errores, deberían mejorarla.",Queja
6053,No responden los correos de atención al cliente.,Queja
6054,Tuve un problema con mi compra y nadie me ayudó.,Queja
6055,Tuve un problema con mi compra y nadie me ayudó.,Queja
6056,Me gustaría que ofrecieran más promociones en productos populares.,Sugerencia
6057,"Los tiempos de espera son excesivos, deberían mejorarlo.",Queja
6058,El personal debería recibir más entrenamiento en atención al cliente.,Sugerencia
6059,La página web es muy lenta y difícil de usar.,Queja
6060,No me gusta que el personal no esté bien capacitado.,Queja
6061,"La aplicación móvil tiene muchos errores, deberían mejorarla.",Queja
6062,Tuve un problema con mi compra y nadie me ayudó.,Queja
6063,Tuve un problema con mi compra y nadie me ayudó.,Queja
6064,No me gusta que el personal no esté bien capacitado.,Queja
6065,La página web es muy lenta y difícil de usar.,Queja
6066,Podrían mejorar la experiencia en línea con una mejor interfaz.,Sugerencia
6067,"Me encantó la atención que recibí, fueron muy atentos.",Sugerencia
6068,Podrían mejorar la experiencia en línea con una mejor interfaz.,Sugerencia
6069,"Los tiempos de espera son excesivos, deberían mejorarlo.",Queja
6070,El ambiente en la tienda es muy agradable y acogedor.,Sugerencia
6071,"La aplicación móvil tiene muchos errores, deberían mejorarla.",Queja
6072,"La aplicación móvil tiene muchos errores, deberían mejorarla.",Queja
6073,Tuve un problema con mi compra y nadie me ayudó.,Queja
6074,Sería bueno que ampliaran la cobertura del servicio a más ciudades.,Sugerencia
6075,Me gustaría que ofrecieran más promociones en productos populares.,Sugerencia
6076,Sería genial si agregaran más opciones de pago.,Sugerencia
6077,El producto llegó defectuoso y tardaron en dar solución.,Queja
6078,El ambiente en la tienda es muy agradable y acogedor.,Sugerencia
6079,La página web es muy lenta y difícil de usar.,Queja
6080,Sería útil que agregaran un chat en vivo para consultas rápidas.,Sugerencia
6081,El ambiente en la tienda es muy agradable y acogedor.,Sugerencia
6082,"Me encantó la atención que recibí, fueron muy atentos.",Sugerencia
6083,"El sistema de turnos no funciona bien, deberían optimizarlo.",Queja
6084,El personal debería recibir más entrenamiento en atención al cliente.,Sugerencia
6085,Deberían ofrecer más descuentos para clientes frecuentes.,Sugerencia
6086,El producto llegó defectuoso y tardaron en dar solución.,Queja
6087,No me gusta que el personal no esté bien capacitado.,Queja
6088,El personal debería recibir más entrenamiento en atención al cliente.,Sugerencia
6089,El servicio al cliente fue muy lento y poco amable.,Queja
6090,El personal debería recibir más entrenamiento en atención al cliente.,Sugerencia
6091,"Los tiempos de espera son excesivos, deberían mejorarlo.",Queja
6092,Podrían mejorar la experiencia en línea con una mejor interfaz.,Sugerencia
6093,No me gusta que el personal no esté bien capacitado.,Queja
6094,Sería genial si agregaran más opciones de pago.,Sugerencia
6095,Sería bueno que ampliaran la cobertura del servicio a más ciudades.,Sugerencia
6096,El servicio telefónico es ineficiente y no resuelven dudas.,Queja
6097,"Me encantó la atención que recibí, fueron muy atentos.",Sugerencia
6098,El servicio telefónico es ineficiente y no resuelven dudas.,Queja
6099,"El sistema de turnos no funciona bien, deberían optimizarlo.",Queja
6100,Tuve un problema con mi compra y nadie me ayudó.,Queja
6101,El personal debería recibir más entrenamiento en atención al cliente.,Sugerencia
6102,El servicio al cliente fue muy lento y poco amable.,Queja
6103,Podrían mejorar la experiencia en línea con una mejor interfaz.,Sugerencia
6104,Sería genial si agregaran más opciones de pago.,Sugerencia
6105,Sería bueno que ampliaran la cobertura del servicio a más ciudades.,Sugerencia
6106,La página web es muy lenta y difícil de usar.,Queja
6107,El personal debería recibir más entrenamiento en atención al cliente.,Sugerencia
6108,Me gustaría que ofrecieran más promociones en productos populares.,Sugerencia
6109,La página web es muy lenta y difícil de usar.,Queja
6110,Sería genial si agregaran más opciones de pago.,Sugerencia
6111,El producto llegó defectuoso y tardaron en dar solución.,Queja
6112,"Me encantó la atención que recibí, fueron muy atentos.",Sugerencia
6113,No responden los correos de atención al cliente.,Queja
6114,No me gusta que el personal no esté bien capacitado.,Queja
6115,El ambiente en la tienda es muy agradable y acogedor.,Sugerencia
6116,El ambiente en la tienda es muy agradable y acogedor.,Sugerencia
6117,Podrían mejorar la experiencia en línea con una mejor interfaz.,Sugerencia
6118,El servicio telefónico es ineficiente y no resuelven dudas.,Queja
6119,"El sistema de turnos no funciona bien, deberían optimizarlo.",Queja
6120,"Me encantó la atención que recibí, fueron muy atentos.",Sugerencia
6121,"El sistema de turnos no funciona bien, deberían optimizarlo.",Queja
6122,Sería útil que agregaran un chat en vivo para consultas rápidas.,Sugerencia
6123,Podrían mejorar la experiencia en línea con una mejor interfaz.,Sugerencia
6124,"El sistema de turnos no funciona bien, deberían optimizarlo.",Queja
6125,Podrían ampliar el horario de atención para mayor comodidad.,Sugerencia
6126,Sería útil que agregaran un chat en vivo para consultas rápidas.,Sugerencia
6127,"El sistema de turnos no funciona bien, deberían optimizarlo.",Queja
6128,"Me encantó la atención que recibí, fueron muy atentos.",Sugerencia
6129,El producto llegó defectuoso y tardaron en dar solución.,Queja
6130,Sería útil que agregaran un chat en vivo para consultas rápidas.,Sugerencia
6131,El ambiente en la tienda es muy agradable y acogedor.,Sugerencia
6132,Tuve un problema con mi compra y nadie me ayudó.,Queja
6133,La página web es muy lenta y difícil de usar.,Queja
6134,Podrían mejorar la experiencia en línea con una mejor interfaz.,Sugerencia
6135,La página web es muy lenta y difícil de usar.,Queja
6136,Deberían ofrecer más descuentos para clientes frecuentes.,Sugerencia
6137,No responden los correos de atención al cliente.,Queja
6138,El producto llegó defectuoso y tardaron en dar solución.,Queja
6139,El ambiente en la tienda es muy agradable y acogedor.,Sugerencia
6140,Sería útil que agregaran un chat en vivo para consultas rápidas.,Sugerencia
6141,"El sistema de turnos no funciona bien, deberían optimizarlo.",Queja
6142,Sería útil que agregaran un chat en vivo para consultas rápidas.,Sugerencia
6143,El ambiente en la tienda es muy agradable y acogedor.,Sugerencia
6144,El servicio al cliente fue muy lento y poco amable.,Queja
6145,"La aplicación móvil tiene muchos errores, deberían mejorarla.",Queja
6146,El servicio al cliente fue muy lento y poco amable.,Queja
6147,Podrían mejorar la experiencia en línea con una mejor interfaz.,Sugerencia
6148,El servicio al cliente fue muy lento y poco amable.,Queja
6149,No responden los correos de atención al cliente.,Queja
6150,El producto llegó defectuoso y tardaron en dar solución.,Queja
6151,El servicio telefónico es ineficiente y no resuelven dudas.,Queja
6152,Deberían ofrecer más descuentos para clientes frecuentes.,Sugerencia
6153,No responden los correos de atención al cliente.,Queja
6154,Deberían ofrecer más descuentos para clientes frecuentes.,Sugerencia
6155,El personal debería recibir más entrenamiento en atención al cliente.,Sugerencia
6156,Podrían mejorar la experiencia en línea con una mejor interfaz.,Sugerencia
6157,Podrían mejorar la experiencia en línea con una mejor interfaz.,Sugerencia
6158,El personal debería recibir más entrenamiento en atención al cliente.,Sugerencia
6159,Podrían ampliar el horario de atención para mayor comodidad.,Sugerencia
6160,Tuve un problema con mi compra y nadie me ayudó.,Queja
6161,"Me encantó la atención que recibí, fueron muy atentos.",Sugerencia
6162,El servicio telefónico es ineficiente y no resuelven dudas.,Queja
6163,"La aplicación móvil tiene muchos errores, deberían mejorarla.",Queja
6164,La página web es muy lenta y difícil de usar.,Queja
6165,Deberían ofrecer más descuentos para clientes frecuentes.,Sugerencia
6166,Podrían mejorar la experiencia en línea con una mejor interfaz.,Sugerencia
6167,Podrían mejorar la experiencia en línea con una mejor interfaz.,Sugerencia
6168,"La aplicación móvil tiene muchos errores, deberían mejorarla.",Queja
6169,Podrían mejorar la experiencia en línea con una mejor interfaz.,Sugerencia
6170,El servicio telefónico es ineficiente y no resuelven dudas.,Queja
6171,El servicio al cliente fue muy lento y poco amable.,Queja
6172,La página web es muy lenta y difícil de usar.,Queja
6173,El producto llegó defectuoso y tardaron en dar solución.,Queja
6174,Deberían ofrecer más descuentos para clientes frecuentes.,Sugerencia
6175,Deberían ofrecer más descuentos para clientes frecuentes.,Sugerencia
6176,Me gustaría que ofrecieran más promociones en productos populares.,Sugerencia
6177,"Me encantó la atención que recibí, fueron muy atentos.",Sugerencia
6178,No me gusta que el personal no esté bien capacitado.,Queja
6179,Podrían ampliar el horario de atención para mayor comodidad.,Sugerencia
6180,Sería útil que agregaran un chat en vivo para consultas rápidas.,Sugerencia
6181,"Me encantó la atención que recibí, fueron muy atentos.",Sugerencia
6182,No responden los correos de atención al cliente.,Queja
6183,Podrían ampliar el horario de atención para mayor comodidad.,Sugerencia
6184,El personal debería recibir más entrenamiento en atención al cliente.,Sugerencia
6185,Sería genial si agregaran más opciones de pago.,Sugerencia
6186,El servicio al cliente fue muy lento y poco amable.,Queja
6187,Sería genial si agregaran más opciones de pago.,Sugerencia
6188,El servicio al cliente fue muy lento y poco amable.,Queja
6189,Sería útil que agregaran un chat en vivo para consultas rápidas.,Sugerencia
6190,Podrían mejorar la experiencia en línea con una mejor interfaz.,Sugerencia
6191,Deberían ofrecer más descuentos para clientes frecuentes.,Sugerencia
6192,El personal debería recibir más entrenamiento en atención al cliente.,Sugerencia
6193,El personal debería recibir más entrenamiento en atención al cliente.,Sugerencia
6194,Sería útil que agregaran un chat en vivo para consultas rápidas.,Sugerencia
6195,El ambiente en la tienda es muy agradable y acogedor.,Sugerencia
6196,El servicio al cliente fue muy lento y poco amable.,Queja
6197,Deberían ofrecer más descuentos para clientes frecuentes.,Sugerencia
6198,Sería bueno que ampliaran la cobertura del servicio a más ciudades.,Sugerencia
6199,Podrían mejorar la experiencia en línea con una mejor interfaz.,Sugerencia
6200,"Me encantó la atención que recibí, fueron muy atentos.",Sugerencia
6201,Podrían ampliar el horario de atención para mayor comodidad.,Sugerencia
6202,Sería genial si agregaran más opciones de pago.,Sugerencia
6203,Deberían ofrecer más descuentos para clientes frecuentes.,Sugerencia
6204,"Los tiempos de espera son excesivos, deberían mejorarlo.",Queja
6205,La página web es muy lenta y difícil de usar.,Queja
6206,No me gusta que el personal no esté bien capacitado.,Queja
6207,Me gustaría que ofrecieran más promociones en productos populares.,Sugerencia
6208,"El sistema de turnos no funciona bien, deberían optimizarlo.",Queja
6209,Deberían ofrecer más descuentos para clientes frecuentes.,Sugerencia
6210,"La aplicación móvil tiene muchos errores, deberían mejorarla.",Queja
6211,No me gusta que el personal no esté bien capacitado.,Queja
6212,"El sistema de turnos no funciona bien, deberían optimizarlo.",Queja
6213,El servicio al cliente fue muy lento y poco amable.,Queja
6214,Me gustaría que ofrecieran más promociones en productos populares.,Sugerencia
6215,Sería bueno que ampliaran la cobertura del servicio a más ciudades.,Sugerencia
6216,"El sistema de turnos no funciona bien, deberían optimizarlo.",Queja
6217,Sería genial si agregaran más opciones de pago.,Sugerencia
6218,La página web es muy lenta y difícil de usar.,Queja
6219,Me gustaría que ofrecieran más promociones en productos populares.,Sugerencia
6220,Podrían ampliar el horario de atención para mayor comodidad.,Sugerencia
6221,"Me encantó la atención que recibí, fueron muy atentos.",Sugerencia
6222,La página web es muy lenta y difícil de usar.,Queja
6223,El producto llegó defectuoso y tardaron en dar solución.,Queja
6224,No me gusta que el personal no esté bien capacitado.,Queja
6225,El servicio telefónico es ineficiente y no resuelven dudas.,Queja
6226,No responden los correos de atención al cliente.,Queja
6227,Sería bueno que ampliaran la cobertura del servicio a más ciudades.,Sugerencia
6228,No responden los correos de atención al cliente.,Queja
6229,Podrían ampliar el horario de atención para mayor comodidad.,Sugerencia
6230,El personal debería recibir más entrenamiento en atención al cliente.,Sugerencia
6231,No me gusta que el personal no esté bien capacitado.,Queja
6232,"Los tiempos de espera son excesivos, deberían mejorarlo.",Queja
6233,El personal debería recibir más entrenamiento en atención al cliente.,Sugerencia
6234,Podrían ampliar el horario de atención para mayor comodidad.,Sugerencia
6235,Tuve un problema con mi compra y nadie me ayudó.,Queja
6236,Podrían mejorar la experiencia en línea con una mejor interfaz.,Sugerencia
6237,El servicio al cliente fue muy lento y poco amable.,Queja
6238,El ambiente en la tienda es muy agradable y acogedor.,Sugerencia
6239,"Me encantó la atención que recibí, fueron muy atentos.",Sugerencia
6240,"La aplicación móvil tiene muchos errores, deberían mejorarla.",Queja
6241,La página web es muy lenta y difícil de usar.,Queja
6242,"Me encantó la atención que recibí, fueron muy atentos.",Sugerencia
6243,Deberían ofrecer más descuentos para clientes frecuentes.,Sugerencia
6244,No me gusta que el personal no esté bien capacitado.,Queja
6245,Podrían ampliar el horario de atención para mayor comodidad.,Sugerencia
6246,Sería bueno que ampliaran la cobertura del servicio a más ciudades.,Sugerencia
6247,Me gustaría que ofrecieran más promociones en productos populares.,Sugerencia
6248,Podrían mejorar la experiencia en línea con una mejor interfaz.,Sugerencia
6249,El servicio telefónico es ineficiente y no resuelven dudas.,Queja
6250,La página web es muy lenta y difícil de usar.,Queja
6251,Deberían ofrecer más descuentos para clientes frecuentes.,Sugerencia
6252,Deberían ofrecer más descuentos para clientes frecuentes.,Sugerencia
6253,"El sistema de turnos no funciona bien, deberían optimizarlo.",Queja
6254,El producto llegó defectuoso y tardaron en dar solución.,Queja
6255,"La aplicación móvil tiene muchos errores, deberían mejorarla.",Queja
6256,No responden los correos de atención al cliente.,Queja
6257,"Los tiempos de espera son excesivos, deberían mejorarlo.",Queja
6258,El producto llegó defectuoso y tardaron en dar solución.,Queja
6259,La página web es muy lenta y difícil de usar.,Queja
6260,No me gusta que el personal no esté bien capacitado.,Queja
6261,Deberían ofrecer más descuentos para clientes frecuentes.,Sugerencia
6262,El personal debería recibir más entrenamiento en atención al cliente.,Sugerencia
6263,"Me encantó la atención que recibí, fueron muy atentos.",Sugerencia
6264,"La aplicación móvil tiene muchos errores, deberían mejorarla.",Queja
6265,"Los tiempos de espera son excesivos, deberían mejorarlo.",Queja
6266,El servicio telefónico es ineficiente y no resuelven dudas.,Queja
6267,El producto llegó defectuoso y tardaron en dar solución.,Queja
6268,El ambiente en la tienda es muy agradable y acogedor.,Sugerencia
6269,El producto llegó defectuoso y tardaron en dar solución.,Queja
6270,El producto llegó defectuoso y tardaron en dar solución.,Queja
6271,El producto llegó defectuoso y tardaron en dar solución.,Queja
6272,"El sistema de turnos no funciona bien, deberían optimizarlo.",Queja
6273,El ambiente en la tienda es muy agradable y acogedor.,Sugerencia
6274,Me gustaría que ofrecieran más promociones en productos populares.,Sugerencia
6275,Sería genial si agregaran más opciones de pago.,Sugerencia
6276,Tuve un problema con mi compra y nadie me ayudó.,Queja
6277,El servicio telefónico es ineficiente y no resuelven dudas.,Queja
6278,"El sistema de turnos no funciona bien, deberían optimizarlo.",Queja
6279,El personal debería recibir más entrenamiento en atención al cliente.,Sugerencia
6280,El producto llegó defectuoso y tardaron en dar solución.,Queja
6281,El servicio al cliente fue muy lento y poco amable.,Queja
6282,Sería bueno que ampliaran la cobertura del servicio a más ciudades.,Sugerencia
6283,"Los tiempos de espera son excesivos, deberían mejorarlo.",Queja
6284,Podrían ampliar el horario de atención para mayor comodidad.,Sugerencia
6285,El servicio al cliente fue muy lento y poco amable.,Queja
6286,Podrían ampliar el horario de atención para mayor comodidad.,Sugerencia
6287,"Me encantó la atención que recibí, fueron muy atentos.",Sugerencia
6288,No responden los correos de atención al cliente.,Queja
6289,Deberían ofrecer más descuentos para clientes frecuentes.,Sugerencia
6290,No responden los correos de atención al cliente.,Queja
6291,Podrían mejorar la experiencia en línea con una mejor interfaz.,Sugerencia
6292,El ambiente en la tienda es muy agradable y acogedor.,Sugerencia
6293,Sería bueno que ampliaran la cobertura del servicio a más ciudades.,Sugerencia
6294,El servicio al cliente fue muy lento y poco amable.,Queja
6295,"El sistema de turnos no funciona bien, deberían optimizarlo.",Queja
6296,La página web es muy lenta y difícil de usar.,Queja
6297,Sería genial si agregaran más opciones de pago.,Sugerencia
6298,Sería útil que agregaran un chat en vivo para consultas rápidas.,Sugerencia
6299,"La aplicación móvil tiene muchos errores, deberían mejorarla.",Queja
6300,El ambiente en la tienda es muy agradable y acogedor.,Sugerencia
6301,Me gustaría que ofrecieran más promociones en productos populares.,Sugerencia
6302,Me gustaría que ofrecieran más promociones en productos populares.,Sugerencia
6303,Podrían ampliar el horario de atención para mayor comodidad.,Sugerencia
6304,Podrían mejorar la experiencia en línea con una mejor interfaz.,Sugerencia
6305,Me gustaría que ofrecieran más promociones en productos populares.,Sugerencia
6306,No responden los correos de atención al cliente.,Queja
6307,Sería genial si agregaran más opciones de pago.,Sugerencia
6308,El personal debería recibir más entrenamiento en atención al cliente.,Sugerencia
6309,El personal debería recibir más entrenamiento en atención al cliente.,Sugerencia
6310,Podrían mejorar la experiencia en línea con una mejor interfaz.,Sugerencia
6311,Deberían ofrecer más descuentos para clientes frecuentes.,Sugerencia
6312,El servicio telefónico es ineficiente y no resuelven dudas.,Queja
6313,No me gusta que el personal no esté bien capacitado.,Queja
6314,El ambiente en la tienda es muy agradable y acogedor.,Sugerencia
6315,Sería útil que agregaran un chat en vivo para consultas rápidas.,Sugerencia
6316,"El sistema de turnos no funciona bien, deberían optimizarlo.",Queja
6317,Me gustaría que ofrecieran más promociones en productos populares.,Sugerencia
6318,Sería útil que agregaran un chat en vivo para consultas rápidas.,Sugerencia
6319,Sería genial si agregaran más opciones de pago.,Sugerencia
6320,Sería bueno que ampliaran la cobertura del servicio a más ciudades.,Sugerencia
6321,La página web es muy lenta y difícil de usar.,Queja
6322,No responden los correos de atención al cliente.,Queja
6323,Sería bueno que ampliaran la cobertura del servicio a más ciudades.,Sugerencia
6324,"Los tiempos de espera son excesivos, deberían mejorarlo.",Queja
6325,Sería útil que agregaran un chat en vivo para consultas rápidas.,Sugerencia
6326,No me gusta que el personal no esté bien capacitado.,Queja
6327,La página web es muy lenta y difícil de usar.,Queja
6328,El producto llegó defectuoso y tardaron en dar solución.,Queja
6329,Tuve un problema con mi compra y nadie me ayudó.,Queja
6330,El personal debería recibir más entrenamiento en atención al cliente.,Sugerencia
6331,"Me encantó la atención que recibí, fueron muy atentos.",Sugerencia
6332,Sería bueno que ampliaran la cobertura del servicio a más ciudades.,Sugerencia
6333,Me gustaría que ofrecieran más promociones en productos populares.,Sugerencia
6334,No responden los correos de atención al cliente.,Queja
6335,Sería bueno que ampliaran la cobertura del servicio a más ciudades.,Sugerencia
6336,"La aplicación móvil tiene muchos errores, deberían mejorarla.",Queja
6337,Podrían mejorar la experiencia en línea con una mejor interfaz.,Sugerencia
6338,No responden los correos de atención al cliente.,Queja
6339,El servicio telefónico es ineficiente y no resuelven dudas.,Queja
6340,Podrían ampliar el horario de atención para mayor comodidad.,Sugerencia
6341,Podrían mejorar la experiencia en línea con una mejor interfaz.,Sugerencia
6342,No me gusta que el personal no esté bien capacitado.,Queja
6343,Sería genial si agregaran más opciones de pago.,Sugerencia
6344,Sería bueno que ampliaran la cobertura del servicio a más ciudades.,Sugerencia
6345,Deberían ofrecer más descuentos para clientes frecuentes.,Sugerencia
6346,Sería útil que agregaran un chat en vivo para consultas rápidas.,Sugerencia
6347,Podrían mejorar la experiencia en línea con una mejor interfaz.,Sugerencia
6348,"Me encantó la atención que recibí, fueron muy atentos.",Sugerencia
6349,"Me encantó la atención que recibí, fueron muy atentos.",Sugerencia
6350,Sería genial si agregaran más opciones de pago.,Sugerencia
6351,Podrían ampliar el horario de atención para mayor comodidad.,Sugerencia
6352,La página web es muy lenta y difícil de usar.,Queja
6353,Podrían mejorar la experiencia en línea con una mejor interfaz.,Sugerencia
6354,El producto llegó defectuoso y tardaron en dar solución.,Queja
6355,Podrían ampliar el horario de atención para mayor comodidad.,Sugerencia
6356,Deberían ofrecer más descuentos para clientes frecuentes.,Sugerencia
6357,El producto llegó defectuoso y tardaron en dar solución.,Queja
6358,Tuve un problema con mi compra y nadie me ayudó.,Queja
6359,Deberían ofrecer más descuentos para clientes frecuentes.,Sugerencia
6360,Me gustaría que ofrecieran más promociones en productos populares.,Sugerencia
6361,"La aplicación móvil tiene muchos errores, deberían mejorarla.",Queja
6362,"Me encantó la atención que recibí, fueron muy atentos.",Sugerencia
6363,El producto llegó defectuoso y tardaron en dar solución.,Queja
6364,Podrían mejorar la experiencia en línea con una mejor interfaz.,Sugerencia
6365,No responden los correos de atención al cliente.,Queja
6366,Tuve un problema con mi compra y nadie me ayudó.,Queja
6367,No me gusta que el personal no esté bien capacitado.,Queja
6368,Podrían mejorar la experiencia en línea con una mejor interfaz.,Sugerencia
6369,Sería genial si agregaran más opciones de pago.,Sugerencia
6370,La página web es muy lenta y difícil de usar.,Queja
6371,"Me encantó la atención que recibí, fueron muy atentos.",Sugerencia
6372,El ambiente en la tienda es muy agradable y acogedor.,Sugerencia
6373,La página web es muy lenta y difícil de usar.,Queja
6374,"Me encantó la atención que recibí, fueron muy atentos.",Sugerencia
6375,Deberían ofrecer más descuentos para clientes frecuentes.,Sugerencia
6376,Deberían ofrecer más descuentos para clientes frecuentes.,Sugerencia
6377,El personal debería recibir más entrenamiento en atención al cliente.,Sugerencia
6378,El personal debería recibir más entrenamiento en atención al cliente.,Sugerencia
6379,"Me encantó la atención que recibí, fueron muy atentos.",Sugerencia
6380,El servicio telefónico es ineficiente y no resuelven dudas.,Queja
6381,Tuve un problema con mi compra y nadie me ayudó.,Queja
6382,El ambiente en la tienda es muy agradable y acogedor.,Sugerencia
6383,"Me encantó la atención que recibí, fueron muy atentos.",Sugerencia
6384,No me gusta que el personal no esté bien capacitado.,Queja
6385,El producto llegó defectuoso y tardaron en dar solución.,Queja
6386,Podrían ampliar el horario de atención para mayor comodidad.,Sugerencia
6387,No me gusta que el personal no esté bien capacitado.,Queja
6388,Sería útil que agregaran un chat en vivo para consultas rápidas.,Sugerencia
6389,La página web es muy lenta y difícil de usar.,Queja
6390,Sería bueno que ampliaran la cobertura del servicio a más ciudades.,Sugerencia
6391,Deberían ofrecer más descuentos para clientes frecuentes.,Sugerencia
6392,"Me encantó la atención que recibí, fueron muy atentos.",Sugerencia
6393,"La aplicación móvil tiene muchos errores, deberían mejorarla.",Queja
6394,"La aplicación móvil tiene muchos errores, deberían mejorarla.",Queja
6395,Sería bueno que ampliaran la cobertura del servicio a más ciudades.,Sugerencia
6396,"Me encantó la atención que recibí, fueron muy atentos.",Sugerencia
6397,Podrían ampliar el horario de atención para mayor comodidad.,Sugerencia
6398,Me gustaría que ofrecieran más promociones en productos populares.,Sugerencia
6399,Sería útil que agregaran un chat en vivo para consultas rápidas.,Sugerencia
6400,"Los tiempos de espera son excesivos, deberían mejorarlo.",Queja
6401,El servicio al cliente fue muy lento y poco amable.,Queja
6402,"Me encantó la atención que recibí, fueron muy atentos.",Sugerencia
6403,El servicio al cliente fue muy lento y poco amable.,Queja
6404,El servicio telefónico es ineficiente y no resuelven dudas.,Queja
6405,"La aplicación móvil tiene muchos errores, deberían mejorarla.",Queja
6406,El personal debería recibir más entrenamiento en atención al cliente.,Sugerencia
6407,Sería genial si agregaran más opciones de pago.,Sugerencia
6408,Podrían ampliar el horario de atención para mayor comodidad.,Sugerencia
6409,El producto llegó defectuoso y tardaron en dar solución.,Queja
6410,El ambiente en la tienda es muy agradable y acogedor.,Sugerencia
6411,"Me encantó la atención que recibí, fueron muy atentos.",Sugerencia
6412,No responden los correos de atención al cliente.,Queja
6413,El personal debería recibir más entrenamiento en atención al cliente.,Sugerencia
6414,No me gusta que el personal no esté bien capacitado.,Queja
6415,Sería genial si agregaran más opciones de pago.,Sugerencia
6416,La página web es muy lenta y difícil de usar.,Queja
6417,El ambiente en la tienda es muy agradable y acogedor.,Sugerencia
6418,La página web es muy lenta y difícil de usar.,Queja
6419,Tuve un problema con mi compra y nadie me ayudó.,Queja
6420,Sería útil que agregaran un chat en vivo para consultas rápidas.,Sugerencia
6421,"El sistema de turnos no funciona bien, deberían optimizarlo.",Queja
6422,Podrían mejorar la experiencia en línea con una mejor interfaz.,Sugerencia
6423,Sería bueno que ampliaran la cobertura del servicio a más ciudades.,Sugerencia
6424,"La aplicación móvil tiene muchos errores, deberían mejorarla.",Queja
6425,"El sistema de turnos no funciona bien, deberían optimizarlo.",Queja
6426,"La aplicación móvil tiene muchos errores, deberían mejorarla.",Queja
6427,El ambiente en la tienda es muy agradable y acogedor.,Sugerencia
6428,"Me encantó la atención que recibí, fueron muy atentos.",Sugerencia
6429,El producto llegó defectuoso y tardaron en dar solución.,Queja
6430,Sería genial si agregaran más opciones de pago.,Sugerencia
6431,Sería bueno que ampliaran la cobertura del servicio a más ciudades.,Sugerencia
6432,El ambiente en la tienda es muy agradable y acogedor.,Sugerencia
6433,La página web es muy lenta y difícil de usar.,Queja
6434,"El sistema de turnos no funciona bien, deberían optimizarlo.",Queja
6435,"Me encantó la atención que recibí, fueron muy atentos.",Sugerencia
6436,El producto llegó defectuoso y tardaron en dar solución.,Queja
6437,"La aplicación móvil tiene muchos errores, deberían mejorarla.",Queja
6438,No responden los correos de atención al cliente.,Queja
6439,No responden los correos de atención al cliente.,Queja
6440,Tuve un problema con mi compra y nadie me ayudó.,Queja
6441,Me gustaría que ofrecieran más promociones en productos populares.,Sugerencia
6442,"El sistema de turnos no funciona bien, deberían optimizarlo.",Queja
6443,Podrían ampliar el horario de atención para mayor comodidad.,Sugerencia
6444,El producto llegó defectuoso y tardaron en dar solución.,Queja
6445,El servicio al cliente fue muy lento y poco amable.,Queja
6446,El personal debería recibir más entrenamiento en atención al cliente.,Sugerencia
6447,"El sistema de turnos no funciona bien, deberían optimizarlo.",Queja
6448,El personal debería recibir más entrenamiento en atención al cliente.,Sugerencia
6449,Tuve un problema con mi compra y nadie me ayudó.,Queja
6450,"Los tiempos de espera son excesivos, deberían mejorarlo.",Queja
6451,"El sistema de turnos no funciona bien, deberían optimizarlo.",Queja
6452,El personal debería recibir más entrenamiento en atención al cliente.,Sugerencia
6453,No me gusta que el personal no esté bien capacitado.,Queja
6454,No responden los correos de atención al cliente.,Queja
6455,Sería útil que agregaran un chat en vivo para consultas rápidas.,Sugerencia
6456,El ambiente en la tienda es muy agradable y acogedor.,Sugerencia
6457,No responden los correos de atención al cliente.,Queja
6458,Deberían ofrecer más descuentos para clientes frecuentes.,Sugerencia
6459,No me gusta que el personal no esté bien capacitado.,Queja
6460,No me gusta que el personal no esté bien capacitado.,Queja
6461,Sería útil que agregaran un chat en vivo para consultas rápidas.,Sugerencia
6462,Me gustaría que ofrecieran más promociones en productos populares.,Sugerencia
6463,El servicio telefónico es ineficiente y no resuelven dudas.,Queja
6464,El personal debería recibir más entrenamiento en atención al cliente.,Sugerencia
6465,Tuve un problema con mi compra y nadie me ayudó.,Queja
6466,No me gusta que el personal no esté bien capacitado.,Queja
6467,No me gusta que el personal no esté bien capacitado.,Queja
6468,"La aplicación móvil tiene muchos errores, deberían mejorarla.",Queja
6469,Sería útil que agregaran un chat en vivo para consultas rápidas.,Sugerencia
6470,Podrían ampliar el horario de atención para mayor comodidad.,Sugerencia
6471,No me gusta que el personal no esté bien capacitado.,Queja
6472,"El sistema de turnos no funciona bien, deberían optimizarlo.",Queja
6473,"Los tiempos de espera son excesivos, deberían mejorarlo.",Queja
6474,Sería útil que agregaran un chat en vivo para consultas rápidas.,Sugerencia
6475,"Me encantó la atención que recibí, fueron muy atentos.",Sugerencia
6476,No me gusta que el personal no esté bien capacitado.,Queja
6477,"Me encantó la atención que recibí, fueron muy atentos.",Sugerencia
6478,"La aplicación móvil tiene muchos errores, deberían mejorarla.",Queja
6479,No me gusta que el personal no esté bien capacitado.,Queja
6480,Me gustaría que ofrecieran más promociones en productos populares.,Sugerencia
6481,El producto llegó defectuoso y tardaron en dar solución.,Queja
6482,La página web es muy lenta y difícil de usar.,Queja
6483,El personal debería recibir más entrenamiento en atención al cliente.,Sugerencia
6484,Podrían mejorar la experiencia en línea con una mejor interfaz.,Sugerencia
6485,El servicio telefónico es ineficiente y no resuelven dudas.,Queja
6486,La página web es muy lenta y difícil de usar.,Queja
6487,El servicio telefónico es ineficiente y no resuelven dudas.,Queja
6488,No responden los correos de atención al cliente.,Queja
6489,El ambiente en la tienda es muy agradable y acogedor.,Sugerencia
6490,Sería útil que agregaran un chat en vivo para consultas rápidas.,Sugerencia
6491,No responden los correos de atención al cliente.,Queja
6492,Deberían ofrecer más descuentos para clientes frecuentes.,Sugerencia
6493,Me gustaría que ofrecieran más promociones en productos populares.,Sugerencia
6494,Sería genial si agregaran más opciones de pago.,Sugerencia
6495,Sería útil que agregaran un chat en vivo para consultas rápidas.,Sugerencia
6496,"El sistema de turnos no funciona bien, deberían optimizarlo.",Queja
6497,No me gusta que el personal no esté bien capacitado.,Queja
6498,No responden los correos de atención al cliente.,Queja
6499,Podrían ampliar el horario de atención para mayor comodidad.,Sugerencia
6500,Sería bueno que ampliaran la cobertura del servicio a más ciudades.,Sugerencia
6501,"Los tiempos de espera son excesivos, deberían mejorarlo.",Queja
6502,Podrían ampliar el horario de atención para mayor comodidad.,Sugerencia
6503,El servicio telefónico es ineficiente y no resuelven dudas.,Queja
6504,El producto llegó defectuoso y tardaron en dar solución.,Queja
6505,Deberían ofrecer más descuentos para clientes frecuentes.,Sugerencia
6506,Me gustaría que ofrecieran más promociones en productos populares.,Sugerencia
6507,Tuve un problema con mi compra y nadie me ayudó.,Queja
6508,Me gustaría que ofrecieran más promociones en productos populares.,Sugerencia
6509,El servicio telefónico es ineficiente y no resuelven dudas.,Queja
6510,Tuve un problema con mi compra y nadie me ayudó.,Queja
6511,El servicio al cliente fue muy lento y poco amable.,Queja
6512,El servicio telefónico es ineficiente y no resuelven dudas.,Queja
6513,Sería útil que agregaran un chat en vivo para consultas rápidas.,Sugerencia
6514,El servicio telefónico es ineficiente y no resuelven dudas.,Queja
6515,Sería genial si agregaran más opciones de pago.,Sugerencia
6516,Sería bueno que ampliaran la cobertura del servicio a más ciudades.,Sugerencia
6517,No me gusta que el personal no esté bien capacitado.,Queja
6518,El personal debería recibir más entrenamiento en atención al cliente.,Sugerencia
6519,"Me encantó la atención que recibí, fueron muy atentos.",Sugerencia
6520,"Me encantó la atención que recibí, fueron muy atentos.",Sugerencia
6521,El ambiente en la tienda es muy agradable y acogedor.,Sugerencia
6522,El servicio al cliente fue muy lento y poco amable.,Queja
6523,La página web es muy lenta y difícil de usar.,Queja
6524,El servicio telefónico es ineficiente y no resuelven dudas.,Queja
6525,Podrían mejorar la experiencia en línea con una mejor interfaz.,Sugerencia
6526,Podrían ampliar el horario de atención para mayor comodidad.,Sugerencia
6527,Podrían ampliar el horario de atención para mayor comodidad.,Sugerencia
6528,"El sistema de turnos no funciona bien, deberían optimizarlo.",Queja
6529,Podrían mejorar la experiencia en línea con una mejor interfaz.,Sugerencia
6530,Podrían mejorar la experiencia en línea con una mejor interfaz.,Sugerencia
6531,El servicio al cliente fue muy lento y poco amable.,Queja
6532,Me gustaría que ofrecieran más promociones en productos populares.,Sugerencia
6533,El producto llegó defectuoso y tardaron en dar solución.,Queja
6534,Me gustaría que ofrecieran más promociones en productos populares.,Sugerencia
6535,"Los tiempos de espera son excesivos, deberían mejorarlo.",Queja
6536,Podrían ampliar el horario de atención para mayor comodidad.,Sugerencia
6537,"Los tiempos de espera son excesivos, deberían mejorarlo.",Queja
6538,Tuve un problema con mi compra y nadie me ayudó.,Queja
6539,El producto llegó defectuoso y tardaron en dar solución.,Queja
6540,La página web es muy lenta y difícil de usar.,Queja
6541,Me gustaría que ofrecieran más promociones en productos populares.,Sugerencia
6542,"Los tiempos de espera son excesivos, deberían mejorarlo.",Queja
6543,El ambiente en la tienda es muy agradable y acogedor.,Sugerencia
6544,El servicio al cliente fue muy lento y poco amable.,Queja
6545,"El sistema de turnos no funciona bien, deberían optimizarlo.",Queja
6546,No responden los correos de atención al cliente.,Queja
6547,El ambiente en la tienda es muy agradable y acogedor.,Sugerencia
6548,Podrían ampliar el horario de atención para mayor comodidad.,Sugerencia
6549,La página web es muy lenta y difícil de usar.,Queja
6550,Sería útil que agregaran un chat en vivo para consultas rápidas.,Sugerencia
6551,El producto llegó defectuoso y tardaron en dar solución.,Queja
6552,Podrían mejorar la experiencia en línea con una mejor interfaz.,Sugerencia
6553,El personal debería recibir más entrenamiento en atención al cliente.,Sugerencia
6554,Me gustaría que ofrecieran más promociones en productos populares.,Sugerencia
6555,El producto llegó defectuoso y tardaron en dar solución.,Queja
6556,Me gustaría que ofrecieran más promociones en productos populares.,Sugerencia
6557,El ambiente en la tienda es muy agradable y acogedor.,Sugerencia
6558,El ambiente en la tienda es muy agradable y acogedor.,Sugerencia
6559,Sería útil que agregaran un chat en vivo para consultas rápidas.,Sugerencia
6560,El servicio telefónico es ineficiente y no resuelven dudas.,Queja
6561,Podrían ampliar el horario de atención para mayor comodidad.,Sugerencia
6562,El producto llegó defectuoso y tardaron en dar solución.,Queja
6563,Podrían mejorar la experiencia en línea con una mejor interfaz.,Sugerencia
6564,"El sistema de turnos no funciona bien, deberían optimizarlo.",Queja
6565,"El sistema de turnos no funciona bien, deberían optimizarlo.",Queja
6566,Tuve un problema con mi compra y nadie me ayudó.,Queja
6567,No me gusta que el personal no esté bien capacitado.,Queja
6568,"El sistema de turnos no funciona bien, deberían optimizarlo.",Queja
6569,Deberían ofrecer más descuentos para clientes frecuentes.,Sugerencia
6570,Podrían mejorar la experiencia en línea con una mejor interfaz.,Sugerencia
6571,El personal debería recibir más entrenamiento en atención al cliente.,Sugerencia
6572,Podrían ampliar el horario de atención para mayor comodidad.,Sugerencia
6573,Sería útil que agregaran un chat en vivo para consultas rápidas.,Sugerencia
6574,No responden los correos de atención al cliente.,Queja
6575,"El sistema de turnos no funciona bien, deberían optimizarlo.",Queja
6576,Sería genial si agregaran más opciones de pago.,Sugerencia
6577,"El sistema de turnos no funciona bien, deberían optimizarlo.",Queja
6578,Sería bueno que ampliaran la cobertura del servicio a más ciudades.,Sugerencia
6579,La página web es muy lenta y difícil de usar.,Queja
6580,"La aplicación móvil tiene muchos errores, deberían mejorarla.",Queja
6581,Deberían ofrecer más descuentos para clientes frecuentes.,Sugerencia
6582,"Los tiempos de espera son excesivos, deberían mejorarlo.",Queja
6583,"El sistema de turnos no funciona bien, deberían optimizarlo.",Queja
6584,"La aplicación móvil tiene muchos errores, deberían mejorarla.",Queja
6585,"Me encantó la atención que recibí, fueron muy atentos.",Sugerencia
6586,Sería útil que agregaran un chat en vivo para consultas rápidas.,Sugerencia
6587,Podrían ampliar el horario de atención para mayor comodidad.,Sugerencia
6588,El servicio al cliente fue muy lento y poco amable.,Queja
6589,No responden los correos de atención al cliente.,Queja
6590,El producto llegó defectuoso y tardaron en dar solución.,Queja
6591,Podrían ampliar el horario de atención para mayor comodidad.,Sugerencia
6592,Sería genial si agregaran más opciones de pago.,Sugerencia
6593,"El sistema de turnos no funciona bien, deberían optimizarlo.",Queja
6594,"La aplicación móvil tiene muchos errores, deberían mejorarla.",Queja
6595,"La aplicación móvil tiene muchos errores, deberían mejorarla.",Queja
6596,"La aplicación móvil tiene muchos errores, deberían mejorarla.",Queja
6597,Sería útil que agregaran un chat en vivo para consultas rápidas.,Sugerencia
6598,El servicio al cliente fue muy lento y poco amable.,Queja
6599,El ambiente en la tienda es muy agradable y acogedor.,Sugerencia
6600,Sería bueno que ampliaran la cobertura del servicio a más ciudades.,Sugerencia
6601,El servicio al cliente fue muy lento y poco amable.,Queja
6602,"La aplicación móvil tiene muchos errores, deberían mejorarla.",Queja
6603,"El sistema de turnos no funciona bien, deberían optimizarlo.",Queja
6604,El servicio al cliente fue muy lento y poco amable.,Queja
6605,El producto llegó defectuoso y tardaron en dar solución.,Queja
6606,El ambiente en la tienda es muy agradable y acogedor.,Sugerencia
6607,"El sistema de turnos no funciona bien, deberían optimizarlo.",Queja
6608,Me gustaría que ofrecieran más promociones en productos populares.,Sugerencia
6609,El servicio telefónico es ineficiente y no resuelven dudas.,Queja
6610,Podrían ampliar el horario de atención para mayor comodidad.,Sugerencia
6611,Sería útil que agregaran un chat en vivo para consultas rápidas.,Sugerencia
6612,Podrían ampliar el horario de atención para mayor comodidad.,Sugerencia
6613,La página web es muy lenta y difícil de usar.,Queja
6614,"Me encantó la atención que recibí, fueron muy atentos.",Sugerencia
6615,Deberían ofrecer más descuentos para clientes frecuentes.,Sugerencia
6616,El servicio telefónico es ineficiente y no resuelven dudas.,Queja
6617,Podrían ampliar el horario de atención para mayor comodidad.,Sugerencia
6618,El ambiente en la tienda es muy agradable y acogedor.,Sugerencia
6619,"Los tiempos de espera son excesivos, deberían mejorarlo.",Queja
6620,Sería genial si agregaran más opciones de pago.,Sugerencia
6621,Tuve un problema con mi compra y nadie me ayudó.,Queja
6622,Sería genial si agregaran más opciones de pago.,Sugerencia
6623,No me gusta que el personal no esté bien capacitado.,Queja
6624,Podrían ampliar el horario de atención para mayor comodidad.,Sugerencia
6625,"La aplicación móvil tiene muchos errores, deberían mejorarla.",Queja
6626,"La aplicación móvil tiene muchos errores, deberían mejorarla.",Queja
6627,"Me encantó la atención que recibí, fueron muy atentos.",Sugerencia
6628,"Me encantó la atención que recibí, fueron muy atentos.",Sugerencia
6629,El producto llegó defectuoso y tardaron en dar solución.,Queja
6630,Podrían mejorar la experiencia en línea con una mejor interfaz.,Sugerencia
6631,Tuve un problema con mi compra y nadie me ayudó.,Queja
6632,El ambiente en la tienda es muy agradable y acogedor.,Sugerencia
6633,Sería útil que agregaran un chat en vivo para consultas rápidas.,Sugerencia
6634,Tuve un problema con mi compra y nadie me ayudó.,Queja
6635,El ambiente en la tienda es muy agradable y acogedor.,Sugerencia
6636,El personal debería recibir más entrenamiento en atención al cliente.,Sugerencia
6637,Sería útil que agregaran un chat en vivo para consultas rápidas.,Sugerencia
6638,El personal debería recibir más entrenamiento en atención al cliente.,Sugerencia
6639,Podrían mejorar la experiencia en línea con una mejor interfaz.,Sugerencia
6640,No responden los correos de atención al cliente.,Queja
6641,"La aplicación móvil tiene muchos errores, deberían mejorarla.",Queja
6642,Podrían mejorar la experiencia en línea con una mejor interfaz.,Sugerencia
6643,No responden los correos de atención al cliente.,Queja
6644,El servicio telefónico es ineficiente y no resuelven dudas.,Queja
6645,Sería útil que agregaran un chat en vivo para consultas rápidas.,Sugerencia
6646,"El sistema de turnos no funciona bien, deberían optimizarlo.",Queja
6647,Me gustaría que ofrecieran más promociones en productos populares.,Sugerencia
6648,Sería genial si agregaran más opciones de pago.,Sugerencia
6649,Sería útil que agregaran un chat en vivo para consultas rápidas.,Sugerencia
6650,El producto llegó defectuoso y tardaron en dar solución.,Queja
6651,El servicio al cliente fue muy lento y poco amable.,Queja
6652,Podrían ampliar el horario de atención para mayor comodidad.,Sugerencia
6653,Sería útil que agregaran un chat en vivo para consultas rápidas.,Sugerencia
6654,"La aplicación móvil tiene muchos errores, deberían mejorarla.",Queja
6655,Sería útil que agregaran un chat en vivo para consultas rápidas.,Sugerencia
6656,El personal debería recibir más entrenamiento en atención al cliente.,Sugerencia
6657,"El sistema de turnos no funciona bien, deberían optimizarlo.",Queja
6658,Me gustaría que ofrecieran más promociones en productos populares.,Sugerencia
6659,Podrían ampliar el horario de atención para mayor comodidad.,Sugerencia
6660,El personal debería recibir más entrenamiento en atención al cliente.,Sugerencia
6661,"Me encantó la atención que recibí, fueron muy atentos.",Sugerencia
6662,"La aplicación móvil tiene muchos errores, deberían mejorarla.",Queja
6663,Deberían ofrecer más descuentos para clientes frecuentes.,Sugerencia
6664,Me gustaría que ofrecieran más promociones en productos populares.,Sugerencia
6665,El servicio al cliente fue muy lento y poco amable.,Queja
6666,Me gustaría que ofrecieran más promociones en productos populares.,Sugerencia
6667,"Me encantó la atención que recibí, fueron muy atentos.",Sugerencia
6668,Deberían ofrecer más descuentos para clientes frecuentes.,Sugerencia
6669,Sería útil que agregaran un chat en vivo para consultas rápidas.,Sugerencia
6670,La página web es muy lenta y difícil de usar.,Queja
6671,El servicio al cliente fue muy lento y poco amable.,Queja
6672,Sería útil que agregaran un chat en vivo para consultas rápidas.,Sugerencia
6673,"Me encantó la atención que recibí, fueron muy atentos.",Sugerencia
6674,Podrían ampliar el horario de atención para mayor comodidad.,Sugerencia
6675,El ambiente en la tienda es muy agradable y acogedor.,Sugerencia
6676,Me gustaría que ofrecieran más promociones en productos populares.,Sugerencia
6677,El personal debería recibir más entrenamiento en atención al cliente.,Sugerencia
6678,El ambiente en la tienda es muy agradable y acogedor.,Sugerencia
6679,No responden los correos de atención al cliente.,Queja
6680,Deberían ofrecer más descuentos para clientes frecuentes.,Sugerencia
6681,"Los tiempos de espera son excesivos, deberían mejorarlo.",Queja
6682,Sería bueno que ampliaran la cobertura del servicio a más ciudades.,Sugerencia
6683,El servicio al cliente fue muy lento y poco amable.,Queja
6684,Sería bueno que ampliaran la cobertura del servicio a más ciudades.,Sugerencia
6685,Podrían mejorar la experiencia en línea con una mejor interfaz.,Sugerencia
6686,No me gusta que el personal no esté bien capacitado.,Queja
6687,El personal debería recibir más entrenamiento en atención al cliente.,Sugerencia
6688,Deberían ofrecer más descuentos para clientes frecuentes.,Sugerencia
6689,"La aplicación móvil tiene muchos errores, deberían mejorarla.",Queja
6690,Sería genial si agregaran más opciones de pago.,Sugerencia
6691,El ambiente en la tienda es muy agradable y acogedor.,Sugerencia
6692,El servicio al cliente fue muy lento y poco amable.,Queja
6693,Deberían ofrecer más descuentos para clientes frecuentes.,Sugerencia
6694,Sería útil que agregaran un chat en vivo para consultas rápidas.,Sugerencia
6695,El servicio al cliente fue muy lento y poco amable.,Queja
6696,El personal debería recibir más entrenamiento en atención al cliente.,Sugerencia
6697,Sería útil que agregaran un chat en vivo para consultas rápidas.,Sugerencia
6698,El personal debería recibir más entrenamiento en atención al cliente.,Sugerencia
6699,La página web es muy lenta y difícil de usar.,Queja
6700,Me gustaría que ofrecieran más promociones en productos populares.,Sugerencia
6701,Podrían mejorar la experiencia en línea con una mejor interfaz.,Sugerencia
6702,Deberían ofrecer más descuentos para clientes frecuentes.,Sugerencia
6703,No me gusta que el personal no esté bien capacitado.,Queja
6704,Sería útil que agregaran un chat en vivo para consultas rápidas.,Sugerencia
6705,"La aplicación móvil tiene muchos errores, deberían mejorarla.",Queja
6706,El servicio telefónico es ineficiente y no resuelven dudas.,Queja
6707,Deberían ofrecer más descuentos para clientes frecuentes.,Sugerencia
6708,Deberían ofrecer más descuentos para clientes frecuentes.,Sugerencia
6709,La página web es muy lenta y difícil de usar.,Queja
6710,La página web es muy lenta y difícil de usar.,Queja
6711,"La aplicación móvil tiene muchos errores, deberían mejorarla.",Queja
6712,"Los tiempos de espera son excesivos, deberían mejorarlo.",Queja
6713,Sería útil que agregaran un chat en vivo para consultas rápidas.,Sugerencia
6714,Podrían mejorar la experiencia en línea con una mejor interfaz.,Sugerencia
6715,Deberían ofrecer más descuentos para clientes frecuentes.,Sugerencia
6716,Podrían ampliar el horario de atención para mayor comodidad.,Sugerencia
6717,Me gustaría que ofrecieran más promociones en productos populares.,Sugerencia
6718,El producto llegó defectuoso y tardaron en dar solución.,Queja
6719,Podrían ampliar el horario de atención para mayor comodidad.,Sugerencia
6720,No me gusta que el personal no esté bien capacitado.,Queja
6721,No me gusta que el personal no esté bien capacitado.,Queja
6722,No responden los correos de atención al cliente.,Queja
6723,Me gustaría que ofrecieran más promociones en productos populares.,Sugerencia
6724,Sería útil que agregaran un chat en vivo para consultas rápidas.,Sugerencia
6725,Tuve un problema con mi compra y nadie me ayudó.,Queja
6726,El producto llegó defectuoso y tardaron en dar solución.,Queja
6727,No me gusta que el personal no esté bien capacitado.,Queja
6728,El servicio al cliente fue muy lento y poco amable.,Queja
6729,Me gustaría que ofrecieran más promociones en productos populares.,Sugerencia
6730,Deberían ofrecer más descuentos para clientes frecuentes.,Sugerencia
6731,Deberían ofrecer más descuentos para clientes frecuentes.,Sugerencia
6732,El personal debería recibir más entrenamiento en atención al cliente.,Sugerencia
6733,No me gusta que el personal no esté bien capacitado.,Queja
6734,El ambiente en la tienda es muy agradable y acogedor.,Sugerencia
6735,Deberían ofrecer más descuentos para clientes frecuentes.,Sugerencia
6736,La página web es muy lenta y difícil de usar.,Queja
6737,Deberían ofrecer más descuentos para clientes frecuentes.,Sugerencia
6738,No me gusta que el personal no esté bien capacitado.,Queja
6739,Sería bueno que ampliaran la cobertura del servicio a más ciudades.,Sugerencia
6740,El producto llegó defectuoso y tardaron en dar solución.,Queja
6741,"El sistema de turnos no funciona bien, deberían optimizarlo.",Queja
6742,Sería bueno que ampliaran la cobertura del servicio a más ciudades.,Sugerencia
6743,"El sistema de turnos no funciona bien, deberían optimizarlo.",Queja
6744,Me gustaría que ofrecieran más promociones en productos populares.,Sugerencia
6745,"Los tiempos de espera son excesivos, deberían mejorarlo.",Queja
6746,"El sistema de turnos no funciona bien, deberían optimizarlo.",Queja
6747,El producto llegó defectuoso y tardaron en dar solución.,Queja
6748,El ambiente en la tienda es muy agradable y acogedor.,Sugerencia
6749,"Me encantó la atención que recibí, fueron muy atentos.",Sugerencia
6750,"La aplicación móvil tiene muchos errores, deberían mejorarla.",Queja
6751,No me gusta que el personal no esté bien capacitado.,Queja
6752,Tuve un problema con mi compra y nadie me ayudó.,Queja
6753,Sería genial si agregaran más opciones de pago.,Sugerencia
6754,"La aplicación móvil tiene muchos errores, deberían mejorarla.",Queja
6755,Sería genial si agregaran más opciones de pago.,Sugerencia
6756,No responden los correos de atención al cliente.,Queja
6757,Podrían mejorar la experiencia en línea con una mejor interfaz.,Sugerencia
6758,El ambiente en la tienda es muy agradable y acogedor.,Sugerencia
6759,"Me encantó la atención que recibí, fueron muy atentos.",Sugerencia
6760,Podrían ampliar el horario de atención para mayor comodidad.,Sugerencia
6761,El personal debería recibir más entrenamiento en atención al cliente.,Sugerencia
6762,"Los tiempos de espera son excesivos, deberían mejorarlo.",Queja
6763,La página web es muy lenta y difícil de usar.,Queja
6764,El servicio telefónico es ineficiente y no resuelven dudas.,Queja
6765,Sería genial si agregaran más opciones de pago.,Sugerencia
6766,El servicio al cliente fue muy lento y poco amable.,Queja
6767,El producto llegó defectuoso y tardaron en dar solución.,Queja
6768,El ambiente en la tienda es muy agradable y acogedor.,Sugerencia
6769,El ambiente en la tienda es muy agradable y acogedor.,Sugerencia
6770,Me gustaría que ofrecieran más promociones en productos populares.,Sugerencia
6771,"Los tiempos de espera son excesivos, deberían mejorarlo.",Queja
6772,La página web es muy lenta y difícil de usar.,Queja
6773,No responden los correos de atención al cliente.,Queja
6774,"Los tiempos de espera son excesivos, deberían mejorarlo.",Queja
6775,El ambiente en la tienda es muy agradable y acogedor.,Sugerencia
6776,El producto llegó defectuoso y tardaron en dar solución.,Queja
6777,Deberían ofrecer más descuentos para clientes frecuentes.,Sugerencia
6778,Me gustaría que ofrecieran más promociones en productos populares.,Sugerencia
6779,Sería genial si agregaran más opciones de pago.,Sugerencia
6780,El personal debería recibir más entrenamiento en atención al cliente.,Sugerencia
6781,La página web es muy lenta y difícil de usar.,Queja
6782,Me gustaría que ofrecieran más promociones en productos populares.,Sugerencia
6783,Sería bueno que ampliaran la cobertura del servicio a más ciudades.,Sugerencia
6784,"El sistema de turnos no funciona bien, deberían optimizarlo.",Queja
6785,El producto llegó defectuoso y tardaron en dar solución.,Queja
6786,"El sistema de turnos no funciona bien, deberían optimizarlo.",Queja
6787,El ambiente en la tienda es muy agradable y acogedor.,Sugerencia
6788,Sería útil que agregaran un chat en vivo para consultas rápidas.,Sugerencia
6789,El ambiente en la tienda es muy agradable y acogedor.,Sugerencia
6790,Podrían mejorar la experiencia en línea con una mejor interfaz.,Sugerencia
6791,"El sistema de turnos no funciona bien, deberían optimizarlo.",Queja
6792,El servicio al cliente fue muy lento y poco amable.,Queja
6793,Sería útil que agregaran un chat en vivo para consultas rápidas.,Sugerencia
6794,"Los tiempos de espera son excesivos, deberían mejorarlo.",Queja
6795,El servicio telefónico es ineficiente y no resuelven dudas.,Queja
6796,Tuve un problema con mi compra y nadie me ayudó.,Queja
6797,"El sistema de turnos no funciona bien, deberían optimizarlo.",Queja
6798,Deberían ofrecer más descuentos para clientes frecuentes.,Sugerencia
6799,"El sistema de turnos no funciona bien, deberían optimizarlo.",Queja
6800,"La aplicación móvil tiene muchos errores, deberían mejorarla.",Queja
6801,El producto llegó defectuoso y tardaron en dar solución.,Queja
6802,"La aplicación móvil tiene muchos errores, deberían mejorarla.",Queja
6803,La página web es muy lenta y difícil de usar.,Queja
6804,No me gusta que el personal no esté bien capacitado.,Queja
6805,No responden los correos de atención al cliente.,Queja
6806,Sería bueno que ampliaran la cobertura del servicio a más ciudades.,Sugerencia
6807,El servicio al cliente fue muy lento y poco amable.,Queja
6808,"El sistema de turnos no funciona bien, deberían optimizarlo.",Queja
6809,"Me encantó la atención que recibí, fueron muy atentos.",Sugerencia
6810,El producto llegó defectuoso y tardaron en dar solución.,Queja
6811,Sería genial si agregaran más opciones de pago.,Sugerencia
6812,El producto llegó defectuoso y tardaron en dar solución.,Queja
6813,El ambiente en la tienda es muy agradable y acogedor.,Sugerencia
6814,Deberían ofrecer más descuentos para clientes frecuentes.,Sugerencia
6815,Deberían ofrecer más descuentos para clientes frecuentes.,Sugerencia
6816,No responden los correos de atención al cliente.,Queja
6817,La página web es muy lenta y difícil de usar.,Queja
6818,Podrían mejorar la experiencia en línea con una mejor interfaz.,Sugerencia
6819,No responden los correos de atención al cliente.,Queja
6820,No me gusta que el personal no esté bien capacitado.,Queja
6821,"La aplicación móvil tiene muchos errores, deberían mejorarla.",Queja
6822,"Los tiempos de espera son excesivos, deberían mejorarlo.",Queja
6823,No me gusta que el personal no esté bien capacitado.,Queja
6824,Deberían ofrecer más descuentos para clientes frecuentes.,Sugerencia
6825,Me gustaría que ofrecieran más promociones en productos populares.,Sugerencia
6826,"El sistema de turnos no funciona bien, deberían optimizarlo.",Queja
6827,El personal debería recibir más entrenamiento en atención al cliente.,Sugerencia
6828,Sería útil que agregaran un chat en vivo para consultas rápidas.,Sugerencia
6829,El producto llegó defectuoso y tardaron en dar solución.,Queja
6830,Podrían mejorar la experiencia en línea con una mejor interfaz.,Sugerencia
6831,"La aplicación móvil tiene muchos errores, deberían mejorarla.",Queja
6832,"Los tiempos de espera son excesivos, deberían mejorarlo.",Queja
6833,Sería bueno que ampliaran la cobertura del servicio a más ciudades.,Sugerencia
6834,"El sistema de turnos no funciona bien, deberían optimizarlo.",Queja
6835,La página web es muy lenta y difícil de usar.,Queja
6836,"Me encantó la atención que recibí, fueron muy atentos.",Sugerencia
6837,El servicio telefónico es ineficiente y no resuelven dudas.,Queja
6838,Podrían mejorar la experiencia en línea con una mejor interfaz.,Sugerencia
6839,El producto llegó defectuoso y tardaron en dar solución.,Queja
6840,El servicio telefónico es ineficiente y no resuelven dudas.,Queja
6841,Tuve un problema con mi compra y nadie me ayudó.,Queja
6842,Sería útil que agregaran un chat en vivo para consultas rápidas.,Sugerencia
6843,"Los tiempos de espera son excesivos, deberían mejorarlo.",Queja
6844,Tuve un problema con mi compra y nadie me ayudó.,Queja
6845,Podrían mejorar la experiencia en línea con una mejor interfaz.,Sugerencia
6846,Sería útil que agregaran un chat en vivo para consultas rápidas.,Sugerencia
6847,Sería útil que agregaran un chat en vivo para consultas rápidas.,Sugerencia
6848,Sería genial si agregaran más opciones de pago.,Sugerencia
6849,La página web es muy lenta y difícil de usar.,Queja
6850,Sería genial si agregaran más opciones de pago.,Sugerencia
6851,La página web es muy lenta y difícil de usar.,Queja
6852,El personal debería recibir más entrenamiento en atención al cliente.,Sugerencia
6853,Podrían ampliar el horario de atención para mayor comodidad.,Sugerencia
6854,No responden los correos de atención al cliente.,Queja
6855,"Los tiempos de espera son excesivos, deberían mejorarlo.",Queja
6856,El personal debería recibir más entrenamiento en atención al cliente.,Sugerencia
6857,El servicio telefónico es ineficiente y no resuelven dudas.,Queja
6858,La página web es muy lenta y difícil de usar.,Queja
6859,"La aplicación móvil tiene muchos errores, deberían mejorarla.",Queja
6860,Deberían ofrecer más descuentos para clientes frecuentes.,Sugerencia
6861,El personal debería recibir más entrenamiento en atención al cliente.,Sugerencia
6862,Me gustaría que ofrecieran más promociones en productos populares.,Sugerencia
6863,La página web es muy lenta y difícil de usar.,Queja
6864,"La aplicación móvil tiene muchos errores, deberían mejorarla.",Queja
6865,El personal debería recibir más entrenamiento en atención al cliente.,Sugerencia
6866,El ambiente en la tienda es muy agradable y acogedor.,Sugerencia
6867,Deberían ofrecer más descuentos para clientes frecuentes.,Sugerencia
6868,Sería bueno que ampliaran la cobertura del servicio a más ciudades.,Sugerencia
6869,No me gusta que el personal no esté bien capacitado.,Queja
6870,Sería útil que agregaran un chat en vivo para consultas rápidas.,Sugerencia
6871,Me gustaría que ofrecieran más promociones en productos populares.,Sugerencia
6872,El producto llegó defectuoso y tardaron en dar solución.,Queja
6873,Podrían mejorar la experiencia en línea con una mejor interfaz.,Sugerencia
6874,"Los tiempos de espera son excesivos, deberían mejorarlo.",Queja
6875,No responden los correos de atención al cliente.,Queja
6876,Sería útil que agregaran un chat en vivo para consultas rápidas.,Sugerencia
6877,"La aplicación móvil tiene muchos errores, deberían mejorarla.",Queja
6878,"La aplicación móvil tiene muchos errores, deberían mejorarla.",Queja
6879,"Los tiempos de espera son excesivos, deberían mejorarlo.",Queja
6880,No responden los correos de atención al cliente.,Queja
6881,El ambiente en la tienda es muy agradable y acogedor.,Sugerencia
6882,Sería bueno que ampliaran la cobertura del servicio a más ciudades.,Sugerencia
6883,"El sistema de turnos no funciona bien, deberían optimizarlo.",Queja
6884,El ambiente en la tienda es muy agradable y acogedor.,Sugerencia
6885,El producto llegó defectuoso y tardaron en dar solución.,Queja
6886,La página web es muy lenta y difícil de usar.,Queja
6887,La página web es muy lenta y difícil de usar.,Queja
6888,No me gusta que el personal no esté bien capacitado.,Queja
6889,El servicio al cliente fue muy lento y poco amable.,Queja
6890,"El sistema de turnos no funciona bien, deberían optimizarlo.",Queja
6891,Sería bueno que ampliaran la cobertura del servicio a más ciudades.,Sugerencia
6892,El ambiente en la tienda es muy agradable y acogedor.,Sugerencia
6893,"La aplicación móvil tiene muchos errores, deberían mejorarla.",Queja
6894,Sería bueno que ampliaran la cobertura del servicio a más ciudades.,Sugerencia
6895,Deberían ofrecer más descuentos para clientes frecuentes.,Sugerencia
6896,La página web es muy lenta y difícil de usar.,Queja
6897,El servicio al cliente fue muy lento y poco amable.,Queja
6898,La página web es muy lenta y difícil de usar.,Queja
6899,Tuve un problema con mi compra y nadie me ayudó.,Queja
6900,No responden los correos de atención al cliente.,Queja
6901,Me gustaría que ofrecieran más promociones en productos populares.,Sugerencia
6902,Sería útil que agregaran un chat en vivo para consultas rápidas.,Sugerencia
6903,"El sistema de turnos no funciona bien, deberían optimizarlo.",Queja
6904,Tuve un problema con mi compra y nadie me ayudó.,Queja
6905,No responden los correos de atención al cliente.,Queja
6906,Tuve un problema con mi compra y nadie me ayudó.,Queja
6907,"Los tiempos de espera son excesivos, deberían mejorarlo.",Queja
6908,Podrían ampliar el horario de atención para mayor comodidad.,Sugerencia
6909,El personal debería recibir más entrenamiento en atención al cliente.,Sugerencia
6910,"La aplicación móvil tiene muchos errores, deberían mejorarla.",Queja
6911,"Me encantó la atención que recibí, fueron muy atentos.",Sugerencia
6912,"El sistema de turnos no funciona bien, deberían optimizarlo.",Queja
6913,El ambiente en la tienda es muy agradable y acogedor.,Sugerencia
6914,Sería bueno que ampliaran la cobertura del servicio a más ciudades.,Sugerencia
6915,"Me encantó la atención que recibí, fueron muy atentos.",Sugerencia
6916,Tuve un problema con mi compra y nadie me ayudó.,Queja
6917,Sería genial si agregaran más opciones de pago.,Sugerencia
6918,Tuve un problema con mi compra y nadie me ayudó.,Queja
6919,No responden los correos de atención al cliente.,Queja
6920,Sería bueno que ampliaran la cobertura del servicio a más ciudades.,Sugerencia
6921,El servicio al cliente fue muy lento y poco amable.,Queja
6922,Sería genial si agregaran más opciones de pago.,Sugerencia
6923,El ambiente en la tienda es muy agradable y acogedor.,Sugerencia
6924,Tuve un problema con mi compra y nadie me ayudó.,Queja
6925,"Los tiempos de espera son excesivos, deberían mejorarlo.",Queja
6926,Deberían ofrecer más descuentos para clientes frecuentes.,Sugerencia
6927,"El sistema de turnos no funciona bien, deberían optimizarlo.",Queja
6928,La página web es muy lenta y difícil de usar.,Queja
6929,"Me encantó la atención que recibí, fueron muy atentos.",Sugerencia
6930,El personal debería recibir más entrenamiento en atención al cliente.,Sugerencia
6931,El servicio al cliente fue muy lento y poco amable.,Queja
6932,El servicio al cliente fue muy lento y poco amable.,Queja
6933,El ambiente en la tienda es muy agradable y acogedor.,Sugerencia
6934,Tuve un problema con mi compra y nadie me ayudó.,Queja
6935,Me gustaría que ofrecieran más promociones en productos populares.,Sugerencia
6936,El servicio telefónico es ineficiente y no resuelven dudas.,Queja
6937,"La aplicación móvil tiene muchos errores, deberían mejorarla.",Queja
6938,Podrían ampliar el horario de atención para mayor comodidad.,Sugerencia
6939,Tuve un problema con mi compra y nadie me ayudó.,Queja
6940,"La aplicación móvil tiene muchos errores, deberían mejorarla.",Queja
6941,Podrían ampliar el horario de atención para mayor comodidad.,Sugerencia
6942,Deberían ofrecer más descuentos para clientes frecuentes.,Sugerencia
6943,"El sistema de turnos no funciona bien, deberían optimizarlo.",Queja
6944,"El sistema de turnos no funciona bien, deberían optimizarlo.",Queja
6945,La página web es muy lenta y difícil de usar.,Queja
6946,Sería genial si agregaran más opciones de pago.,Sugerencia
6947,El producto llegó defectuoso y tardaron en dar solución.,Queja
6948,"Me encantó la atención que recibí, fueron muy atentos.",Sugerencia
6949,"La aplicación móvil tiene muchos errores, deberían mejorarla.",Queja
6950,Sería bueno que ampliaran la cobertura del servicio a más ciudades.,Sugerencia
6951,Sería genial si agregaran más opciones de pago.,Sugerencia
6952,El servicio al cliente fue muy lento y poco amable.,Queja
6953,"Me encantó la atención que recibí, fueron muy atentos.",Sugerencia
6954,El servicio al cliente fue muy lento y poco amable.,Queja
6955,Podrían mejorar la experiencia en línea con una mejor interfaz.,Sugerencia
6956,Me gustaría que ofrecieran más promociones en productos populares.,Sugerencia
6957,Sería bueno que ampliaran la cobertura del servicio a más ciudades.,Sugerencia
6958,El ambiente en la tienda es muy agradable y acogedor.,Sugerencia
6959,Podrían mejorar la experiencia en línea con una mejor interfaz.,Sugerencia
6960,"El sistema de turnos no funciona bien, deberían optimizarlo.",Queja
6961,"El sistema de turnos no funciona bien, deberían optimizarlo.",Queja
6962,No me gusta que el personal no esté bien capacitado.,Queja
6963,El servicio telefónico es ineficiente y no resuelven dudas.,Queja
6964,"Los tiempos de espera son excesivos, deberían mejorarlo.",Queja
6965,"Me encantó la atención que recibí, fueron muy atentos.",Sugerencia
6966,El servicio al cliente fue muy lento y poco amable.,Queja
6967,El producto llegó defectuoso y tardaron en dar solución.,Queja
6968,El servicio telefónico es ineficiente y no resuelven dudas.,Queja
6969,La página web es muy lenta y difícil de usar.,Queja
6970,"El sistema de turnos no funciona bien, deberían optimizarlo.",Queja
6971,El producto llegó defectuoso y tardaron en dar solución.,Queja
6972,El servicio al cliente fue muy lento y poco amable.,Queja
6973,Tuve un problema con mi compra y nadie me ayudó.,Queja
6974,Sería bueno que ampliaran la cobertura del servicio a más ciudades.,Sugerencia
6975,Sería genial si agregaran más opciones de pago.,Sugerencia
6976,"El sistema de turnos no funciona bien, deberían optimizarlo.",Queja
6977,"La aplicación móvil tiene muchos errores, deberían mejorarla.",Queja
6978,El personal debería recibir más entrenamiento en atención al cliente.,Sugerencia
6979,El producto llegó defectuoso y tardaron en dar solución.,Queja
6980,Podrían mejorar la experiencia en línea con una mejor interfaz.,Sugerencia
6981,Sería útil que agregaran un chat en vivo para consultas rápidas.,Sugerencia
6982,Sería genial si agregaran más opciones de pago.,Sugerencia
6983,El producto llegó defectuoso y tardaron en dar solución.,Queja
6984,"Los tiempos de espera son excesivos, deberían mejorarlo.",Queja
6985,Me gustaría que ofrecieran más promociones en productos populares.,Sugerencia
6986,Tuve un problema con mi compra y nadie me ayudó.,Queja
6987,No me gusta que el personal no esté bien capacitado.,Queja
6988,No me gusta que el personal no esté bien capacitado.,Queja
6989,El servicio al cliente fue muy lento y poco amable.,Queja
6990,"Me encantó la atención que recibí, fueron muy atentos.",Sugerencia
6991,Deberían ofrecer más descuentos para clientes frecuentes.,Sugerencia
6992,Tuve un problema con mi compra y nadie me ayudó.,Queja
6993,Tuve un problema con mi compra y nadie me ayudó.,Queja
6994,Sería útil que agregaran un chat en vivo para consultas rápidas.,Sugerencia
6995,El ambiente en la tienda es muy agradable y acogedor.,Sugerencia
6996,El servicio telefónico es ineficiente y no resuelven dudas.,Queja
6997,El ambiente en la tienda es muy agradable y acogedor.,Sugerencia
6998,Tuve un problema con mi compra y nadie me ayudó.,Queja
6999,El servicio telefónico es ineficiente y no resuelven dudas.,Queja
7000,Sería genial si agregaran más opciones de pago.,Sugerencia
7001,El servicio telefónico es ineficiente y no resuelven dudas.,Queja
7002,Tuve un problema con mi compra y nadie me ayudó.,Queja
7003,"El sistema de turnos no funciona bien, deberían optimizarlo.",Queja
7004,"Me encantó la atención que recibí, fueron muy atentos.",Sugerencia
7005,Me gustaría que ofrecieran más promociones en productos populares.,Sugerencia
7006,Me gustaría que ofrecieran más promociones en productos populares.,Sugerencia
7007,El personal debería recibir más entrenamiento en atención al cliente.,Sugerencia
7008,La página web es muy lenta y difícil de usar.,Queja
7009,"Los tiempos de espera son excesivos, deberían mejorarlo.",Queja
7010,Podrían ampliar el horario de atención para mayor comodidad.,Sugerencia
7011,No responden los correos de atención al cliente.,Queja
7012,"Me encantó la atención que recibí, fueron muy atentos.",Sugerencia
7013,El servicio telefónico es ineficiente y no resuelven dudas.,Queja
7014,El personal debería recibir más entrenamiento en atención al cliente.,Sugerencia
7015,"La aplicación móvil tiene muchos errores, deberían mejorarla.",Queja
7016,No me gusta que el personal no esté bien capacitado.,Queja
7017,Tuve un problema con mi compra y nadie me ayudó.,Queja
7018,"El sistema de turnos no funciona bien, deberían optimizarlo.",Queja
7019,Tuve un problema con mi compra y nadie me ayudó.,Queja
7020,Sería bueno que ampliaran la cobertura del servicio a más ciudades.,Sugerencia
7021,No responden los correos de atención al cliente.,Queja
7022,"Me encantó la atención que recibí, fueron muy atentos.",Sugerencia
7023,Deberían ofrecer más descuentos para clientes frecuentes.,Sugerencia
7024,Sería útil que agregaran un chat en vivo para consultas rápidas.,Sugerencia
7025,Sería bueno que ampliaran la cobertura del servicio a más ciudades.,Sugerencia
7026,Podrían ampliar el horario de atención para mayor comodidad.,Sugerencia
7027,Podrían mejorar la experiencia en línea con una mejor interfaz.,Sugerencia
7028,El servicio al cliente fue muy lento y poco amable.,Queja
7029,"Me encantó la atención que recibí, fueron muy atentos.",Sugerencia
7030,Podrían mejorar la experiencia en línea con una mejor interfaz.,Sugerencia
7031,"El sistema de turnos no funciona bien, deberían optimizarlo.",Queja
7032,"Me encantó la atención que recibí, fueron muy atentos.",Sugerencia
7033,Sería útil que agregaran un chat en vivo para consultas rápidas.,Sugerencia
7034,El producto llegó defectuoso y tardaron en dar solución.,Queja
7035,La página web es muy lenta y difícil de usar.,Queja
7036,No me gusta que el personal no esté bien capacitado.,Queja
7037,Me gustaría que ofrecieran más promociones en productos populares.,Sugerencia
7038,"Los tiempos de espera son excesivos, deberían mejorarlo.",Queja
7039,"La aplicación móvil tiene muchos errores, deberían mejorarla.",Queja
7040,"El sistema de turnos no funciona bien, deberían optimizarlo.",Queja
7041,"El sistema de turnos no funciona bien, deberían optimizarlo.",Queja
7042,Tuve un problema con mi compra y nadie me ayudó.,Queja
7043,No me gusta que el personal no esté bien capacitado.,Queja
7044,La página web es muy lenta y difícil de usar.,Queja
7045,La página web es muy lenta y difícil de usar.,Queja
7046,El servicio al cliente fue muy lento y poco amable.,Queja
7047,Podrían mejorar la experiencia en línea con una mejor interfaz.,Sugerencia
7048,Podrían ampliar el horario de atención para mayor comodidad.,Sugerencia
7049,No me gusta que el personal no esté bien capacitado.,Queja
7050,La página web es muy lenta y difícil de usar.,Queja
7051,No responden los correos de atención al cliente.,Queja
7052,Me gustaría que ofrecieran más promociones en productos populares.,Sugerencia
7053,"El sistema de turnos no funciona bien, deberían optimizarlo.",Queja
7054,El servicio al cliente fue muy lento y poco amable.,Queja
7055,"Me encantó la atención que recibí, fueron muy atentos.",Sugerencia
7056,"Me encantó la atención que recibí, fueron muy atentos.",Sugerencia
7057,"Los tiempos de espera son excesivos, deberían mejorarlo.",Queja
7058,No responden los correos de atención al cliente.,Queja
7059,Deberían ofrecer más descuentos para clientes frecuentes.,Sugerencia
7060,El personal debería recibir más entrenamiento en atención al cliente.,Sugerencia
7061,No me gusta que el personal no esté bien capacitado.,Queja
7062,Sería bueno que ampliaran la cobertura del servicio a más ciudades.,Sugerencia
7063,Tuve un problema con mi compra y nadie me ayudó.,Queja
7064,El servicio telefónico es ineficiente y no resuelven dudas.,Queja
7065,La página web es muy lenta y difícil de usar.,Queja
7066,El servicio al cliente fue muy lento y poco amable.,Queja
7067,No me gusta que el personal no esté bien capacitado.,Queja
7068,El personal debería recibir más entrenamiento en atención al cliente.,Sugerencia
7069,El ambiente en la tienda es muy agradable y acogedor.,Sugerencia
7070,No me gusta que el personal no esté bien capacitado.,Queja
7071,"La aplicación móvil tiene muchos errores, deberían mejorarla.",Queja
7072,Sería útil que agregaran un chat en vivo para consultas rápidas.,Sugerencia
7073,El producto llegó defectuoso y tardaron en dar solución.,Queja
7074,El ambiente en la tienda es muy agradable y acogedor.,Sugerencia
7075,Deberían ofrecer más descuentos para clientes frecuentes.,Sugerencia
7076,Podrían mejorar la experiencia en línea con una mejor interfaz.,Sugerencia
7077,El producto llegó defectuoso y tardaron en dar solución.,Queja
7078,Podrían ampliar el horario de atención para mayor comodidad.,Sugerencia
7079,Podrían ampliar el horario de atención para mayor comodidad.,Sugerencia
7080,El producto llegó defectuoso y tardaron en dar solución.,Queja
7081,"El sistema de turnos no funciona bien, deberían optimizarlo.",Queja
7082,"Me encantó la atención que recibí, fueron muy atentos.",Sugerencia
7083,El personal debería recibir más entrenamiento en atención al cliente.,Sugerencia
7084,Podrían mejorar la experiencia en línea con una mejor interfaz.,Sugerencia
7085,Sería genial si agregaran más opciones de pago.,Sugerencia
7086,"El sistema de turnos no funciona bien, deberían optimizarlo.",Queja
7087,El ambiente en la tienda es muy agradable y acogedor.,Sugerencia
7088,Sería útil que agregaran un chat en vivo para consultas rápidas.,Sugerencia
7089,El servicio telefónico es ineficiente y no resuelven dudas.,Queja
7090,Sería genial si agregaran más opciones de pago.,Sugerencia
7091,Tuve un problema con mi compra y nadie me ayudó.,Queja
7092,Podrían mejorar la experiencia en línea con una mejor interfaz.,Sugerencia
7093,Deberían ofrecer más descuentos para clientes frecuentes.,Sugerencia
7094,No responden los correos de atención al cliente.,Queja
7095,Podrían ampliar el horario de atención para mayor comodidad.,Sugerencia
7096,Podrían mejorar la experiencia en línea con una mejor interfaz.,Sugerencia
7097,Podrían mejorar la experiencia en línea con una mejor interfaz.,Sugerencia
7098,Sería bueno que ampliaran la cobertura del servicio a más ciudades.,Sugerencia
7099,Sería genial si agregaran más opciones de pago.,Sugerencia
7100,Deberían ofrecer más descuentos para clientes frecuentes.,Sugerencia
7101,Tuve un problema con mi compra y nadie me ayudó.,Queja
7102,No me gusta que el personal no esté bien capacitado.,Queja
7103,Podrían ampliar el horario de atención para mayor comodidad.,Sugerencia
7104,El servicio telefónico es ineficiente y no resuelven dudas.,Queja
7105,"El sistema de turnos no funciona bien, deberían optimizarlo.",Queja
7106,Podrían ampliar el horario de atención para mayor comodidad.,Sugerencia
7107,Sería genial si agregaran más opciones de pago.,Sugerencia
7108,No me gusta que el personal no esté bien capacitado.,Queja
7109,"El sistema de turnos no funciona bien, deberían optimizarlo.",Queja
7110,El personal debería recibir más entrenamiento en atención al cliente.,Sugerencia
7111,Sería útil que agregaran un chat en vivo para consultas rápidas.,Sugerencia
7112,Me gustaría que ofrecieran más promociones en productos populares.,Sugerencia
7113,El producto llegó defectuoso y tardaron en dar solución.,Queja
7114,Me gustaría que ofrecieran más promociones en productos populares.,Sugerencia
7115,El producto llegó defectuoso y tardaron en dar solución.,Queja
7116,Podrían mejorar la experiencia en línea con una mejor interfaz.,Sugerencia
7117,Podrían ampliar el horario de atención para mayor comodidad.,Sugerencia
7118,La página web es muy lenta y difícil de usar.,Queja
7119,"El sistema de turnos no funciona bien, deberían optimizarlo.",Queja
7120,No responden los correos de atención al cliente.,Queja
7121,"El sistema de turnos no funciona bien, deberían optimizarlo.",Queja
7122,Tuve un problema con mi compra y nadie me ayudó.,Queja
7123,"Me encantó la atención que recibí, fueron muy atentos.",Sugerencia
7124,Podrían ampliar el horario de atención para mayor comodidad.,Sugerencia
7125,Deberían ofrecer más descuentos para clientes frecuentes.,Sugerencia
7126,Podrían ampliar el horario de atención para mayor comodidad.,Sugerencia
7127,"Los tiempos de espera son excesivos, deberían mejorarlo.",Queja
7128,No responden los correos de atención al cliente.,Queja
7129,Podrían mejorar la experiencia en línea con una mejor interfaz.,Sugerencia
7130,Deberían ofrecer más descuentos para clientes frecuentes.,Sugerencia
7131,"Me encantó la atención que recibí, fueron muy atentos.",Sugerencia
7132,Sería útil que agregaran un chat en vivo para consultas rápidas.,Sugerencia
7133,Deberían ofrecer más descuentos para clientes frecuentes.,Sugerencia
7134,Sería útil que agregaran un chat en vivo para consultas rápidas.,Sugerencia
7135,Deberían ofrecer más descuentos para clientes frecuentes.,Sugerencia
7136,Sería bueno que ampliaran la cobertura del servicio a más ciudades.,Sugerencia
7137,"Los tiempos de espera son excesivos, deberían mejorarlo.",Queja
7138,"Los tiempos de espera son excesivos, deberían mejorarlo.",Queja
7139,La página web es muy lenta y difícil de usar.,Queja
7140,No me gusta que el personal no esté bien capacitado.,Queja
7141,Tuve un problema con mi compra y nadie me ayudó.,Queja
7142,No me gusta que el personal no esté bien capacitado.,Queja
7143,La página web es muy lenta y difícil de usar.,Queja
7144,"Los tiempos de espera son excesivos, deberían mejorarlo.",Queja
7145,Tuve un problema con mi compra y nadie me ayudó.,Queja
7146,Sería útil que agregaran un chat en vivo para consultas rápidas.,Sugerencia
7147,"La aplicación móvil tiene muchos errores, deberían mejorarla.",Queja
7148,No responden los correos de atención al cliente.,Queja
7149,El producto llegó defectuoso y tardaron en dar solución.,Queja
7150,"Los tiempos de espera son excesivos, deberían mejorarlo.",Queja
7151,Deberían ofrecer más descuentos para clientes frecuentes.,Sugerencia
7152,"La aplicación móvil tiene muchos errores, deberían mejorarla.",Queja
7153,El ambiente en la tienda es muy agradable y acogedor.,Sugerencia
7154,Sería útil que agregaran un chat en vivo para consultas rápidas.,Sugerencia
7155,El producto llegó defectuoso y tardaron en dar solución.,Queja
7156,El personal debería recibir más entrenamiento en atención al cliente.,Sugerencia
7157,Sería bueno que ampliaran la cobertura del servicio a más ciudades.,Sugerencia
7158,No responden los correos de atención al cliente.,Queja
7159,Podrían mejorar la experiencia en línea con una mejor interfaz.,Sugerencia
7160,El servicio al cliente fue muy lento y poco amable.,Queja
7161,"El sistema de turnos no funciona bien, deberían optimizarlo.",Queja
7162,El personal debería recibir más entrenamiento en atención al cliente.,Sugerencia
7163,"Me encantó la atención que recibí, fueron muy atentos.",Sugerencia
7164,"El sistema de turnos no funciona bien, deberían optimizarlo.",Queja
7165,Me gustaría que ofrecieran más promociones en productos populares.,Sugerencia
7166,La página web es muy lenta y difícil de usar.,Queja
7167,No responden los correos de atención al cliente.,Queja
7168,No me gusta que el personal no esté bien capacitado.,Queja
7169,Me gustaría que ofrecieran más promociones en productos populares.,Sugerencia
7170,El servicio telefónico es ineficiente y no resuelven dudas.,Queja
7171,El personal debería recibir más entrenamiento en atención al cliente.,Sugerencia
7172,El servicio telefónico es ineficiente y no resuelven dudas.,Queja
7173,"La aplicación móvil tiene muchos errores, deberían mejorarla.",Queja
7174,Sería útil que agregaran un chat en vivo para consultas rápidas.,Sugerencia
7175,No responden los correos de atención al cliente.,Queja
7176,El ambiente en la tienda es muy agradable y acogedor.,Sugerencia
7177,Podrían mejorar la experiencia en línea con una mejor interfaz.,Sugerencia
7178,El ambiente en la tienda es muy agradable y acogedor.,Sugerencia
7179,Podrían mejorar la experiencia en línea con una mejor interfaz.,Sugerencia
7180,No me gusta que el personal no esté bien capacitado.,Queja
7181,"Los tiempos de espera son excesivos, deberían mejorarlo.",Queja
7182,Deberían ofrecer más descuentos para clientes frecuentes.,Sugerencia
7183,"Me encantó la atención que recibí, fueron muy atentos.",Sugerencia
7184,El ambiente en la tienda es muy agradable y acogedor.,Sugerencia
7185,"Me encantó la atención que recibí, fueron muy atentos.",Sugerencia
7186,Sería bueno que ampliaran la cobertura del servicio a más ciudades.,Sugerencia
7187,El servicio telefónico es ineficiente y no resuelven dudas.,Queja
7188,Tuve un problema con mi compra y nadie me ayudó.,Queja
7189,La página web es muy lenta y difícil de usar.,Queja
7190,Podrían mejorar la experiencia en línea con una mejor interfaz.,Sugerencia
7191,El servicio al cliente fue muy lento y poco amable.,Queja
7192,"Los tiempos de espera son excesivos, deberían mejorarlo.",Queja
7193,"Los tiempos de espera son excesivos, deberían mejorarlo.",Queja
7194,Sería bueno que ampliaran la cobertura del servicio a más ciudades.,Sugerencia
7195,No responden los correos de atención al cliente.,Queja
7196,No me gusta que el personal no esté bien capacitado.,Queja
7197,Podrían mejorar la experiencia en línea con una mejor interfaz.,Sugerencia
7198,"El sistema de turnos no funciona bien, deberían optimizarlo.",Queja
7199,No responden los correos de atención al cliente.,Queja
7200,Podrían mejorar la experiencia en línea con una mejor interfaz.,Sugerencia
7201,El servicio al cliente fue muy lento y poco amable.,Queja
7202,"El sistema de turnos no funciona bien, deberían optimizarlo.",Queja
7203,Podrían ampliar el horario de atención para mayor comodidad.,Sugerencia
7204,No me gusta que el personal no esté bien capacitado.,Queja
7205,No me gusta que el personal no esté bien capacitado.,Queja
7206,Me gustaría que ofrecieran más promociones en productos populares.,Sugerencia
7207,"Me encantó la atención que recibí, fueron muy atentos.",Sugerencia
7208,El producto llegó defectuoso y tardaron en dar solución.,Queja
7209,"Me encantó la atención que recibí, fueron muy atentos.",Sugerencia
7210,El ambiente en la tienda es muy agradable y acogedor.,Sugerencia
7211,No responden los correos de atención al cliente.,Queja
7212,Sería útil que agregaran un chat en vivo para consultas rápidas.,Sugerencia
7213,Podrían mejorar la experiencia en línea con una mejor interfaz.,Sugerencia
7214,No me gusta que el personal no esté bien capacitado.,Queja
7215,"Los tiempos de espera son excesivos, deberían mejorarlo.",Queja
7216,No responden los correos de atención al cliente.,Queja
7217,El ambiente en la tienda es muy agradable y acogedor.,Sugerencia
7218,"El sistema de turnos no funciona bien, deberían optimizarlo.",Queja
7219,"Me encantó la atención que recibí, fueron muy atentos.",Sugerencia
7220,Podrían ampliar el horario de atención para mayor comodidad.,Sugerencia
7221,Sería genial si agregaran más opciones de pago.,Sugerencia
7222,El personal debería recibir más entrenamiento en atención al cliente.,Sugerencia
7223,El servicio telefónico es ineficiente y no resuelven dudas.,Queja
7224,La página web es muy lenta y difícil de usar.,Queja
7225,El personal debería recibir más entrenamiento en atención al cliente.,Sugerencia
7226,No me gusta que el personal no esté bien capacitado.,Queja
7227,El servicio telefónico es ineficiente y no resuelven dudas.,Queja
7228,El personal debería recibir más entrenamiento en atención al cliente.,Sugerencia
7229,"La aplicación móvil tiene muchos errores, deberían mejorarla.",Queja
7230,El personal debería recibir más entrenamiento en atención al cliente.,Sugerencia
7231,"La aplicación móvil tiene muchos errores, deberían mejorarla.",Queja
7232,Me gustaría que ofrecieran más promociones en productos populares.,Sugerencia
7233,Sería bueno que ampliaran la cobertura del servicio a más ciudades.,Sugerencia
7234,Podrían ampliar el horario de atención para mayor comodidad.,Sugerencia
7235,No responden los correos de atención al cliente.,Queja
7236,"El sistema de turnos no funciona bien, deberían optimizarlo.",Queja
7237,El servicio al cliente fue muy lento y poco amable.,Queja
7238,El ambiente en la tienda es muy agradable y acogedor.,Sugerencia
7239,Sería bueno que ampliaran la cobertura del servicio a más ciudades.,Sugerencia
7240,Sería útil que agregaran un chat en vivo para consultas rápidas.,Sugerencia
7241,El personal debería recibir más entrenamiento en atención al cliente.,Sugerencia
7242,La página web es muy lenta y difícil de usar.,Queja
7243,Sería útil que agregaran un chat en vivo para consultas rápidas.,Sugerencia
7244,Me gustaría que ofrecieran más promociones en productos populares.,Sugerencia
7245,La página web es muy lenta y difícil de usar.,Queja
7246,La página web es muy lenta y difícil de usar.,Queja
7247,"Los tiempos de espera son excesivos, deberían mejorarlo.",Queja
7248,No responden los correos de atención al cliente.,Queja
7249,El servicio al cliente fue muy lento y poco amable.,Queja
7250,Tuve un problema con mi compra y nadie me ayudó.,Queja
7251,No responden los correos de atención al cliente.,Queja
7252,El producto llegó defectuoso y tardaron en dar solución.,Queja
7253,Deberían ofrecer más descuentos para clientes frecuentes.,Sugerencia
7254,Podrían mejorar la experiencia en línea con una mejor interfaz.,Sugerencia
7255,La página web es muy lenta y difícil de usar.,Queja
7256,"Me encantó la atención que recibí, fueron muy atentos.",Sugerencia
7257,Podrían ampliar el horario de atención para mayor comodidad.,Sugerencia
7258,El producto llegó defectuoso y tardaron en dar solución.,Queja
7259,El servicio telefónico es ineficiente y no resuelven dudas.,Queja
7260,"Me encantó la atención que recibí, fueron muy atentos.",Sugerencia
7261,"El sistema de turnos no funciona bien, deberían optimizarlo.",Queja
7262,Sería útil que agregaran un chat en vivo para consultas rápidas.,Sugerencia
7263,Tuve un problema con mi compra y nadie me ayudó.,Queja
7264,Podrían mejorar la experiencia en línea con una mejor interfaz.,Sugerencia
7265,"Los tiempos de espera son excesivos, deberían mejorarlo.",Queja
7266,No responden los correos de atención al cliente.,Queja
7267,"La aplicación móvil tiene muchos errores, deberían mejorarla.",Queja
7268,Me gustaría que ofrecieran más promociones en productos populares.,Sugerencia
7269,El ambiente en la tienda es muy agradable y acogedor.,Sugerencia
7270,Sería genial si agregaran más opciones de pago.,Sugerencia
7271,"Me encantó la atención que recibí, fueron muy atentos.",Sugerencia
7272,La página web es muy lenta y difícil de usar.,Queja
7273,Podrían ampliar el horario de atención para mayor comodidad.,Sugerencia
7274,Podrían ampliar el horario de atención para mayor comodidad.,Sugerencia
7275,"Los tiempos de espera son excesivos, deberían mejorarlo.",Queja
7276,El servicio telefónico es ineficiente y no resuelven dudas.,Queja
7277,El personal debería recibir más entrenamiento en atención al cliente.,Sugerencia
7278,"La aplicación móvil tiene muchos errores, deberían mejorarla.",Queja
7279,Podrían mejorar la experiencia en línea con una mejor interfaz.,Sugerencia
7280,Sería útil que agregaran un chat en vivo para consultas rápidas.,Sugerencia
7281,Me gustaría que ofrecieran más promociones en productos populares.,Sugerencia
7282,El ambiente en la tienda es muy agradable y acogedor.,Sugerencia
7283,Sería útil que agregaran un chat en vivo para consultas rápidas.,Sugerencia
7284,"El sistema de turnos no funciona bien, deberían optimizarlo.",Queja
7285,El servicio telefónico es ineficiente y no resuelven dudas.,Queja
7286,No me gusta que el personal no esté bien capacitado.,Queja
7287,Sería genial si agregaran más opciones de pago.,Sugerencia
7288,"La aplicación móvil tiene muchos errores, deberían mejorarla.",Queja
7289,Sería genial si agregaran más opciones de pago.,Sugerencia
7290,"Los tiempos de espera son excesivos, deberían mejorarlo.",Queja
7291,El servicio al cliente fue muy lento y poco amable.,Queja
7292,El producto llegó defectuoso y tardaron en dar solución.,Queja
7293,Podrían ampliar el horario de atención para mayor comodidad.,Sugerencia
7294,"Me encantó la atención que recibí, fueron muy atentos.",Sugerencia
7295,Tuve un problema con mi compra y nadie me ayudó.,Queja
7296,Podrían mejorar la experiencia en línea con una mejor interfaz.,Sugerencia
7297,El servicio al cliente fue muy lento y poco amable.,Queja
7298,El personal debería recibir más entrenamiento en atención al cliente.,Sugerencia
7299,No me gusta que el personal no esté bien capacitado.,Queja
7300,"Los tiempos de espera son excesivos, deberían mejorarlo.",Queja
7301,El servicio al cliente fue muy lento y poco amable.,Queja
7302,"La aplicación móvil tiene muchos errores, deberían mejorarla.",Queja
7303,Sería útil que agregaran un chat en vivo para consultas rápidas.,Sugerencia
7304,"El sistema de turnos no funciona bien, deberían optimizarlo.",Queja
7305,No me gusta que el personal no esté bien capacitado.,Queja
7306,Me gustaría que ofrecieran más promociones en productos populares.,Sugerencia
7307,Sería genial si agregaran más opciones de pago.,Sugerencia
7308,Sería bueno que ampliaran la cobertura del servicio a más ciudades.,Sugerencia
7309,Podrían mejorar la experiencia en línea con una mejor interfaz.,Sugerencia
7310,El producto llegó defectuoso y tardaron en dar solución.,Queja
7311,Podrían ampliar el horario de atención para mayor comodidad.,Sugerencia
7312,Sería bueno que ampliaran la cobertura del servicio a más ciudades.,Sugerencia
7313,No responden los correos de atención al cliente.,Queja
7314,El servicio telefónico es ineficiente y no resuelven dudas.,Queja
7315,"La aplicación móvil tiene muchos errores, deberían mejorarla.",Queja
7316,Podrían mejorar la experiencia en línea con una mejor interfaz.,Sugerencia
7317,"Los tiempos de espera son excesivos, deberían mejorarlo.",Queja
7318,Me gustaría que ofrecieran más promociones en productos populares.,Sugerencia
7319,El ambiente en la tienda es muy agradable y acogedor.,Sugerencia
7320,El servicio telefónico es ineficiente y no resuelven dudas.,Queja
7321,Tuve un problema con mi compra y nadie me ayudó.,Queja
7322,Tuve un problema con mi compra y nadie me ayudó.,Queja
7323,El personal debería recibir más entrenamiento en atención al cliente.,Sugerencia
7324,Podrían mejorar la experiencia en línea con una mejor interfaz.,Sugerencia
7325,El servicio al cliente fue muy lento y poco amable.,Queja
7326,No me gusta que el personal no esté bien capacitado.,Queja
7327,No responden los correos de atención al cliente.,Queja
7328,Sería genial si agregaran más opciones de pago.,Sugerencia
7329,Sería bueno que ampliaran la cobertura del servicio a más ciudades.,Sugerencia
7330,El ambiente en la tienda es muy agradable y acogedor.,Sugerencia
7331,El servicio al cliente fue muy lento y poco amable.,Queja
7332,El servicio telefónico es ineficiente y no resuelven dudas.,Queja
7333,Me gustaría que ofrecieran más promociones en productos populares.,Sugerencia
7334,Podrían mejorar la experiencia en línea con una mejor interfaz.,Sugerencia
7335,No responden los correos de atención al cliente.,Queja
7336,No me gusta que el personal no esté bien capacitado.,Queja
7337,El servicio al cliente fue muy lento y poco amable.,Queja
7338,Podrían ampliar el horario de atención para mayor comodidad.,Sugerencia
7339,No responden los correos de atención al cliente.,Queja
7340,Podrían mejorar la experiencia en línea con una mejor interfaz.,Sugerencia
7341,El producto llegó defectuoso y tardaron en dar solución.,Queja
7342,El ambiente en la tienda es muy agradable y acogedor.,Sugerencia
7343,"La aplicación móvil tiene muchos errores, deberían mejorarla.",Queja
7344,Me gustaría que ofrecieran más promociones en productos populares.,Sugerencia
7345,El personal debería recibir más entrenamiento en atención al cliente.,Sugerencia
7346,"El sistema de turnos no funciona bien, deberían optimizarlo.",Queja
7347,Podrían ampliar el horario de atención para mayor comodidad.,Sugerencia
7348,Sería útil que agregaran un chat en vivo para consultas rápidas.,Sugerencia
7349,Me gustaría que ofrecieran más promociones en productos populares.,Sugerencia
7350,El producto llegó defectuoso y tardaron en dar solución.,Queja
7351,No me gusta que el personal no esté bien capacitado.,Queja
7352,"Me encantó la atención que recibí, fueron muy atentos.",Sugerencia
7353,Deberían ofrecer más descuentos para clientes frecuentes.,Sugerencia
7354,El servicio telefónico es ineficiente y no resuelven dudas.,Queja
7355,El ambiente en la tienda es muy agradable y acogedor.,Sugerencia
7356,Sería útil que agregaran un chat en vivo para consultas rápidas.,Sugerencia
7357,Sería bueno que ampliaran la cobertura del servicio a más ciudades.,Sugerencia
7358,"Los tiempos de espera son excesivos, deberían mejorarlo.",Queja
7359,El personal debería recibir más entrenamiento en atención al cliente.,Sugerencia
7360,Podrían ampliar el horario de atención para mayor comodidad.,Sugerencia
7361,"Los tiempos de espera son excesivos, deberían mejorarlo.",Queja
7362,No responden los correos de atención al cliente.,Queja
7363,Sería útil que agregaran un chat en vivo para consultas rápidas.,Sugerencia
7364,El personal debería recibir más entrenamiento en atención al cliente.,Sugerencia
7365,El servicio al cliente fue muy lento y poco amable.,Queja
7366,Podrían mejorar la experiencia en línea con una mejor interfaz.,Sugerencia
7367,"El sistema de turnos no funciona bien, deberían optimizarlo.",Queja
7368,Tuve un problema con mi compra y nadie me ayudó.,Queja
7369,Sería útil que agregaran un chat en vivo para consultas rápidas.,Sugerencia
7370,Sería genial si agregaran más opciones de pago.,Sugerencia
7371,El servicio al cliente fue muy lento y poco amable.,Queja
7372,No me gusta que el personal no esté bien capacitado.,Queja
7373,"La aplicación móvil tiene muchos errores, deberían mejorarla.",Queja
7374,El personal debería recibir más entrenamiento en atención al cliente.,Sugerencia
7375,Me gustaría que ofrecieran más promociones en productos populares.,Sugerencia
7376,Podrían ampliar el horario de atención para mayor comodidad.,Sugerencia
7377,El personal debería recibir más entrenamiento en atención al cliente.,Sugerencia
7378,El servicio al cliente fue muy lento y poco amable.,Queja
7379,El servicio telefónico es ineficiente y no resuelven dudas.,Queja
7380,"Los tiempos de espera son excesivos, deberían mejorarlo.",Queja
7381,La página web es muy lenta y difícil de usar.,Queja
7382,El personal debería recibir más entrenamiento en atención al cliente.,Sugerencia
7383,No me gusta que el personal no esté bien capacitado.,Queja
7384,El servicio telefónico es ineficiente y no resuelven dudas.,Queja
7385,Tuve un problema con mi compra y nadie me ayudó.,Queja
7386,La página web es muy lenta y difícil de usar.,Queja
7387,El personal debería recibir más entrenamiento en atención al cliente.,Sugerencia
7388,"Me encantó la atención que recibí, fueron muy atentos.",Sugerencia
7389,No me gusta que el personal no esté bien capacitado.,Queja
7390,Me gustaría que ofrecieran más promociones en productos populares.,Sugerencia
7391,El ambiente en la tienda es muy agradable y acogedor.,Sugerencia
7392,El servicio telefónico es ineficiente y no resuelven dudas.,Queja
7393,Me gustaría que ofrecieran más promociones en productos populares.,Sugerencia
7394,El servicio telefónico es ineficiente y no resuelven dudas.,Queja
7395,Sería genial si agregaran más opciones de pago.,Sugerencia
7396,Sería útil que agregaran un chat en vivo para consultas rápidas.,Sugerencia
7397,"Los tiempos de espera son excesivos, deberían mejorarlo.",Queja
7398,"Me encantó la atención que recibí, fueron muy atentos.",Sugerencia
7399,El producto llegó defectuoso y tardaron en dar solución.,Queja
7400,Me gustaría que ofrecieran más promociones en productos populares.,Sugerencia
7401,La página web es muy lenta y difícil de usar.,Queja
7402,Deberían ofrecer más descuentos para clientes frecuentes.,Sugerencia
7403,No responden los correos de atención al cliente.,Queja
7404,Sería útil que agregaran un chat en vivo para consultas rápidas.,Sugerencia
7405,Sería genial si agregaran más opciones de pago.,Sugerencia
7406,Sería bueno que ampliaran la cobertura del servicio a más ciudades.,Sugerencia
7407,El servicio telefónico es ineficiente y no resuelven dudas.,Queja
7408,Sería bueno que ampliaran la cobertura del servicio a más ciudades.,Sugerencia
7409,El servicio telefónico es ineficiente y no resuelven dudas.,Queja
7410,La página web es muy lenta y difícil de usar.,Queja
7411,Sería útil que agregaran un chat en vivo para consultas rápidas.,Sugerencia
7412,El servicio al cliente fue muy lento y poco amable.,Queja
7413,No responden los correos de atención al cliente.,Queja
7414,Tuve un problema con mi compra y nadie me ayudó.,Queja
7415,Sería bueno que ampliaran la cobertura del servicio a más ciudades.,Sugerencia
7416,"Los tiempos de espera son excesivos, deberían mejorarlo.",Queja
7417,Sería genial si agregaran más opciones de pago.,Sugerencia
7418,El servicio telefónico es ineficiente y no resuelven dudas.,Queja
7419,No me gusta que el personal no esté bien capacitado.,Queja
7420,"La aplicación móvil tiene muchos errores, deberían mejorarla.",Queja
7421,El servicio al cliente fue muy lento y poco amable.,Queja
7422,Sería bueno que ampliaran la cobertura del servicio a más ciudades.,Sugerencia
7423,El producto llegó defectuoso y tardaron en dar solución.,Queja
7424,No me gusta que el personal no esté bien capacitado.,Queja
7425,"Los tiempos de espera son excesivos, deberían mejorarlo.",Queja
7426,La página web es muy lenta y difícil de usar.,Queja
7427,Podrían mejorar la experiencia en línea con una mejor interfaz.,Sugerencia
7428,Sería útil que agregaran un chat en vivo para consultas rápidas.,Sugerencia
7429,Tuve un problema con mi compra y nadie me ayudó.,Queja
7430,El personal debería recibir más entrenamiento en atención al cliente.,Sugerencia
7431,No responden los correos de atención al cliente.,Queja
7432,No responden los correos de atención al cliente.,Queja
7433,"La aplicación móvil tiene muchos errores, deberían mejorarla.",Queja
7434,Tuve un problema con mi compra y nadie me ayudó.,Queja
7435,Sería útil que agregaran un chat en vivo para consultas rápidas.,Sugerencia
7436,El servicio telefónico es ineficiente y no resuelven dudas.,Queja
7437,La página web es muy lenta y difícil de usar.,Queja
7438,Sería bueno que ampliaran la cobertura del servicio a más ciudades.,Sugerencia
7439,Podrían ampliar el horario de atención para mayor comodidad.,Sugerencia
7440,Deberían ofrecer más descuentos para clientes frecuentes.,Sugerencia
7441,El personal debería recibir más entrenamiento en atención al cliente.,Sugerencia
7442,Podrían ampliar el horario de atención para mayor comodidad.,Sugerencia
7443,La página web es muy lenta y difícil de usar.,Queja
7444,Podrían mejorar la experiencia en línea con una mejor interfaz.,Sugerencia
7445,Deberían ofrecer más descuentos para clientes frecuentes.,Sugerencia
7446,El producto llegó defectuoso y tardaron en dar solución.,Queja
7447,"El sistema de turnos no funciona bien, deberían optimizarlo.",Queja
7448,El personal debería recibir más entrenamiento en atención al cliente.,Sugerencia
7449,No me gusta que el personal no esté bien capacitado.,Queja
7450,"El sistema de turnos no funciona bien, deberían optimizarlo.",Queja
7451,Deberían ofrecer más descuentos para clientes frecuentes.,Sugerencia
7452,El servicio al cliente fue muy lento y poco amable.,Queja
7453,Sería útil que agregaran un chat en vivo para consultas rápidas.,Sugerencia
7454,El producto llegó defectuoso y tardaron en dar solución.,Queja
7455,El servicio al cliente fue muy lento y poco amable.,Queja
7456,"Me encantó la atención que recibí, fueron muy atentos.",Sugerencia
7457,La página web es muy lenta y difícil de usar.,Queja
7458,El ambiente en la tienda es muy agradable y acogedor.,Sugerencia
7459,Podrían ampliar el horario de atención para mayor comodidad.,Sugerencia
7460,Sería útil que agregaran un chat en vivo para consultas rápidas.,Sugerencia
7461,Tuve un problema con mi compra y nadie me ayudó.,Queja
7462,"Los tiempos de espera son excesivos, deberían mejorarlo.",Queja
7463,Sería bueno que ampliaran la cobertura del servicio a más ciudades.,Sugerencia
7464,Podrían ampliar el horario de atención para mayor comodidad.,Sugerencia
7465,El personal debería recibir más entrenamiento en atención al cliente.,Sugerencia
7466,El servicio telefónico es ineficiente y no resuelven dudas.,Queja
7467,"El sistema de turnos no funciona bien, deberían optimizarlo.",Queja
7468,No me gusta que el personal no esté bien capacitado.,Queja
7469,Sería útil que agregaran un chat en vivo para consultas rápidas.,Sugerencia
7470,Deberían ofrecer más descuentos para clientes frecuentes.,Sugerencia
7471,"El sistema de turnos no funciona bien, deberían optimizarlo.",Queja
7472,Me gustaría que ofrecieran más promociones en productos populares.,Sugerencia
7473,El personal debería recibir más entrenamiento en atención al cliente.,Sugerencia
7474,Podrían mejorar la experiencia en línea con una mejor interfaz.,Sugerencia
7475,El servicio al cliente fue muy lento y poco amable.,Queja
7476,Sería bueno que ampliaran la cobertura del servicio a más ciudades.,Sugerencia
7477,No me gusta que el personal no esté bien capacitado.,Queja
7478,No responden los correos de atención al cliente.,Queja
7479,El personal debería recibir más entrenamiento en atención al cliente.,Sugerencia
7480,El servicio telefónico es ineficiente y no resuelven dudas.,Queja
7481,La página web es muy lenta y difícil de usar.,Queja
7482,El servicio al cliente fue muy lento y poco amable.,Queja
7483,No responden los correos de atención al cliente.,Queja
7484,No me gusta que el personal no esté bien capacitado.,Queja
7485,El personal debería recibir más entrenamiento en atención al cliente.,Sugerencia
7486,El servicio telefónico es ineficiente y no resuelven dudas.,Queja
7487,"El sistema de turnos no funciona bien, deberían optimizarlo.",Queja
7488,"Me encantó la atención que recibí, fueron muy atentos.",Sugerencia
7489,Deberían ofrecer más descuentos para clientes frecuentes.,Sugerencia
7490,Me gustaría que ofrecieran más promociones en productos populares.,Sugerencia
7491,El personal debería recibir más entrenamiento en atención al cliente.,Sugerencia
7492,El producto llegó defectuoso y tardaron en dar solución.,Queja
7493,"La aplicación móvil tiene muchos errores, deberían mejorarla.",Queja
7494,El ambiente en la tienda es muy agradable y acogedor.,Sugerencia
7495,"El sistema de turnos no funciona bien, deberían optimizarlo.",Queja
7496,Deberían ofrecer más descuentos para clientes frecuentes.,Sugerencia
7497,Deberían ofrecer más descuentos para clientes frecuentes.,Sugerencia
7498,El servicio telefónico es ineficiente y no resuelven dudas.,Queja
7499,Sería útil que agregaran un chat en vivo para consultas rápidas.,Sugerencia
7500,"El sistema de turnos no funciona bien, deberían optimizarlo.",Queja
7501,Sería genial si agregaran más opciones de pago.,Sugerencia
7502,Me gustaría que ofrecieran más promociones en productos populares.,Sugerencia
7503,Podrían mejorar la experiencia en línea con una mejor interfaz.,Sugerencia
7504,El producto llegó defectuoso y tardaron en dar solución.,Queja
7505,El producto llegó defectuoso y tardaron en dar solución.,Queja
7506,Podrían mejorar la experiencia en línea con una mejor interfaz.,Sugerencia
7507,"Los tiempos de espera son excesivos, deberían mejorarlo.",Queja
7508,"El sistema de turnos no funciona bien, deberían optimizarlo.",Queja
7509,"El sistema de turnos no funciona bien, deberían optimizarlo.",Queja
7510,Deberían ofrecer más descuentos para clientes frecuentes.,Sugerencia
7511,El ambiente en la tienda es muy agradable y acogedor.,Sugerencia
7512,La página web es muy lenta y difícil de usar.,Queja
7513,Sería bueno que ampliaran la cobertura del servicio a más ciudades.,Sugerencia
7514,No me gusta que el personal no esté bien capacitado.,Queja
7515,Podrían mejorar la experiencia en línea con una mejor interfaz.,Sugerencia
7516,Deberían ofrecer más descuentos para clientes frecuentes.,Sugerencia
7517,"La aplicación móvil tiene muchos errores, deberían mejorarla.",Queja
7518,El servicio al cliente fue muy lento y poco amable.,Queja
7519,Podrían mejorar la experiencia en línea con una mejor interfaz.,Sugerencia
7520,El servicio al cliente fue muy lento y poco amable.,Queja
7521,Podrían mejorar la experiencia en línea con una mejor interfaz.,Sugerencia
7522,El ambiente en la tienda es muy agradable y acogedor.,Sugerencia
7523,Deberían ofrecer más descuentos para clientes frecuentes.,Sugerencia
7524,Me gustaría que ofrecieran más promociones en productos populares.,Sugerencia
7525,Podrían ampliar el horario de atención para mayor comodidad.,Sugerencia
7526,"El sistema de turnos no funciona bien, deberían optimizarlo.",Queja
7527,Podrían mejorar la experiencia en línea con una mejor interfaz.,Sugerencia
7528,Sería genial si agregaran más opciones de pago.,Sugerencia
7529,"Los tiempos de espera son excesivos, deberían mejorarlo.",Queja
7530,Sería bueno que ampliaran la cobertura del servicio a más ciudades.,Sugerencia
7531,Tuve un problema con mi compra y nadie me ayudó.,Queja
7532,La página web es muy lenta y difícil de usar.,Queja
7533,Me gustaría que ofrecieran más promociones en productos populares.,Sugerencia
7534,No responden los correos de atención al cliente.,Queja
7535,El servicio al cliente fue muy lento y poco amable.,Queja
7536,Podrían ampliar el horario de atención para mayor comodidad.,Sugerencia
7537,Sería útil que agregaran un chat en vivo para consultas rápidas.,Sugerencia
7538,El ambiente en la tienda es muy agradable y acogedor.,Sugerencia
7539,El servicio al cliente fue muy lento y poco amable.,Queja
7540,"El sistema de turnos no funciona bien, deberían optimizarlo.",Queja
7541,"La aplicación móvil tiene muchos errores, deberían mejorarla.",Queja
7542,No responden los correos de atención al cliente.,Queja
7543,Deberían ofrecer más descuentos para clientes frecuentes.,Sugerencia
7544,El ambiente en la tienda es muy agradable y acogedor.,Sugerencia
7545,No responden los correos de atención al cliente.,Queja
7546,Deberían ofrecer más descuentos para clientes frecuentes.,Sugerencia
7547,"Me encantó la atención que recibí, fueron muy atentos.",Sugerencia
7548,El personal debería recibir más entrenamiento en atención al cliente.,Sugerencia
7549,Tuve un problema con mi compra y nadie me ayudó.,Queja
7550,Tuve un problema con mi compra y nadie me ayudó.,Queja
7551,Podrían mejorar la experiencia en línea con una mejor interfaz.,Sugerencia
7552,La página web es muy lenta y difícil de usar.,Queja
7553,Tuve un problema con mi compra y nadie me ayudó.,Queja
7554,El servicio telefónico es ineficiente y no resuelven dudas.,Queja
7555,No responden los correos de atención al cliente.,Queja
7556,El producto llegó defectuoso y tardaron en dar solución.,Queja
7557,Sería genial si agregaran más opciones de pago.,Sugerencia
7558,Podrían ampliar el horario de atención para mayor comodidad.,Sugerencia
7559,Podrían ampliar el horario de atención para mayor comodidad.,Sugerencia
7560,El producto llegó defectuoso y tardaron en dar solución.,Queja
7561,Tuve un problema con mi compra y nadie me ayudó.,Queja
7562,Podrían mejorar la experiencia en línea con una mejor interfaz.,Sugerencia
7563,El servicio telefónico es ineficiente y no resuelven dudas.,Queja
7564,"Me encantó la atención que recibí, fueron muy atentos.",Sugerencia
7565,Me gustaría que ofrecieran más promociones en productos populares.,Sugerencia
7566,El servicio telefónico es ineficiente y no resuelven dudas.,Queja
7567,El personal debería recibir más entrenamiento en atención al cliente.,Sugerencia
7568,No me gusta que el personal no esté bien capacitado.,Queja
7569,Tuve un problema con mi compra y nadie me ayudó.,Queja
7570,Podrían ampliar el horario de atención para mayor comodidad.,Sugerencia
7571,El servicio al cliente fue muy lento y poco amable.,Queja
7572,Tuve un problema con mi compra y nadie me ayudó.,Queja
7573,Sería útil que agregaran un chat en vivo para consultas rápidas.,Sugerencia
7574,"Me encantó la atención que recibí, fueron muy atentos.",Sugerencia
7575,La página web es muy lenta y difícil de usar.,Queja
7576,El producto llegó defectuoso y tardaron en dar solución.,Queja
7577,El servicio telefónico es ineficiente y no resuelven dudas.,Queja
7578,El servicio telefónico es ineficiente y no resuelven dudas.,Queja
7579,La página web es muy lenta y difícil de usar.,Queja
7580,El personal debería recibir más entrenamiento en atención al cliente.,Sugerencia
7581,"La aplicación móvil tiene muchos errores, deberían mejorarla.",Queja
7582,La página web es muy lenta y difícil de usar.,Queja
7583,El personal debería recibir más entrenamiento en atención al cliente.,Sugerencia
7584,Sería útil que agregaran un chat en vivo para consultas rápidas.,Sugerencia
7585,Tuve un problema con mi compra y nadie me ayudó.,Queja
7586,Sería bueno que ampliaran la cobertura del servicio a más ciudades.,Sugerencia
7587,No responden los correos de atención al cliente.,Queja
7588,El personal debería recibir más entrenamiento en atención al cliente.,Sugerencia
7589,"El sistema de turnos no funciona bien, deberían optimizarlo.",Queja
7590,El servicio al cliente fue muy lento y poco amable.,Queja
7591,"Los tiempos de espera son excesivos, deberían mejorarlo.",Queja
7592,Me gustaría que ofrecieran más promociones en productos populares.,Sugerencia
7593,No responden los correos de atención al cliente.,Queja
7594,El personal debería recibir más entrenamiento en atención al cliente.,Sugerencia
7595,La página web es muy lenta y difícil de usar.,Queja
7596,Tuve un problema con mi compra y nadie me ayudó.,Queja
7597,No me gusta que el personal no esté bien capacitado.,Queja
7598,El servicio al cliente fue muy lento y poco amable.,Queja
7599,La página web es muy lenta y difícil de usar.,Queja
7600,"Me encantó la atención que recibí, fueron muy atentos.",Sugerencia
7601,Me gustaría que ofrecieran más promociones en productos populares.,Sugerencia
7602,Me gustaría que ofrecieran más promociones en productos populares.,Sugerencia
7603,El servicio al cliente fue muy lento y poco amable.,Queja
7604,"Me encantó la atención que recibí, fueron muy atentos.",Sugerencia
7605,Sería útil que agregaran un chat en vivo para consultas rápidas.,Sugerencia
7606,Podrían mejorar la experiencia en línea con una mejor interfaz.,Sugerencia
7607,Me gustaría que ofrecieran más promociones en productos populares.,Sugerencia
7608,Deberían ofrecer más descuentos para clientes frecuentes.,Sugerencia
7609,Podrían mejorar la experiencia en línea con una mejor interfaz.,Sugerencia
7610,El servicio al cliente fue muy lento y poco amable.,Queja
7611,"Los tiempos de espera son excesivos, deberían mejorarlo.",Queja
7612,El servicio telefónico es ineficiente y no resuelven dudas.,Queja
7613,Sería genial si agregaran más opciones de pago.,Sugerencia
7614,El ambiente en la tienda es muy agradable y acogedor.,Sugerencia
7615,Me gustaría que ofrecieran más promociones en productos populares.,Sugerencia
7616,Sería bueno que ampliaran la cobertura del servicio a más ciudades.,Sugerencia
7617,Deberían ofrecer más descuentos para clientes frecuentes.,Sugerencia
7618,Podrían ampliar el horario de atención para mayor comodidad.,Sugerencia
7619,Podrían ampliar el horario de atención para mayor comodidad.,Sugerencia
7620,Podrían ampliar el horario de atención para mayor comodidad.,Sugerencia
7621,El producto llegó defectuoso y tardaron en dar solución.,Queja
7622,Sería útil que agregaran un chat en vivo para consultas rápidas.,Sugerencia
7623,No responden los correos de atención al cliente.,Queja
7624,No responden los correos de atención al cliente.,Queja
7625,Me gustaría que ofrecieran más promociones en productos populares.,Sugerencia
7626,Sería útil que agregaran un chat en vivo para consultas rápidas.,Sugerencia
7627,No responden los correos de atención al cliente.,Queja
7628,El servicio al cliente fue muy lento y poco amable.,Queja
7629,No me gusta que el personal no esté bien capacitado.,Queja
7630,El personal debería recibir más entrenamiento en atención al cliente.,Sugerencia
7631,Sería útil que agregaran un chat en vivo para consultas rápidas.,Sugerencia
7632,No me gusta que el personal no esté bien capacitado.,Queja
7633,Sería útil que agregaran un chat en vivo para consultas rápidas.,Sugerencia
7634,No responden los correos de atención al cliente.,Queja
7635,Tuve un problema con mi compra y nadie me ayudó.,Queja
7636,Deberían ofrecer más descuentos para clientes frecuentes.,Sugerencia
7637,El ambiente en la tienda es muy agradable y acogedor.,Sugerencia
7638,Sería útil que agregaran un chat en vivo para consultas rápidas.,Sugerencia
7639,Sería útil que agregaran un chat en vivo para consultas rápidas.,Sugerencia
7640,Tuve un problema con mi compra y nadie me ayudó.,Queja
7641,"Me encantó la atención que recibí, fueron muy atentos.",Sugerencia
7642,El servicio telefónico es ineficiente y no resuelven dudas.,Queja
7643,Sería bueno que ampliaran la cobertura del servicio a más ciudades.,Sugerencia
7644,"La aplicación móvil tiene muchos errores, deberían mejorarla.",Queja
7645,Me gustaría que ofrecieran más promociones en productos populares.,Sugerencia
7646,"El sistema de turnos no funciona bien, deberían optimizarlo.",Queja
7647,El servicio telefónico es ineficiente y no resuelven dudas.,Queja
7648,No responden los correos de atención al cliente.,Queja
7649,Sería genial si agregaran más opciones de pago.,Sugerencia
7650,Sería bueno que ampliaran la cobertura del servicio a más ciudades.,Sugerencia
7651,Sería genial si agregaran más opciones de pago.,Sugerencia
7652,"Me encantó la atención que recibí, fueron muy atentos.",Sugerencia
7653,Sería bueno que ampliaran la cobertura del servicio a más ciudades.,Sugerencia
7654,El producto llegó defectuoso y tardaron en dar solución.,Queja
7655,No responden los correos de atención al cliente.,Queja
7656,"El sistema de turnos no funciona bien, deberían optimizarlo.",Queja
7657,No me gusta que el personal no esté bien capacitado.,Queja
7658,Tuve un problema con mi compra y nadie me ayudó.,Queja
7659,"La aplicación móvil tiene muchos errores, deberían mejorarla.",Queja
7660,"Los tiempos de espera son excesivos, deberían mejorarlo.",Queja
7661,"Los tiempos de espera son excesivos, deberían mejorarlo.",Queja
7662,Podrían ampliar el horario de atención para mayor comodidad.,Sugerencia
7663,Tuve un problema con mi compra y nadie me ayudó.,Queja
7664,Sería útil que agregaran un chat en vivo para consultas rápidas.,Sugerencia
7665,El servicio telefónico es ineficiente y no resuelven dudas.,Queja
7666,"El sistema de turnos no funciona bien, deberían optimizarlo.",Queja
7667,Tuve un problema con mi compra y nadie me ayudó.,Queja
7668,"La aplicación móvil tiene muchos errores, deberían mejorarla.",Queja
7669,Tuve un problema con mi compra y nadie me ayudó.,Queja
7670,No me gusta que el personal no esté bien capacitado.,Queja
7671,Sería bueno que ampliaran la cobertura del servicio a más ciudades.,Sugerencia
7672,El personal debería recibir más entrenamiento en atención al cliente.,Sugerencia
7673,El producto llegó defectuoso y tardaron en dar solución.,Queja
7674,Sería útil que agregaran un chat en vivo para consultas rápidas.,Sugerencia
7675,"La aplicación móvil tiene muchos errores, deberían mejorarla.",Queja
7676,Me gustaría que ofrecieran más promociones en productos populares.,Sugerencia
7677,"Me encantó la atención que recibí, fueron muy atentos.",Sugerencia
7678,El ambiente en la tienda es muy agradable y acogedor.,Sugerencia
7679,Sería bueno que ampliaran la cobertura del servicio a más ciudades.,Sugerencia
7680,Me gustaría que ofrecieran más promociones en productos populares.,Sugerencia
7681,La página web es muy lenta y difícil de usar.,Queja
7682,Sería útil que agregaran un chat en vivo para consultas rápidas.,Sugerencia
7683,El producto llegó defectuoso y tardaron en dar solución.,Queja
7684,El ambiente en la tienda es muy agradable y acogedor.,Sugerencia
7685,El ambiente en la tienda es muy agradable y acogedor.,Sugerencia
7686,Deberían ofrecer más descuentos para clientes frecuentes.,Sugerencia
7687,El personal debería recibir más entrenamiento en atención al cliente.,Sugerencia
7688,"Me encantó la atención que recibí, fueron muy atentos.",Sugerencia
7689,El producto llegó defectuoso y tardaron en dar solución.,Queja
7690,No me gusta que el personal no esté bien capacitado.,Queja
7691,Me gustaría que ofrecieran más promociones en productos populares.,Sugerencia
7692,El ambiente en la tienda es muy agradable y acogedor.,Sugerencia
7693,La página web es muy lenta y difícil de usar.,Queja
7694,Podrían mejorar la experiencia en línea con una mejor interfaz.,Sugerencia
7695,Sería bueno que ampliaran la cobertura del servicio a más ciudades.,Sugerencia
7696,El producto llegó defectuoso y tardaron en dar solución.,Queja
7697,Podrían ampliar el horario de atención para mayor comodidad.,Sugerencia
7698,Sería útil que agregaran un chat en vivo para consultas rápidas.,Sugerencia
7699,El producto llegó defectuoso y tardaron en dar solución.,Queja
7700,No me gusta que el personal no esté bien capacitado.,Queja
7701,Tuve un problema con mi compra y nadie me ayudó.,Queja
7702,Sería genial si agregaran más opciones de pago.,Sugerencia
7703,Sería bueno que ampliaran la cobertura del servicio a más ciudades.,Sugerencia
7704,Podrían mejorar la experiencia en línea con una mejor interfaz.,Sugerencia
7705,Podrían ampliar el horario de atención para mayor comodidad.,Sugerencia
7706,No responden los correos de atención al cliente.,Queja
7707,Sería bueno que ampliaran la cobertura del servicio a más ciudades.,Sugerencia
7708,Me gustaría que ofrecieran más promociones en productos populares.,Sugerencia
7709,No responden los correos de atención al cliente.,Queja
7710,No me gusta que el personal no esté bien capacitado.,Queja
7711,Podrían mejorar la experiencia en línea con una mejor interfaz.,Sugerencia
7712,No me gusta que el personal no esté bien capacitado.,Queja
7713,Sería bueno que ampliaran la cobertura del servicio a más ciudades.,Sugerencia
7714,Podrían mejorar la experiencia en línea con una mejor interfaz.,Sugerencia
7715,Sería bueno que ampliaran la cobertura del servicio a más ciudades.,Sugerencia
7716,Sería bueno que ampliaran la cobertura del servicio a más ciudades.,Sugerencia
7717,Podrían mejorar la experiencia en línea con una mejor interfaz.,Sugerencia
7718,Tuve un problema con mi compra y nadie me ayudó.,Queja
7719,Sería bueno que ampliaran la cobertura del servicio a más ciudades.,Sugerencia
7720,"Me encantó la atención que recibí, fueron muy atentos.",Sugerencia
7721,No me gusta que el personal no esté bien capacitado.,Queja
7722,"Me encantó la atención que recibí, fueron muy atentos.",Sugerencia
7723,Podrían ampliar el horario de atención para mayor comodidad.,Sugerencia
7724,La página web es muy lenta y difícil de usar.,Queja
7725,"La aplicación móvil tiene muchos errores, deberían mejorarla.",Queja
7726,"La aplicación móvil tiene muchos errores, deberían mejorarla.",Queja
7727,Tuve un problema con mi compra y nadie me ayudó.,Queja
7728,El ambiente en la tienda es muy agradable y acogedor.,Sugerencia
7729,Deberían ofrecer más descuentos para clientes frecuentes.,Sugerencia
7730,"Los tiempos de espera son excesivos, deberían mejorarlo.",Queja
7731,Me gustaría que ofrecieran más promociones en productos populares.,Sugerencia
7732,El personal debería recibir más entrenamiento en atención al cliente.,Sugerencia
7733,"El sistema de turnos no funciona bien, deberían optimizarlo.",Queja
7734,El servicio al cliente fue muy lento y poco amable.,Queja
7735,"La aplicación móvil tiene muchos errores, deberían mejorarla.",Queja
7736,El ambiente en la tienda es muy agradable y acogedor.,Sugerencia
7737,La página web es muy lenta y difícil de usar.,Queja
7738,No responden los correos de atención al cliente.,Queja
7739,El producto llegó defectuoso y tardaron en dar solución.,Queja
7740,Podrían mejorar la experiencia en línea con una mejor interfaz.,Sugerencia
7741,No me gusta que el personal no esté bien capacitado.,Queja
7742,Deberían ofrecer más descuentos para clientes frecuentes.,Sugerencia
7743,Deberían ofrecer más descuentos para clientes frecuentes.,Sugerencia
7744,El producto llegó defectuoso y tardaron en dar solución.,Queja
7745,El servicio al cliente fue muy lento y poco amable.,Queja
7746,"Me encantó la atención que recibí, fueron muy atentos.",Sugerencia
7747,Podrían mejorar la experiencia en línea con una mejor interfaz.,Sugerencia
7748,"Me encantó la atención que recibí, fueron muy atentos.",Sugerencia
7749,"La aplicación móvil tiene muchos errores, deberían mejorarla.",Queja
7750,"Los tiempos de espera son excesivos, deberían mejorarlo.",Queja
7751,Me gustaría que ofrecieran más promociones en productos populares.,Sugerencia
7752,Sería genial si agregaran más opciones de pago.,Sugerencia
7753,Sería útil que agregaran un chat en vivo para consultas rápidas.,Sugerencia
7754,"El sistema de turnos no funciona bien, deberían optimizarlo.",Queja
7755,Sería útil que agregaran un chat en vivo para consultas rápidas.,Sugerencia
7756,"El sistema de turnos no funciona bien, deberían optimizarlo.",Queja
7757,Tuve un problema con mi compra y nadie me ayudó.,Queja
7758,"El sistema de turnos no funciona bien, deberían optimizarlo.",Queja
7759,El servicio telefónico es ineficiente y no resuelven dudas.,Queja
7760,Tuve un problema con mi compra y nadie me ayudó.,Queja
7761,Tuve un problema con mi compra y nadie me ayudó.,Queja
7762,"El sistema de turnos no funciona bien, deberían optimizarlo.",Queja
7763,El servicio al cliente fue muy lento y poco amable.,Queja
7764,"Me encantó la atención que recibí, fueron muy atentos.",Sugerencia
7765,Tuve un problema con mi compra y nadie me ayudó.,Queja
7766,Sería bueno que ampliaran la cobertura del servicio a más ciudades.,Sugerencia
7767,Sería genial si agregaran más opciones de pago.,Sugerencia
7768,"Me encantó la atención que recibí, fueron muy atentos.",Sugerencia
7769,Podrían ampliar el horario de atención para mayor comodidad.,Sugerencia
7770,No me gusta que el personal no esté bien capacitado.,Queja
7771,"Me encantó la atención que recibí, fueron muy atentos.",Sugerencia
7772,No me gusta que el personal no esté bien capacitado.,Queja
7773,Podrían ampliar el horario de atención para mayor comodidad.,Sugerencia
7774,"La aplicación móvil tiene muchos errores, deberían mejorarla.",Queja
7775,El servicio telefónico es ineficiente y no resuelven dudas.,Queja
7776,Sería bueno que ampliaran la cobertura del servicio a más ciudades.,Sugerencia
7777,Tuve un problema con mi compra y nadie me ayudó.,Queja
7778,Podrían mejorar la experiencia en línea con una mejor interfaz.,Sugerencia
7779,La página web es muy lenta y difícil de usar.,Queja
7780,Deberían ofrecer más descuentos para clientes frecuentes.,Sugerencia
7781,Podrían mejorar la experiencia en línea con una mejor interfaz.,Sugerencia
7782,El ambiente en la tienda es muy agradable y acogedor.,Sugerencia
7783,Podrían ampliar el horario de atención para mayor comodidad.,Sugerencia
7784,Tuve un problema con mi compra y nadie me ayudó.,Queja
7785,El personal debería recibir más entrenamiento en atención al cliente.,Sugerencia
7786,Podrían ampliar el horario de atención para mayor comodidad.,Sugerencia
7787,El personal debería recibir más entrenamiento en atención al cliente.,Sugerencia
7788,Podrían ampliar el horario de atención para mayor comodidad.,Sugerencia
7789,Sería bueno que ampliaran la cobertura del servicio a más ciudades.,Sugerencia
7790,Me gustaría que ofrecieran más promociones en productos populares.,Sugerencia
7791,Sería genial si agregaran más opciones de pago.,Sugerencia
7792,La página web es muy lenta y difícil de usar.,Queja
7793,El ambiente en la tienda es muy agradable y acogedor.,Sugerencia
7794,"La aplicación móvil tiene muchos errores, deberían mejorarla.",Queja
7795,Sería genial si agregaran más opciones de pago.,Sugerencia
7796,"Me encantó la atención que recibí, fueron muy atentos.",Sugerencia
7797,"El sistema de turnos no funciona bien, deberían optimizarlo.",Queja
7798,El producto llegó defectuoso y tardaron en dar solución.,Queja
7799,"El sistema de turnos no funciona bien, deberían optimizarlo.",Queja
7800,La página web es muy lenta y difícil de usar.,Queja
7801,Sería bueno que ampliaran la cobertura del servicio a más ciudades.,Sugerencia
7802,Me gustaría que ofrecieran más promociones en productos populares.,Sugerencia
7803,"El sistema de turnos no funciona bien, deberían optimizarlo.",Queja
7804,El servicio telefónico es ineficiente y no resuelven dudas.,Queja
7805,Sería útil que agregaran un chat en vivo para consultas rápidas.,Sugerencia
7806,"La aplicación móvil tiene muchos errores, deberían mejorarla.",Queja
7807,La página web es muy lenta y difícil de usar.,Queja
7808,No responden los correos de atención al cliente.,Queja
7809,"Me encantó la atención que recibí, fueron muy atentos.",Sugerencia
7810,"La aplicación móvil tiene muchos errores, deberían mejorarla.",Queja
7811,"Los tiempos de espera son excesivos, deberían mejorarlo.",Queja
7812,El servicio telefónico es ineficiente y no resuelven dudas.,Queja
7813,Sería genial si agregaran más opciones de pago.,Sugerencia
7814,"Los tiempos de espera son excesivos, deberían mejorarlo.",Queja
7815,"El sistema de turnos no funciona bien, deberían optimizarlo.",Queja
7816,Podrían ampliar el horario de atención para mayor comodidad.,Sugerencia
7817,Podrían ampliar el horario de atención para mayor comodidad.,Sugerencia
7818,La página web es muy lenta y difícil de usar.,Queja
7819,Tuve un problema con mi compra y nadie me ayudó.,Queja
7820,El servicio al cliente fue muy lento y poco amable.,Queja
7821,La página web es muy lenta y difícil de usar.,Queja
7822,Podrían mejorar la experiencia en línea con una mejor interfaz.,Sugerencia
7823,El servicio telefónico es ineficiente y no resuelven dudas.,Queja
7824,Sería genial si agregaran más opciones de pago.,Sugerencia
7825,Sería útil que agregaran un chat en vivo para consultas rápidas.,Sugerencia
7826,El servicio telefónico es ineficiente y no resuelven dudas.,Queja
7827,"La aplicación móvil tiene muchos errores, deberían mejorarla.",Queja
7828,El personal debería recibir más entrenamiento en atención al cliente.,Sugerencia
7829,Sería genial si agregaran más opciones de pago.,Sugerencia
7830,El producto llegó defectuoso y tardaron en dar solución.,Queja
7831,"Me encantó la atención que recibí, fueron muy atentos.",Sugerencia
7832,Podrían mejorar la experiencia en línea con una mejor interfaz.,Sugerencia
7833,Podrían mejorar la experiencia en línea con una mejor interfaz.,Sugerencia
7834,No me gusta que el personal no esté bien capacitado.,Queja
7835,Deberían ofrecer más descuentos para clientes frecuentes.,Sugerencia
7836,"Me encantó la atención que recibí, fueron muy atentos.",Sugerencia
7837,"Me encantó la atención que recibí, fueron muy atentos.",Sugerencia
7838,"Me encantó la atención que recibí, fueron muy atentos.",Sugerencia
7839,No responden los correos de atención al cliente.,Queja
7840,Podrían mejorar la experiencia en línea con una mejor interfaz.,Sugerencia
7841,El servicio al cliente fue muy lento y poco amable.,Queja
7842,"Los tiempos de espera son excesivos, deberían mejorarlo.",Queja
7843,La página web es muy lenta y difícil de usar.,Queja
7844,El servicio al cliente fue muy lento y poco amable.,Queja
7845,"La aplicación móvil tiene muchos errores, deberían mejorarla.",Queja
7846,No me gusta que el personal no esté bien capacitado.,Queja
7847,El personal debería recibir más entrenamiento en atención al cliente.,Sugerencia
7848,Tuve un problema con mi compra y nadie me ayudó.,Queja
7849,Tuve un problema con mi compra y nadie me ayudó.,Queja
7850,El servicio al cliente fue muy lento y poco amable.,Queja
7851,Sería bueno que ampliaran la cobertura del servicio a más ciudades.,Sugerencia
7852,Me gustaría que ofrecieran más promociones en productos populares.,Sugerencia
7853,El servicio al cliente fue muy lento y poco amable.,Queja
7854,"Me encantó la atención que recibí, fueron muy atentos.",Sugerencia
7855,El producto llegó defectuoso y tardaron en dar solución.,Queja
7856,Sería genial si agregaran más opciones de pago.,Sugerencia
7857,La página web es muy lenta y difícil de usar.,Queja
7858,El producto llegó defectuoso y tardaron en dar solución.,Queja
7859,"La aplicación móvil tiene muchos errores, deberían mejorarla.",Queja
7860,El servicio al cliente fue muy lento y poco amable.,Queja
7861,Sería útil que agregaran un chat en vivo para consultas rápidas.,Sugerencia
7862,Podrían mejorar la experiencia en línea con una mejor interfaz.,Sugerencia
7863,El servicio al cliente fue muy lento y poco amable.,Queja
7864,Deberían ofrecer más descuentos para clientes frecuentes.,Sugerencia
7865,Podrían mejorar la experiencia en línea con una mejor interfaz.,Sugerencia
7866,Deberían ofrecer más descuentos para clientes frecuentes.,Sugerencia
7867,"Los tiempos de espera son excesivos, deberían mejorarlo.",Queja
7868,El personal debería recibir más entrenamiento en atención al cliente.,Sugerencia
7869,Sería útil que agregaran un chat en vivo para consultas rápidas.,Sugerencia
7870,"Los tiempos de espera son excesivos, deberían mejorarlo.",Queja
7871,Podrían ampliar el horario de atención para mayor comodidad.,Sugerencia
7872,Sería bueno que ampliaran la cobertura del servicio a más ciudades.,Sugerencia
7873,"Los tiempos de espera son excesivos, deberían mejorarlo.",Queja
7874,No responden los correos de atención al cliente.,Queja
7875,El servicio telefónico es ineficiente y no resuelven dudas.,Queja
7876,El producto llegó defectuoso y tardaron en dar solución.,Queja
7877,Me gustaría que ofrecieran más promociones en productos populares.,Sugerencia
7878,"El sistema de turnos no funciona bien, deberían optimizarlo.",Queja
7879,Sería bueno que ampliaran la cobertura del servicio a más ciudades.,Sugerencia
7880,El servicio al cliente fue muy lento y poco amable.,Queja
7881,El servicio al cliente fue muy lento y poco amable.,Queja
7882,"Los tiempos de espera son excesivos, deberían mejorarlo.",Queja
7883,Sería bueno que ampliaran la cobertura del servicio a más ciudades.,Sugerencia
7884,El personal debería recibir más entrenamiento en atención al cliente.,Sugerencia
7885,"Los tiempos de espera son excesivos, deberían mejorarlo.",Queja
7886,Podrían ampliar el horario de atención para mayor comodidad.,Sugerencia
7887,No me gusta que el personal no esté bien capacitado.,Queja
7888,El producto llegó defectuoso y tardaron en dar solución.,Queja
7889,Sería útil que agregaran un chat en vivo para consultas rápidas.,Sugerencia
7890,La página web es muy lenta y difícil de usar.,Queja
7891,No me gusta que el personal no esté bien capacitado.,Queja
7892,Sería bueno que ampliaran la cobertura del servicio a más ciudades.,Sugerencia
7893,Sería útil que agregaran un chat en vivo para consultas rápidas.,Sugerencia
7894,Podrían ampliar el horario de atención para mayor comodidad.,Sugerencia
7895,Sería genial si agregaran más opciones de pago.,Sugerencia
7896,Tuve un problema con mi compra y nadie me ayudó.,Queja
7897,El servicio telefónico es ineficiente y no resuelven dudas.,Queja
7898,No me gusta que el personal no esté bien capacitado.,Queja
7899,Sería útil que agregaran un chat en vivo para consultas rápidas.,Sugerencia
7900,"Me encantó la atención que recibí, fueron muy atentos.",Sugerencia
7901,Sería bueno que ampliaran la cobertura del servicio a más ciudades.,Sugerencia
7902,"Me encantó la atención que recibí, fueron muy atentos.",Sugerencia
7903,Sería bueno que ampliaran la cobertura del servicio a más ciudades.,Sugerencia
7904,No me gusta que el personal no esté bien capacitado.,Queja
7905,Sería genial si agregaran más opciones de pago.,Sugerencia
7906,El producto llegó defectuoso y tardaron en dar solución.,Queja
7907,Podrían mejorar la experiencia en línea con una mejor interfaz.,Sugerencia
7908,Sería útil que agregaran un chat en vivo para consultas rápidas.,Sugerencia
7909,Sería útil que agregaran un chat en vivo para consultas rápidas.,Sugerencia
7910,No me gusta que el personal no esté bien capacitado.,Queja
7911,"Me encantó la atención que recibí, fueron muy atentos.",Sugerencia
7912,La página web es muy lenta y difícil de usar.,Queja
7913,Me gustaría que ofrecieran más promociones en productos populares.,Sugerencia
7914,Me gustaría que ofrecieran más promociones en productos populares.,Sugerencia
7915,No responden los correos de atención al cliente.,Queja
7916,"Me encantó la atención que recibí, fueron muy atentos.",Sugerencia
7917,Sería genial si agregaran más opciones de pago.,Sugerencia
7918,"Los tiempos de espera son excesivos, deberían mejorarlo.",Queja
7919,El ambiente en la tienda es muy agradable y acogedor.,Sugerencia
7920,Deberían ofrecer más descuentos para clientes frecuentes.,Sugerencia
7921,"Los tiempos de espera son excesivos, deberían mejorarlo.",Queja
7922,El ambiente en la tienda es muy agradable y acogedor.,Sugerencia
7923,No responden los correos de atención al cliente.,Queja
7924,"Los tiempos de espera son excesivos, deberían mejorarlo.",Queja
7925,"El sistema de turnos no funciona bien, deberían optimizarlo.",Queja
7926,"Me encantó la atención que recibí, fueron muy atentos.",Sugerencia
7927,El servicio al cliente fue muy lento y poco amable.,Queja
7928,Tuve un problema con mi compra y nadie me ayudó.,Queja
7929,El producto llegó defectuoso y tardaron en dar solución.,Queja
7930,"El sistema de turnos no funciona bien, deberían optimizarlo.",Queja
7931,Sería bueno que ampliaran la cobertura del servicio a más ciudades.,Sugerencia
7932,El servicio al cliente fue muy lento y poco amable.,Queja
7933,El servicio al cliente fue muy lento y poco amable.,Queja
7934,Tuve un problema con mi compra y nadie me ayudó.,Queja
7935,El producto llegó defectuoso y tardaron en dar solución.,Queja
7936,Sería útil que agregaran un chat en vivo para consultas rápidas.,Sugerencia
7937,"El sistema de turnos no funciona bien, deberían optimizarlo.",Queja
7938,"Me encantó la atención que recibí, fueron muy atentos.",Sugerencia
7939,No responden los correos de atención al cliente.,Queja
7940,Tuve un problema con mi compra y nadie me ayudó.,Queja
7941,No responden los correos de atención al cliente.,Queja
7942,"Me encantó la atención que recibí, fueron muy atentos.",Sugerencia
7943,"Los tiempos de espera son excesivos, deberían mejorarlo.",Queja
7944,El servicio al cliente fue muy lento y poco amable.,Queja
7945,"Los tiempos de espera son excesivos, deberían mejorarlo.",Queja
7946,Podrían mejorar la experiencia en línea con una mejor interfaz.,Sugerencia
7947,"La aplicación móvil tiene muchos errores, deberían mejorarla.",Queja
7948,"La aplicación móvil tiene muchos errores, deberían mejorarla.",Queja
7949,Sería genial si agregaran más opciones de pago.,Sugerencia
7950,"La aplicación móvil tiene muchos errores, deberían mejorarla.",Queja
7951,Podrían mejorar la experiencia en línea con una mejor interfaz.,Sugerencia
7952,La página web es muy lenta y difícil de usar.,Queja
7953,No responden los correos de atención al cliente.,Queja
7954,El servicio telefónico es ineficiente y no resuelven dudas.,Queja
7955,"El sistema de turnos no funciona bien, deberían optimizarlo.",Queja
7956,No me gusta que el personal no esté bien capacitado.,Queja
7957,Me gustaría que ofrecieran más promociones en productos populares.,Sugerencia
7958,No me gusta que el personal no esté bien capacitado.,Queja
7959,El servicio telefónico es ineficiente y no resuelven dudas.,Queja
7960,"El sistema de turnos no funciona bien, deberían optimizarlo.",Queja
7961,El producto llegó defectuoso y tardaron en dar solución.,Queja
7962,"Los tiempos de espera son excesivos, deberían mejorarlo.",Queja
7963,Podrían mejorar la experiencia en línea con una mejor interfaz.,Sugerencia
7964,Sería genial si agregaran más opciones de pago.,Sugerencia
7965,Sería útil que agregaran un chat en vivo para consultas rápidas.,Sugerencia
7966,No me gusta que el personal no esté bien capacitado.,Queja
7967,El producto llegó defectuoso y tardaron en dar solución.,Queja
7968,Sería genial si agregaran más opciones de pago.,Sugerencia
7969,"El sistema de turnos no funciona bien, deberían optimizarlo.",Queja
7970,El servicio al cliente fue muy lento y poco amable.,Queja
7971,Tuve un problema con mi compra y nadie me ayudó.,Queja
7972,Podrían ampliar el horario de atención para mayor comodidad.,Sugerencia
7973,La página web es muy lenta y difícil de usar.,Queja
7974,El servicio telefónico es ineficiente y no resuelven dudas.,Queja
7975,Podrían ampliar el horario de atención para mayor comodidad.,Sugerencia
7976,Deberían ofrecer más descuentos para clientes frecuentes.,Sugerencia
7977,Tuve un problema con mi compra y nadie me ayudó.,Queja
7978,El servicio telefónico es ineficiente y no resuelven dudas.,Queja
7979,Deberían ofrecer más descuentos para clientes frecuentes.,Sugerencia
7980,No me gusta que el personal no esté bien capacitado.,Queja
7981,El producto llegó defectuoso y tardaron en dar solución.,Queja
7982,Sería bueno que ampliaran la cobertura del servicio a más ciudades.,Sugerencia
7983,"Los tiempos de espera son excesivos, deberían mejorarlo.",Queja
7984,El producto llegó defectuoso y tardaron en dar solución.,Queja
7985,"Los tiempos de espera son excesivos, deberían mejorarlo.",Queja
7986,El ambiente en la tienda es muy agradable y acogedor.,Sugerencia
7987,"Me encantó la atención que recibí, fueron muy atentos.",Sugerencia
7988,"Los tiempos de espera son excesivos, deberían mejorarlo.",Queja
7989,La página web es muy lenta y difícil de usar.,Queja
7990,"Me encantó la atención que recibí, fueron muy atentos.",Sugerencia
7991,El servicio al cliente fue muy lento y poco amable.,Queja
7992,Deberían ofrecer más descuentos para clientes frecuentes.,Sugerencia
7993,El servicio telefónico es ineficiente y no resuelven dudas.,Queja
7994,Sería genial si agregaran más opciones de pago.,Sugerencia
7995,Sería bueno que ampliaran la cobertura del servicio a más ciudades.,Sugerencia
7996,No me gusta que el personal no esté bien capacitado.,Queja
7997,Sería útil que agregaran un chat en vivo para consultas rápidas.,Sugerencia
7998,El personal debería recibir más entrenamiento en atención al cliente.,Sugerencia
7999,El ambiente en la tienda es muy agradable y acogedor.,Sugerencia
8000,Sería genial si agregaran más opciones de pago.,Sugerencia
8001,"Me encantó la atención que recibí, fueron muy atentos.",Sugerencia
8002,Deberían ofrecer más descuentos para clientes frecuentes.,Sugerencia
8003,"La aplicación móvil tiene muchos errores, deberían mejorarla.",Queja
8004,Sería útil que agregaran un chat en vivo para consultas rápidas.,Sugerencia
8005,Podrían mejorar la experiencia en línea con una mejor interfaz.,Sugerencia
8006,No me gusta que el personal no esté bien capacitado.,Queja
8007,"El sistema de turnos no funciona bien, deberían optimizarlo.",Queja
8008,"La aplicación móvil tiene muchos errores, deberían mejorarla.",Queja
8009,El servicio al cliente fue muy lento y poco amable.,Queja
8010,El servicio telefónico es ineficiente y no resuelven dudas.,Queja
8011,Podrían mejorar la experiencia en línea con una mejor interfaz.,Sugerencia
8012,La página web es muy lenta y difícil de usar.,Queja
8013,"El sistema de turnos no funciona bien, deberían optimizarlo.",Queja
8014,Sería genial si agregaran más opciones de pago.,Sugerencia
8015,El producto llegó defectuoso y tardaron en dar solución.,Queja
8016,Me gustaría que ofrecieran más promociones en productos populares.,Sugerencia
8017,"Los tiempos de espera son excesivos, deberían mejorarlo.",Queja
8018,La página web es muy lenta y difícil de usar.,Queja
8019,"Los tiempos de espera son excesivos, deberían mejorarlo.",Queja
8020,"Me encantó la atención que recibí, fueron muy atentos.",Sugerencia
8021,Podrían mejorar la experiencia en línea con una mejor interfaz.,Sugerencia
8022,El personal debería recibir más entrenamiento en atención al cliente.,Sugerencia
8023,El personal debería recibir más entrenamiento en atención al cliente.,Sugerencia
8024,Sería útil que agregaran un chat en vivo para consultas rápidas.,Sugerencia
8025,"Los tiempos de espera son excesivos, deberían mejorarlo.",Queja
8026,Me gustaría que ofrecieran más promociones en productos populares.,Sugerencia
8027,Tuve un problema con mi compra y nadie me ayudó.,Queja
8028,"Los tiempos de espera son excesivos, deberían mejorarlo.",Queja
8029,Me gustaría que ofrecieran más promociones en productos populares.,Sugerencia
8030,No responden los correos de atención al cliente.,Queja
8031,El producto llegó defectuoso y tardaron en dar solución.,Queja
8032,Podrían mejorar la experiencia en línea con una mejor interfaz.,Sugerencia
8033,El servicio al cliente fue muy lento y poco amable.,Queja
8034,El servicio al cliente fue muy lento y poco amable.,Queja
8035,Deberían ofrecer más descuentos para clientes frecuentes.,Sugerencia
8036,No me gusta que el personal no esté bien capacitado.,Queja
8037,Podrían ampliar el horario de atención para mayor comodidad.,Sugerencia
8038,"Los tiempos de espera son excesivos, deberían mejorarlo.",Queja
8039,No responden los correos de atención al cliente.,Queja
8040,Tuve un problema con mi compra y nadie me ayudó.,Queja
8041,Podrían mejorar la experiencia en línea con una mejor interfaz.,Sugerencia
8042,El servicio telefónico es ineficiente y no resuelven dudas.,Queja
8043,Podrían ampliar el horario de atención para mayor comodidad.,Sugerencia
8044,Me gustaría que ofrecieran más promociones en productos populares.,Sugerencia
8045,Sería genial si agregaran más opciones de pago.,Sugerencia
8046,"Me encantó la atención que recibí, fueron muy atentos.",Sugerencia
8047,Sería bueno que ampliaran la cobertura del servicio a más ciudades.,Sugerencia
8048,No responden los correos de atención al cliente.,Queja
8049,"Los tiempos de espera son excesivos, deberían mejorarlo.",Queja
8050,"Me encantó la atención que recibí, fueron muy atentos.",Sugerencia
8051,Sería útil que agregaran un chat en vivo para consultas rápidas.,Sugerencia
8052,Podrían mejorar la experiencia en línea con una mejor interfaz.,Sugerencia
8053,La página web es muy lenta y difícil de usar.,Queja
8054,Podrían mejorar la experiencia en línea con una mejor interfaz.,Sugerencia
8055,"La aplicación móvil tiene muchos errores, deberían mejorarla.",Queja
8056,El ambiente en la tienda es muy agradable y acogedor.,Sugerencia
8057,El servicio telefónico es ineficiente y no resuelven dudas.,Queja
8058,"Me encantó la atención que recibí, fueron muy atentos.",Sugerencia
8059,No me gusta que el personal no esté bien capacitado.,Queja
8060,Sería bueno que ampliaran la cobertura del servicio a más ciudades.,Sugerencia
8061,El personal debería recibir más entrenamiento en atención al cliente.,Sugerencia
8062,"La aplicación móvil tiene muchos errores, deberían mejorarla.",Queja
8063,Me gustaría que ofrecieran más promociones en productos populares.,Sugerencia
8064,El producto llegó defectuoso y tardaron en dar solución.,Queja
8065,Sería útil que agregaran un chat en vivo para consultas rápidas.,Sugerencia
8066,La página web es muy lenta y difícil de usar.,Queja
8067,Tuve un problema con mi compra y nadie me ayudó.,Queja
8068,El servicio al cliente fue muy lento y poco amable.,Queja
8069,El ambiente en la tienda es muy agradable y acogedor.,Sugerencia
8070,"Los tiempos de espera son excesivos, deberían mejorarlo.",Queja
8071,El producto llegó defectuoso y tardaron en dar solución.,Queja
8072,El servicio telefónico es ineficiente y no resuelven dudas.,Queja
8073,Me gustaría que ofrecieran más promociones en productos populares.,Sugerencia
8074,Podrían mejorar la experiencia en línea con una mejor interfaz.,Sugerencia
8075,Deberían ofrecer más descuentos para clientes frecuentes.,Sugerencia
8076,"La aplicación móvil tiene muchos errores, deberían mejorarla.",Queja
8077,Podrían ampliar el horario de atención para mayor comodidad.,Sugerencia
8078,Sería útil que agregaran un chat en vivo para consultas rápidas.,Sugerencia
8079,El ambiente en la tienda es muy agradable y acogedor.,Sugerencia
8080,El producto llegó defectuoso y tardaron en dar solución.,Queja
8081,El ambiente en la tienda es muy agradable y acogedor.,Sugerencia
8082,"Los tiempos de espera son excesivos, deberían mejorarlo.",Queja
8083,Sería útil que agregaran un chat en vivo para consultas rápidas.,Sugerencia
8084,No me gusta que el personal no esté bien capacitado.,Queja
8085,El personal debería recibir más entrenamiento en atención al cliente.,Sugerencia
8086,"Los tiempos de espera son excesivos, deberían mejorarlo.",Queja
8087,El personal debería recibir más entrenamiento en atención al cliente.,Sugerencia
8088,Tuve un problema con mi compra y nadie me ayudó.,Queja
8089,Podrían ampliar el horario de atención para mayor comodidad.,Sugerencia
8090,Sería útil que agregaran un chat en vivo para consultas rápidas.,Sugerencia
8091,"El sistema de turnos no funciona bien, deberían optimizarlo.",Queja
8092,Podrían ampliar el horario de atención para mayor comodidad.,Sugerencia
8093,Podrían mejorar la experiencia en línea con una mejor interfaz.,Sugerencia
8094,Sería útil que agregaran un chat en vivo para consultas rápidas.,Sugerencia
8095,Deberían ofrecer más descuentos para clientes frecuentes.,Sugerencia
8096,Sería genial si agregaran más opciones de pago.,Sugerencia
8097,Me gustaría que ofrecieran más promociones en productos populares.,Sugerencia
8098,"La aplicación móvil tiene muchos errores, deberían mejorarla.",Queja
8099,No me gusta que el personal no esté bien capacitado.,Queja
8100,Me gustaría que ofrecieran más promociones en productos populares.,Sugerencia
8101,"Los tiempos de espera son excesivos, deberían mejorarlo.",Queja
8102,No me gusta que el personal no esté bien capacitado.,Queja
8103,El servicio telefónico es ineficiente y no resuelven dudas.,Queja
8104,Me gustaría que ofrecieran más promociones en productos populares.,Sugerencia
8105,Podrían mejorar la experiencia en línea con una mejor interfaz.,Sugerencia
8106,No responden los correos de atención al cliente.,Queja
8107,"Me encantó la atención que recibí, fueron muy atentos.",Sugerencia
8108,No me gusta que el personal no esté bien capacitado.,Queja
8109,"El sistema de turnos no funciona bien, deberían optimizarlo.",Queja
8110,El ambiente en la tienda es muy agradable y acogedor.,Sugerencia
8111,Podrían mejorar la experiencia en línea con una mejor interfaz.,Sugerencia
8112,Deberían ofrecer más descuentos para clientes frecuentes.,Sugerencia
8113,Deberían ofrecer más descuentos para clientes frecuentes.,Sugerencia
8114,El servicio al cliente fue muy lento y poco amable.,Queja
8115,"Me encantó la atención que recibí, fueron muy atentos.",Sugerencia
8116,Sería genial si agregaran más opciones de pago.,Sugerencia
8117,Podrían mejorar la experiencia en línea con una mejor interfaz.,Sugerencia
8118,No me gusta que el personal no esté bien capacitado.,Queja
8119,El servicio al cliente fue muy lento y poco amable.,Queja
8120,Me gustaría que ofrecieran más promociones en productos populares.,Sugerencia
8121,El personal debería recibir más entrenamiento en atención al cliente.,Sugerencia
8122,Me gustaría que ofrecieran más promociones en productos populares.,Sugerencia
8123,"Me encantó la atención que recibí, fueron muy atentos.",Sugerencia
8124,"Los tiempos de espera son excesivos, deberían mejorarlo.",Queja
8125,No me gusta que el personal no esté bien capacitado.,Queja
8126,Podrían mejorar la experiencia en línea con una mejor interfaz.,Sugerencia
8127,"Los tiempos de espera son excesivos, deberían mejorarlo.",Queja
8128,La página web es muy lenta y difícil de usar.,Queja
8129,El personal debería recibir más entrenamiento en atención al cliente.,Sugerencia
8130,El servicio telefónico es ineficiente y no resuelven dudas.,Queja
8131,"La aplicación móvil tiene muchos errores, deberían mejorarla.",Queja
8132,El ambiente en la tienda es muy agradable y acogedor.,Sugerencia
8133,El personal debería recibir más entrenamiento en atención al cliente.,Sugerencia
8134,"Los tiempos de espera son excesivos, deberían mejorarlo.",Queja
8135,"Los tiempos de espera son excesivos, deberían mejorarlo.",Queja
8136,No me gusta que el personal no esté bien capacitado.,Queja
8137,Podrían ampliar el horario de atención para mayor comodidad.,Sugerencia
8138,El personal debería recibir más entrenamiento en atención al cliente.,Sugerencia
8139,"Los tiempos de espera son excesivos, deberían mejorarlo.",Queja
8140,La página web es muy lenta y difícil de usar.,Queja
8141,No responden los correos de atención al cliente.,Queja
8142,El ambiente en la tienda es muy agradable y acogedor.,Sugerencia
8143,El servicio telefónico es ineficiente y no resuelven dudas.,Queja
8144,La página web es muy lenta y difícil de usar.,Queja
8145,Sería bueno que ampliaran la cobertura del servicio a más ciudades.,Sugerencia
8146,El ambiente en la tienda es muy agradable y acogedor.,Sugerencia
8147,Me gustaría que ofrecieran más promociones en productos populares.,Sugerencia
8148,No me gusta que el personal no esté bien capacitado.,Queja
8149,Sería bueno que ampliaran la cobertura del servicio a más ciudades.,Sugerencia
8150,"Los tiempos de espera son excesivos, deberían mejorarlo.",Queja
8151,El servicio al cliente fue muy lento y poco amable.,Queja
8152,El servicio telefónico es ineficiente y no resuelven dudas.,Queja
8153,La página web es muy lenta y difícil de usar.,Queja
8154,El servicio al cliente fue muy lento y poco amable.,Queja
8155,Sería genial si agregaran más opciones de pago.,Sugerencia
8156,"La aplicación móvil tiene muchos errores, deberían mejorarla.",Queja
8157,Tuve un problema con mi compra y nadie me ayudó.,Queja
8158,La página web es muy lenta y difícil de usar.,Queja
8159,Podrían mejorar la experiencia en línea con una mejor interfaz.,Sugerencia
8160,Me gustaría que ofrecieran más promociones en productos populares.,Sugerencia
8161,Podrían ampliar el horario de atención para mayor comodidad.,Sugerencia
8162,Sería útil que agregaran un chat en vivo para consultas rápidas.,Sugerencia
8163,"La aplicación móvil tiene muchos errores, deberían mejorarla.",Queja
8164,Tuve un problema con mi compra y nadie me ayudó.,Queja
8165,Me gustaría que ofrecieran más promociones en productos populares.,Sugerencia
8166,Podrían mejorar la experiencia en línea con una mejor interfaz.,Sugerencia
8167,"El sistema de turnos no funciona bien, deberían optimizarlo.",Queja
8168,No me gusta que el personal no esté bien capacitado.,Queja
8169,"La aplicación móvil tiene muchos errores, deberían mejorarla.",Queja
8170,Tuve un problema con mi compra y nadie me ayudó.,Queja
8171,No responden los correos de atención al cliente.,Queja
8172,Deberían ofrecer más descuentos para clientes frecuentes.,Sugerencia
8173,Tuve un problema con mi compra y nadie me ayudó.,Queja
8174,El personal debería recibir más entrenamiento en atención al cliente.,Sugerencia
8175,Deberían ofrecer más descuentos para clientes frecuentes.,Sugerencia
8176,Podrían mejorar la experiencia en línea con una mejor interfaz.,Sugerencia
8177,El servicio al cliente fue muy lento y poco amable.,Queja
8178,"El sistema de turnos no funciona bien, deberían optimizarlo.",Queja
8179,El servicio al cliente fue muy lento y poco amable.,Queja
8180,Podrían mejorar la experiencia en línea con una mejor interfaz.,Sugerencia
8181,El servicio telefónico es ineficiente y no resuelven dudas.,Queja
8182,El personal debería recibir más entrenamiento en atención al cliente.,Sugerencia
8183,"Me encantó la atención que recibí, fueron muy atentos.",Sugerencia
8184,"Los tiempos de espera son excesivos, deberían mejorarlo.",Queja
8185,La página web es muy lenta y difícil de usar.,Queja
8186,Tuve un problema con mi compra y nadie me ayudó.,Queja
8187,El producto llegó defectuoso y tardaron en dar solución.,Queja
8188,Sería genial si agregaran más opciones de pago.,Sugerencia
8189,El producto llegó defectuoso y tardaron en dar solución.,Queja
8190,Podrían ampliar el horario de atención para mayor comodidad.,Sugerencia
8191,El servicio al cliente fue muy lento y poco amable.,Queja
8192,Sería útil que agregaran un chat en vivo para consultas rápidas.,Sugerencia
8193,Sería genial si agregaran más opciones de pago.,Sugerencia
8194,No responden los correos de atención al cliente.,Queja
8195,"El sistema de turnos no funciona bien, deberían optimizarlo.",Queja
8196,"El sistema de turnos no funciona bien, deberían optimizarlo.",Queja
8197,Deberían ofrecer más descuentos para clientes frecuentes.,Sugerencia
8198,Sería bueno que ampliaran la cobertura del servicio a más ciudades.,Sugerencia
8199,"Me encantó la atención que recibí, fueron muy atentos.",Sugerencia
8200,La página web es muy lenta y difícil de usar.,Queja
8201,Deberían ofrecer más descuentos para clientes frecuentes.,Sugerencia
8202,"Me encantó la atención que recibí, fueron muy atentos.",Sugerencia
8203,El servicio al cliente fue muy lento y poco amable.,Queja
8204,El servicio al cliente fue muy lento y poco amable.,Queja
8205,No me gusta que el personal no esté bien capacitado.,Queja
8206,El personal debería recibir más entrenamiento en atención al cliente.,Sugerencia
8207,"El sistema de turnos no funciona bien, deberían optimizarlo.",Queja
8208,Sería útil que agregaran un chat en vivo para consultas rápidas.,Sugerencia
8209,El servicio al cliente fue muy lento y poco amable.,Queja
8210,"Me encantó la atención que recibí, fueron muy atentos.",Sugerencia
8211,El producto llegó defectuoso y tardaron en dar solución.,Queja
8212,Sería genial si agregaran más opciones de pago.,Sugerencia
8213,El servicio al cliente fue muy lento y poco amable.,Queja
8214,El servicio telefónico es ineficiente y no resuelven dudas.,Queja
8215,El servicio al cliente fue muy lento y poco amable.,Queja
8216,Sería bueno que ampliaran la cobertura del servicio a más ciudades.,Sugerencia
8217,Sería genial si agregaran más opciones de pago.,Sugerencia
8218,Sería útil que agregaran un chat en vivo para consultas rápidas.,Sugerencia
8219,Podrían mejorar la experiencia en línea con una mejor interfaz.,Sugerencia
8220,El personal debería recibir más entrenamiento en atención al cliente.,Sugerencia
8221,"Me encantó la atención que recibí, fueron muy atentos.",Sugerencia
8222,Podrían ampliar el horario de atención para mayor comodidad.,Sugerencia
8223,No me gusta que el personal no esté bien capacitado.,Queja
8224,El personal debería recibir más entrenamiento en atención al cliente.,Sugerencia
8225,Deberían ofrecer más descuentos para clientes frecuentes.,Sugerencia
8226,"La aplicación móvil tiene muchos errores, deberían mejorarla.",Queja
8227,"Me encantó la atención que recibí, fueron muy atentos.",Sugerencia
8228,Podrían mejorar la experiencia en línea con una mejor interfaz.,Sugerencia
8229,"Los tiempos de espera son excesivos, deberían mejorarlo.",Queja
8230,No responden los correos de atención al cliente.,Queja
8231,El servicio al cliente fue muy lento y poco amable.,Queja
8232,Sería genial si agregaran más opciones de pago.,Sugerencia
8233,Me gustaría que ofrecieran más promociones en productos populares.,Sugerencia
8234,El personal debería recibir más entrenamiento en atención al cliente.,Sugerencia
8235,El producto llegó defectuoso y tardaron en dar solución.,Queja
8236,No responden los correos de atención al cliente.,Queja
8237,Sería bueno que ampliaran la cobertura del servicio a más ciudades.,Sugerencia
8238,El ambiente en la tienda es muy agradable y acogedor.,Sugerencia
8239,Sería genial si agregaran más opciones de pago.,Sugerencia
8240,Podrían mejorar la experiencia en línea con una mejor interfaz.,Sugerencia
8241,"El sistema de turnos no funciona bien, deberían optimizarlo.",Queja
8242,El servicio telefónico es ineficiente y no resuelven dudas.,Queja
8243,"El sistema de turnos no funciona bien, deberían optimizarlo.",Queja
8244,Deberían ofrecer más descuentos para clientes frecuentes.,Sugerencia
8245,Tuve un problema con mi compra y nadie me ayudó.,Queja
8246,Me gustaría que ofrecieran más promociones en productos populares.,Sugerencia
8247,El personal debería recibir más entrenamiento en atención al cliente.,Sugerencia
8248,Podrían mejorar la experiencia en línea con una mejor interfaz.,Sugerencia
8249,El servicio al cliente fue muy lento y poco amable.,Queja
8250,Podrían ampliar el horario de atención para mayor comodidad.,Sugerencia
8251,Deberían ofrecer más descuentos para clientes frecuentes.,Sugerencia
8252,No responden los correos de atención al cliente.,Queja
8253,"Me encantó la atención que recibí, fueron muy atentos.",Sugerencia
8254,No me gusta que el personal no esté bien capacitado.,Queja
8255,El producto llegó defectuoso y tardaron en dar solución.,Queja
8256,Sería bueno que ampliaran la cobertura del servicio a más ciudades.,Sugerencia
8257,Me gustaría que ofrecieran más promociones en productos populares.,Sugerencia
8258,El servicio telefónico es ineficiente y no resuelven dudas.,Queja
8259,"Los tiempos de espera son excesivos, deberían mejorarlo.",Queja
8260,Sería útil que agregaran un chat en vivo para consultas rápidas.,Sugerencia
8261,El producto llegó defectuoso y tardaron en dar solución.,Queja
8262,Tuve un problema con mi compra y nadie me ayudó.,Queja
8263,Sería útil que agregaran un chat en vivo para consultas rápidas.,Sugerencia
8264,El servicio al cliente fue muy lento y poco amable.,Queja
8265,Deberían ofrecer más descuentos para clientes frecuentes.,Sugerencia
8266,Deberían ofrecer más descuentos para clientes frecuentes.,Sugerencia
8267,Sería genial si agregaran más opciones de pago.,Sugerencia
8268,Sería bueno que ampliaran la cobertura del servicio a más ciudades.,Sugerencia
8269,Deberían ofrecer más descuentos para clientes frecuentes.,Sugerencia
8270,Sería bueno que ampliaran la cobertura del servicio a más ciudades.,Sugerencia
8271,El producto llegó defectuoso y tardaron en dar solución.,Queja
8272,Sería útil que agregaran un chat en vivo para consultas rápidas.,Sugerencia
8273,El personal debería recibir más entrenamiento en atención al cliente.,Sugerencia
8274,Sería bueno que ampliaran la cobertura del servicio a más ciudades.,Sugerencia
8275,Sería útil que agregaran un chat en vivo para consultas rápidas.,Sugerencia
8276,No responden los correos de atención al cliente.,Queja
8277,Deberían ofrecer más descuentos para clientes frecuentes.,Sugerencia
8278,Tuve un problema con mi compra y nadie me ayudó.,Queja
8279,Deberían ofrecer más descuentos para clientes frecuentes.,Sugerencia
8280,No me gusta que el personal no esté bien capacitado.,Queja
8281,El personal debería recibir más entrenamiento en atención al cliente.,Sugerencia
8282,Tuve un problema con mi compra y nadie me ayudó.,Queja
8283,El servicio al cliente fue muy lento y poco amable.,Queja
8284,"El sistema de turnos no funciona bien, deberían optimizarlo.",Queja
8285,"El sistema de turnos no funciona bien, deberían optimizarlo.",Queja
8286,La página web es muy lenta y difícil de usar.,Queja
8287,El personal debería recibir más entrenamiento en atención al cliente.,Sugerencia
8288,El ambiente en la tienda es muy agradable y acogedor.,Sugerencia
8289,El servicio telefónico es ineficiente y no resuelven dudas.,Queja
8290,Me gustaría que ofrecieran más promociones en productos populares.,Sugerencia
8291,El servicio al cliente fue muy lento y poco amable.,Queja
8292,Me gustaría que ofrecieran más promociones en productos populares.,Sugerencia
8293,Sería genial si agregaran más opciones de pago.,Sugerencia
8294,"La aplicación móvil tiene muchos errores, deberían mejorarla.",Queja
8295,Tuve un problema con mi compra y nadie me ayudó.,Queja
8296,Me gustaría que ofrecieran más promociones en productos populares.,Sugerencia
8297,"Me encantó la atención que recibí, fueron muy atentos.",Sugerencia
8298,"Los tiempos de espera son excesivos, deberían mejorarlo.",Queja
8299,Podrían ampliar el horario de atención para mayor comodidad.,Sugerencia
8300,El ambiente en la tienda es muy agradable y acogedor.,Sugerencia
8301,Me gustaría que ofrecieran más promociones en productos populares.,Sugerencia
8302,Podrían ampliar el horario de atención para mayor comodidad.,Sugerencia
8303,El personal debería recibir más entrenamiento en atención al cliente.,Sugerencia
8304,"La aplicación móvil tiene muchos errores, deberían mejorarla.",Queja
8305,El servicio telefónico es ineficiente y no resuelven dudas.,Queja
8306,Sería útil que agregaran un chat en vivo para consultas rápidas.,Sugerencia
8307,No responden los correos de atención al cliente.,Queja
8308,Sería genial si agregaran más opciones de pago.,Sugerencia
8309,"Me encantó la atención que recibí, fueron muy atentos.",Sugerencia
8310,Me gustaría que ofrecieran más promociones en productos populares.,Sugerencia
8311,Me gustaría que ofrecieran más promociones en productos populares.,Sugerencia
8312,Sería genial si agregaran más opciones de pago.,Sugerencia
8313,Podrían ampliar el horario de atención para mayor comodidad.,Sugerencia
8314,La página web es muy lenta y difícil de usar.,Queja
8315,Sería bueno que ampliaran la cobertura del servicio a más ciudades.,Sugerencia
8316,El producto llegó defectuoso y tardaron en dar solución.,Queja
8317,"Los tiempos de espera son excesivos, deberían mejorarlo.",Queja
8318,Me gustaría que ofrecieran más promociones en productos populares.,Sugerencia
8319,El servicio telefónico es ineficiente y no resuelven dudas.,Queja
8320,La página web es muy lenta y difícil de usar.,Queja
8321,"Los tiempos de espera son excesivos, deberían mejorarlo.",Queja
8322,El servicio telefónico es ineficiente y no resuelven dudas.,Queja
8323,Podrían mejorar la experiencia en línea con una mejor interfaz.,Sugerencia
8324,Tuve un problema con mi compra y nadie me ayudó.,Queja
8325,No responden los correos de atención al cliente.,Queja
8326,Podrían mejorar la experiencia en línea con una mejor interfaz.,Sugerencia
8327,El producto llegó defectuoso y tardaron en dar solución.,Queja
8328,Podrían ampliar el horario de atención para mayor comodidad.,Sugerencia
8329,Sería genial si agregaran más opciones de pago.,Sugerencia
8330,Tuve un problema con mi compra y nadie me ayudó.,Queja
8331,Me gustaría que ofrecieran más promociones en productos populares.,Sugerencia
8332,No responden los correos de atención al cliente.,Queja
8333,El servicio al cliente fue muy lento y poco amable.,Queja
8334,Podrían mejorar la experiencia en línea con una mejor interfaz.,Sugerencia
8335,Tuve un problema con mi compra y nadie me ayudó.,Queja
8336,Tuve un problema con mi compra y nadie me ayudó.,Queja
8337,El servicio telefónico es ineficiente y no resuelven dudas.,Queja
8338,El personal debería recibir más entrenamiento en atención al cliente.,Sugerencia
8339,No responden los correos de atención al cliente.,Queja
8340,"La aplicación móvil tiene muchos errores, deberían mejorarla.",Queja
8341,No responden los correos de atención al cliente.,Queja
8342,"El sistema de turnos no funciona bien, deberían optimizarlo.",Queja
8343,No responden los correos de atención al cliente.,Queja
8344,Sería bueno que ampliaran la cobertura del servicio a más ciudades.,Sugerencia
8345,"Los tiempos de espera son excesivos, deberían mejorarlo.",Queja
8346,El servicio al cliente fue muy lento y poco amable.,Queja
8347,No responden los correos de atención al cliente.,Queja
8348,Podrían mejorar la experiencia en línea con una mejor interfaz.,Sugerencia
8349,"Me encantó la atención que recibí, fueron muy atentos.",Sugerencia
8350,El servicio telefónico es ineficiente y no resuelven dudas.,Queja
8351,Deberían ofrecer más descuentos para clientes frecuentes.,Sugerencia
8352,El personal debería recibir más entrenamiento en atención al cliente.,Sugerencia
8353,Me gustaría que ofrecieran más promociones en productos populares.,Sugerencia
8354,Podrían ampliar el horario de atención para mayor comodidad.,Sugerencia
8355,No responden los correos de atención al cliente.,Queja
8356,Sería bueno que ampliaran la cobertura del servicio a más ciudades.,Sugerencia
8357,"La aplicación móvil tiene muchos errores, deberían mejorarla.",Queja
8358,La página web es muy lenta y difícil de usar.,Queja
8359,Sería útil que agregaran un chat en vivo para consultas rápidas.,Sugerencia
8360,Deberían ofrecer más descuentos para clientes frecuentes.,Sugerencia
8361,El servicio telefónico es ineficiente y no resuelven dudas.,Queja
8362,Sería útil que agregaran un chat en vivo para consultas rápidas.,Sugerencia
8363,"Me encantó la atención que recibí, fueron muy atentos.",Sugerencia
8364,"El sistema de turnos no funciona bien, deberían optimizarlo.",Queja
8365,Deberían ofrecer más descuentos para clientes frecuentes.,Sugerencia
8366,Podrían mejorar la experiencia en línea con una mejor interfaz.,Sugerencia
8367,No responden los correos de atención al cliente.,Queja
8368,Tuve un problema con mi compra y nadie me ayudó.,Queja
8369,No responden los correos de atención al cliente.,Queja
8370,"Los tiempos de espera son excesivos, deberían mejorarlo.",Queja
8371,El ambiente en la tienda es muy agradable y acogedor.,Sugerencia
8372,Podrían ampliar el horario de atención para mayor comodidad.,Sugerencia
8373,Sería útil que agregaran un chat en vivo para consultas rápidas.,Sugerencia
8374,Podrían mejorar la experiencia en línea con una mejor interfaz.,Sugerencia
8375,El servicio telefónico es ineficiente y no resuelven dudas.,Queja
8376,Me gustaría que ofrecieran más promociones en productos populares.,Sugerencia
8377,"Me encantó la atención que recibí, fueron muy atentos.",Sugerencia
8378,Sería útil que agregaran un chat en vivo para consultas rápidas.,Sugerencia
8379,"La aplicación móvil tiene muchos errores, deberían mejorarla.",Queja
8380,Sería bueno que ampliaran la cobertura del servicio a más ciudades.,Sugerencia
8381,La página web es muy lenta y difícil de usar.,Queja
8382,Podrían mejorar la experiencia en línea con una mejor interfaz.,Sugerencia
8383,Sería bueno que ampliaran la cobertura del servicio a más ciudades.,Sugerencia
8384,Sería bueno que ampliaran la cobertura del servicio a más ciudades.,Sugerencia
8385,Sería genial si agregaran más opciones de pago.,Sugerencia
8386,El producto llegó defectuoso y tardaron en dar solución.,Queja
8387,Podrían mejorar la experiencia en línea con una mejor interfaz.,Sugerencia
8388,El personal debería recibir más entrenamiento en atención al cliente.,Sugerencia
8389,Podrían ampliar el horario de atención para mayor comodidad.,Sugerencia
8390,El producto llegó defectuoso y tardaron en dar solución.,Queja
8391,Sería bueno que ampliaran la cobertura del servicio a más ciudades.,Sugerencia
8392,Me gustaría que ofrecieran más promociones en productos populares.,Sugerencia
8393,No responden los correos de atención al cliente.,Queja
8394,El ambiente en la tienda es muy agradable y acogedor.,Sugerencia
8395,El ambiente en la tienda es muy agradable y acogedor.,Sugerencia
8396,Sería útil que agregaran un chat en vivo para consultas rápidas.,Sugerencia
8397,Podrían mejorar la experiencia en línea con una mejor interfaz.,Sugerencia
8398,"Me encantó la atención que recibí, fueron muy atentos.",Sugerencia
8399,Sería bueno que ampliaran la cobertura del servicio a más ciudades.,Sugerencia
8400,"El sistema de turnos no funciona bien, deberían optimizarlo.",Queja
8401,El ambiente en la tienda es muy agradable y acogedor.,Sugerencia
8402,No responden los correos de atención al cliente.,Queja
8403,"El sistema de turnos no funciona bien, deberían optimizarlo.",Queja
8404,El ambiente en la tienda es muy agradable y acogedor.,Sugerencia
8405,Tuve un problema con mi compra y nadie me ayudó.,Queja
8406,El personal debería recibir más entrenamiento en atención al cliente.,Sugerencia
8407,Sería útil que agregaran un chat en vivo para consultas rápidas.,Sugerencia
8408,Podrían mejorar la experiencia en línea con una mejor interfaz.,Sugerencia
8409,Sería bueno que ampliaran la cobertura del servicio a más ciudades.,Sugerencia
8410,Sería bueno que ampliaran la cobertura del servicio a más ciudades.,Sugerencia
8411,Sería genial si agregaran más opciones de pago.,Sugerencia
8412,El servicio telefónico es ineficiente y no resuelven dudas.,Queja
8413,Podrían mejorar la experiencia en línea con una mejor interfaz.,Sugerencia
8414,Tuve un problema con mi compra y nadie me ayudó.,Queja
8415,Sería genial si agregaran más opciones de pago.,Sugerencia
8416,El ambiente en la tienda es muy agradable y acogedor.,Sugerencia
8417,Me gustaría que ofrecieran más promociones en productos populares.,Sugerencia
8418,Deberían ofrecer más descuentos para clientes frecuentes.,Sugerencia
8419,El producto llegó defectuoso y tardaron en dar solución.,Queja
8420,Sería genial si agregaran más opciones de pago.,Sugerencia
8421,Sería útil que agregaran un chat en vivo para consultas rápidas.,Sugerencia
8422,No me gusta que el personal no esté bien capacitado.,Queja
8423,El producto llegó defectuoso y tardaron en dar solución.,Queja
8424,"Me encantó la atención que recibí, fueron muy atentos.",Sugerencia
8425,Tuve un problema con mi compra y nadie me ayudó.,Queja
8426,El ambiente en la tienda es muy agradable y acogedor.,Sugerencia
8427,El personal debería recibir más entrenamiento en atención al cliente.,Sugerencia
8428,El producto llegó defectuoso y tardaron en dar solución.,Queja
8429,El producto llegó defectuoso y tardaron en dar solución.,Queja
8430,El ambiente en la tienda es muy agradable y acogedor.,Sugerencia
8431,"La aplicación móvil tiene muchos errores, deberían mejorarla.",Queja
8432,Deberían ofrecer más descuentos para clientes frecuentes.,Sugerencia
8433,La página web es muy lenta y difícil de usar.,Queja
8434,"El sistema de turnos no funciona bien, deberían optimizarlo.",Queja
8435,El servicio al cliente fue muy lento y poco amable.,Queja
8436,No me gusta que el personal no esté bien capacitado.,Queja
8437,Sería bueno que ampliaran la cobertura del servicio a más ciudades.,Sugerencia
8438,Sería bueno que ampliaran la cobertura del servicio a más ciudades.,Sugerencia
8439,"El sistema de turnos no funciona bien, deberían optimizarlo.",Queja
8440,No responden los correos de atención al cliente.,Queja
8441,Me gustaría que ofrecieran más promociones en productos populares.,Sugerencia
8442,Podrían ampliar el horario de atención para mayor comodidad.,Sugerencia
8443,Podrían mejorar la experiencia en línea con una mejor interfaz.,Sugerencia
8444,Podrían ampliar el horario de atención para mayor comodidad.,Sugerencia
8445,Tuve un problema con mi compra y nadie me ayudó.,Queja
8446,El servicio telefónico es ineficiente y no resuelven dudas.,Queja
8447,"Me encantó la atención que recibí, fueron muy atentos.",Sugerencia
8448,Podrían ampliar el horario de atención para mayor comodidad.,Sugerencia
8449,Sería útil que agregaran un chat en vivo para consultas rápidas.,Sugerencia
8450,Me gustaría que ofrecieran más promociones en productos populares.,Sugerencia
8451,Deberían ofrecer más descuentos para clientes frecuentes.,Sugerencia
8452,El producto llegó defectuoso y tardaron en dar solución.,Queja
8453,Sería útil que agregaran un chat en vivo para consultas rápidas.,Sugerencia
8454,El ambiente en la tienda es muy agradable y acogedor.,Sugerencia
8455,Sería útil que agregaran un chat en vivo para consultas rápidas.,Sugerencia
8456,El producto llegó defectuoso y tardaron en dar solución.,Queja
8457,Me gustaría que ofrecieran más promociones en productos populares.,Sugerencia
8458,No responden los correos de atención al cliente.,Queja
8459,"Me encantó la atención que recibí, fueron muy atentos.",Sugerencia
8460,El ambiente en la tienda es muy agradable y acogedor.,Sugerencia
8461,"El sistema de turnos no funciona bien, deberían optimizarlo.",Queja
8462,No responden los correos de atención al cliente.,Queja
8463,Podrían ampliar el horario de atención para mayor comodidad.,Sugerencia
8464,"La aplicación móvil tiene muchos errores, deberían mejorarla.",Queja
8465,Deberían ofrecer más descuentos para clientes frecuentes.,Sugerencia
8466,Me gustaría que ofrecieran más promociones en productos populares.,Sugerencia
8467,Me gustaría que ofrecieran más promociones en productos populares.,Sugerencia
8468,"El sistema de turnos no funciona bien, deberían optimizarlo.",Queja
8469,El ambiente en la tienda es muy agradable y acogedor.,Sugerencia
8470,"Los tiempos de espera son excesivos, deberían mejorarlo.",Queja
8471,Sería útil que agregaran un chat en vivo para consultas rápidas.,Sugerencia
8472,La página web es muy lenta y difícil de usar.,Queja
8473,Deberían ofrecer más descuentos para clientes frecuentes.,Sugerencia
8474,El servicio telefónico es ineficiente y no resuelven dudas.,Queja
8475,No me gusta que el personal no esté bien capacitado.,Queja
8476,No me gusta que el personal no esté bien capacitado.,Queja
8477,Podrían mejorar la experiencia en línea con una mejor interfaz.,Sugerencia
8478,Tuve un problema con mi compra y nadie me ayudó.,Queja
8479,El producto llegó defectuoso y tardaron en dar solución.,Queja
8480,El ambiente en la tienda es muy agradable y acogedor.,Sugerencia
8481,"Los tiempos de espera son excesivos, deberían mejorarlo.",Queja
8482,Deberían ofrecer más descuentos para clientes frecuentes.,Sugerencia
8483,Me gustaría que ofrecieran más promociones en productos populares.,Sugerencia
8484,No me gusta que el personal no esté bien capacitado.,Queja
8485,Me gustaría que ofrecieran más promociones en productos populares.,Sugerencia
8486,Tuve un problema con mi compra y nadie me ayudó.,Queja
8487,El ambiente en la tienda es muy agradable y acogedor.,Sugerencia
8488,El ambiente en la tienda es muy agradable y acogedor.,Sugerencia
8489,No responden los correos de atención al cliente.,Queja
8490,Podrían ampliar el horario de atención para mayor comodidad.,Sugerencia
8491,Me gustaría que ofrecieran más promociones en productos populares.,Sugerencia
8492,Podrían ampliar el horario de atención para mayor comodidad.,Sugerencia
8493,No responden los correos de atención al cliente.,Queja
8494,La página web es muy lenta y difícil de usar.,Queja
8495,Me gustaría que ofrecieran más promociones en productos populares.,Sugerencia
8496,Deberían ofrecer más descuentos para clientes frecuentes.,Sugerencia
8497,Sería genial si agregaran más opciones de pago.,Sugerencia
8498,Podrían ampliar el horario de atención para mayor comodidad.,Sugerencia
8499,"La aplicación móvil tiene muchos errores, deberían mejorarla.",Queja
8500,El producto llegó defectuoso y tardaron en dar solución.,Queja
8501,"La aplicación móvil tiene muchos errores, deberían mejorarla.",Queja
8502,No responden los correos de atención al cliente.,Queja
8503,Sería genial si agregaran más opciones de pago.,Sugerencia
8504,"La aplicación móvil tiene muchos errores, deberían mejorarla.",Queja
8505,El servicio telefónico es ineficiente y no resuelven dudas.,Queja
8506,"El sistema de turnos no funciona bien, deberían optimizarlo.",Queja
8507,Sería genial si agregaran más opciones de pago.,Sugerencia
8508,La página web es muy lenta y difícil de usar.,Queja
8509,"Los tiempos de espera son excesivos, deberían mejorarlo.",Queja
8510,Podrían ampliar el horario de atención para mayor comodidad.,Sugerencia
8511,Tuve un problema con mi compra y nadie me ayudó.,Queja
8512,Me gustaría que ofrecieran más promociones en productos populares.,Sugerencia
8513,Sería bueno que ampliaran la cobertura del servicio a más ciudades.,Sugerencia
8514,El servicio telefónico es ineficiente y no resuelven dudas.,Queja
8515,El servicio al cliente fue muy lento y poco amable.,Queja
8516,Deberían ofrecer más descuentos para clientes frecuentes.,Sugerencia
8517,No responden los correos de atención al cliente.,Queja
8518,"El sistema de turnos no funciona bien, deberían optimizarlo.",Queja
8519,Sería bueno que ampliaran la cobertura del servicio a más ciudades.,Sugerencia
8520,El producto llegó defectuoso y tardaron en dar solución.,Queja
8521,"Me encantó la atención que recibí, fueron muy atentos.",Sugerencia
8522,"El sistema de turnos no funciona bien, deberían optimizarlo.",Queja
8523,No me gusta que el personal no esté bien capacitado.,Queja
8524,El servicio al cliente fue muy lento y poco amable.,Queja
8525,El servicio telefónico es ineficiente y no resuelven dudas.,Queja
8526,No responden los correos de atención al cliente.,Queja
8527,El ambiente en la tienda es muy agradable y acogedor.,Sugerencia
8528,El ambiente en la tienda es muy agradable y acogedor.,Sugerencia
8529,Deberían ofrecer más descuentos para clientes frecuentes.,Sugerencia
8530,Sería útil que agregaran un chat en vivo para consultas rápidas.,Sugerencia
8531,El servicio telefónico es ineficiente y no resuelven dudas.,Queja
8532,Sería bueno que ampliaran la cobertura del servicio a más ciudades.,Sugerencia
8533,"La aplicación móvil tiene muchos errores, deberían mejorarla.",Queja
8534,El producto llegó defectuoso y tardaron en dar solución.,Queja
8535,"Me encantó la atención que recibí, fueron muy atentos.",Sugerencia
8536,Podrían mejorar la experiencia en línea con una mejor interfaz.,Sugerencia
8537,"Me encantó la atención que recibí, fueron muy atentos.",Sugerencia
8538,La página web es muy lenta y difícil de usar.,Queja
8539,Sería bueno que ampliaran la cobertura del servicio a más ciudades.,Sugerencia
8540,"El sistema de turnos no funciona bien, deberían optimizarlo.",Queja
8541,No responden los correos de atención al cliente.,Queja
8542,No responden los correos de atención al cliente.,Queja
8543,Tuve un problema con mi compra y nadie me ayudó.,Queja
8544,No responden los correos de atención al cliente.,Queja
8545,Sería útil que agregaran un chat en vivo para consultas rápidas.,Sugerencia
8546,No me gusta que el personal no esté bien capacitado.,Queja
8547,Tuve un problema con mi compra y nadie me ayudó.,Queja
8548,"El sistema de turnos no funciona bien, deberían optimizarlo.",Queja
8549,La página web es muy lenta y difícil de usar.,Queja
8550,El servicio telefónico es ineficiente y no resuelven dudas.,Queja
8551,Sería bueno que ampliaran la cobertura del servicio a más ciudades.,Sugerencia
8552,El servicio al cliente fue muy lento y poco amable.,Queja
8553,No me gusta que el personal no esté bien capacitado.,Queja
8554,Sería útil que agregaran un chat en vivo para consultas rápidas.,Sugerencia
8555,"Me encantó la atención que recibí, fueron muy atentos.",Sugerencia
8556,Sería útil que agregaran un chat en vivo para consultas rápidas.,Sugerencia
8557,"El sistema de turnos no funciona bien, deberían optimizarlo.",Queja
8558,El servicio al cliente fue muy lento y poco amable.,Queja
8559,No responden los correos de atención al cliente.,Queja
8560,Podrían mejorar la experiencia en línea con una mejor interfaz.,Sugerencia
8561,Tuve un problema con mi compra y nadie me ayudó.,Queja
8562,No me gusta que el personal no esté bien capacitado.,Queja
8563,Me gustaría que ofrecieran más promociones en productos populares.,Sugerencia
8564,Podrían ampliar el horario de atención para mayor comodidad.,Sugerencia
8565,El personal debería recibir más entrenamiento en atención al cliente.,Sugerencia
8566,Sería útil que agregaran un chat en vivo para consultas rápidas.,Sugerencia
8567,Podrían ampliar el horario de atención para mayor comodidad.,Sugerencia
8568,"Los tiempos de espera son excesivos, deberían mejorarlo.",Queja
8569,"La aplicación móvil tiene muchos errores, deberían mejorarla.",Queja
8570,"Los tiempos de espera son excesivos, deberían mejorarlo.",Queja
8571,El servicio telefónico es ineficiente y no resuelven dudas.,Queja
8572,El ambiente en la tienda es muy agradable y acogedor.,Sugerencia
8573,Sería genial si agregaran más opciones de pago.,Sugerencia
8574,El servicio al cliente fue muy lento y poco amable.,Queja
8575,El personal debería recibir más entrenamiento en atención al cliente.,Sugerencia
8576,Me gustaría que ofrecieran más promociones en productos populares.,Sugerencia
8577,Me gustaría que ofrecieran más promociones en productos populares.,Sugerencia
8578,Sería genial si agregaran más opciones de pago.,Sugerencia
8579,"Los tiempos de espera son excesivos, deberían mejorarlo.",Queja
8580,Tuve un problema con mi compra y nadie me ayudó.,Queja
8581,Tuve un problema con mi compra y nadie me ayudó.,Queja
8582,"La aplicación móvil tiene muchos errores, deberían mejorarla.",Queja
8583,Sería útil que agregaran un chat en vivo para consultas rápidas.,Sugerencia
8584,Deberían ofrecer más descuentos para clientes frecuentes.,Sugerencia
8585,Me gustaría que ofrecieran más promociones en productos populares.,Sugerencia
8586,El servicio telefónico es ineficiente y no resuelven dudas.,Queja
8587,No me gusta que el personal no esté bien capacitado.,Queja
8588,Sería genial si agregaran más opciones de pago.,Sugerencia
8589,El servicio al cliente fue muy lento y poco amable.,Queja
8590,"El sistema de turnos no funciona bien, deberían optimizarlo.",Queja
8591,Tuve un problema con mi compra y nadie me ayudó.,Queja
8592,Deberían ofrecer más descuentos para clientes frecuentes.,Sugerencia
8593,El servicio al cliente fue muy lento y poco amable.,Queja
8594,Me gustaría que ofrecieran más promociones en productos populares.,Sugerencia
8595,La página web es muy lenta y difícil de usar.,Queja
8596,Sería útil que agregaran un chat en vivo para consultas rápidas.,Sugerencia
8597,"El sistema de turnos no funciona bien, deberían optimizarlo.",Queja
8598,Sería útil que agregaran un chat en vivo para consultas rápidas.,Sugerencia
8599,Deberían ofrecer más descuentos para clientes frecuentes.,Sugerencia
8600,Podrían mejorar la experiencia en línea con una mejor interfaz.,Sugerencia
8601,Deberían ofrecer más descuentos para clientes frecuentes.,Sugerencia
8602,"El sistema de turnos no funciona bien, deberían optimizarlo.",Queja
8603,El producto llegó defectuoso y tardaron en dar solución.,Queja
8604,Sería útil que agregaran un chat en vivo para consultas rápidas.,Sugerencia
8605,Podrían ampliar el horario de atención para mayor comodidad.,Sugerencia
8606,El personal debería recibir más entrenamiento en atención al cliente.,Sugerencia
8607,"Me encantó la atención que recibí, fueron muy atentos.",Sugerencia
8608,Me gustaría que ofrecieran más promociones en productos populares.,Sugerencia
8609,El personal debería recibir más entrenamiento en atención al cliente.,Sugerencia
8610,El personal debería recibir más entrenamiento en atención al cliente.,Sugerencia
8611,El servicio al cliente fue muy lento y poco amable.,Queja
8612,Podrían ampliar el horario de atención para mayor comodidad.,Sugerencia
8613,El producto llegó defectuoso y tardaron en dar solución.,Queja
8614,No me gusta que el personal no esté bien capacitado.,Queja
8615,El ambiente en la tienda es muy agradable y acogedor.,Sugerencia
8616,Sería útil que agregaran un chat en vivo para consultas rápidas.,Sugerencia
8617,Podrían ampliar el horario de atención para mayor comodidad.,Sugerencia
8618,Podrían ampliar el horario de atención para mayor comodidad.,Sugerencia
8619,No me gusta que el personal no esté bien capacitado.,Queja
8620,Sería útil que agregaran un chat en vivo para consultas rápidas.,Sugerencia
8621,Sería genial si agregaran más opciones de pago.,Sugerencia
8622,La página web es muy lenta y difícil de usar.,Queja
8623,"Me encantó la atención que recibí, fueron muy atentos.",Sugerencia
8624,El personal debería recibir más entrenamiento en atención al cliente.,Sugerencia
8625,El servicio telefónico es ineficiente y no resuelven dudas.,Queja
8626,Podrían mejorar la experiencia en línea con una mejor interfaz.,Sugerencia
8627,Sería genial si agregaran más opciones de pago.,Sugerencia
8628,El producto llegó defectuoso y tardaron en dar solución.,Queja
8629,"Me encantó la atención que recibí, fueron muy atentos.",Sugerencia
8630,El servicio telefónico es ineficiente y no resuelven dudas.,Queja
8631,"Me encantó la atención que recibí, fueron muy atentos.",Sugerencia
8632,Sería genial si agregaran más opciones de pago.,Sugerencia
8633,La página web es muy lenta y difícil de usar.,Queja
8634,"Me encantó la atención que recibí, fueron muy atentos.",Sugerencia
8635,El producto llegó defectuoso y tardaron en dar solución.,Queja
8636,Podrían mejorar la experiencia en línea con una mejor interfaz.,Sugerencia
8637,El servicio al cliente fue muy lento y poco amable.,Queja
8638,Sería bueno que ampliaran la cobertura del servicio a más ciudades.,Sugerencia
8639,El servicio al cliente fue muy lento y poco amable.,Queja
8640,"La aplicación móvil tiene muchos errores, deberían mejorarla.",Queja
8641,"Me encantó la atención que recibí, fueron muy atentos.",Sugerencia
8642,El personal debería recibir más entrenamiento en atención al cliente.,Sugerencia
8643,Sería genial si agregaran más opciones de pago.,Sugerencia
8644,No responden los correos de atención al cliente.,Queja
8645,El servicio al cliente fue muy lento y poco amable.,Queja
8646,Me gustaría que ofrecieran más promociones en productos populares.,Sugerencia
8647,Deberían ofrecer más descuentos para clientes frecuentes.,Sugerencia
8648,"La aplicación móvil tiene muchos errores, deberían mejorarla.",Queja
8649,"Me encantó la atención que recibí, fueron muy atentos.",Sugerencia
8650,No responden los correos de atención al cliente.,Queja
8651,No me gusta que el personal no esté bien capacitado.,Queja
8652,Sería útil que agregaran un chat en vivo para consultas rápidas.,Sugerencia
8653,No me gusta que el personal no esté bien capacitado.,Queja
8654,El ambiente en la tienda es muy agradable y acogedor.,Sugerencia
8655,Tuve un problema con mi compra y nadie me ayudó.,Queja
8656,El producto llegó defectuoso y tardaron en dar solución.,Queja
8657,Sería útil que agregaran un chat en vivo para consultas rápidas.,Sugerencia
8658,Deberían ofrecer más descuentos para clientes frecuentes.,Sugerencia
8659,El ambiente en la tienda es muy agradable y acogedor.,Sugerencia
8660,Sería bueno que ampliaran la cobertura del servicio a más ciudades.,Sugerencia
8661,"El sistema de turnos no funciona bien, deberían optimizarlo.",Queja
8662,El ambiente en la tienda es muy agradable y acogedor.,Sugerencia
8663,El servicio telefónico es ineficiente y no resuelven dudas.,Queja
8664,Sería útil que agregaran un chat en vivo para consultas rápidas.,Sugerencia
8665,Sería genial si agregaran más opciones de pago.,Sugerencia
8666,El servicio al cliente fue muy lento y poco amable.,Queja
8667,El ambiente en la tienda es muy agradable y acogedor.,Sugerencia
8668,Deberían ofrecer más descuentos para clientes frecuentes.,Sugerencia
8669,"El sistema de turnos no funciona bien, deberían optimizarlo.",Queja
8670,"El sistema de turnos no funciona bien, deberían optimizarlo.",Queja
8671,"La aplicación móvil tiene muchos errores, deberían mejorarla.",Queja
8672,Tuve un problema con mi compra y nadie me ayudó.,Queja
8673,El personal debería recibir más entrenamiento en atención al cliente.,Sugerencia
8674,Sería bueno que ampliaran la cobertura del servicio a más ciudades.,Sugerencia
8675,El servicio telefónico es ineficiente y no resuelven dudas.,Queja
8676,El servicio al cliente fue muy lento y poco amable.,Queja
8677,Sería bueno que ampliaran la cobertura del servicio a más ciudades.,Sugerencia
8678,"Los tiempos de espera son excesivos, deberían mejorarlo.",Queja
8679,Tuve un problema con mi compra y nadie me ayudó.,Queja
8680,Tuve un problema con mi compra y nadie me ayudó.,Queja
8681,Me gustaría que ofrecieran más promociones en productos populares.,Sugerencia
8682,La página web es muy lenta y difícil de usar.,Queja
8683,"La aplicación móvil tiene muchos errores, deberían mejorarla.",Queja
8684,"Los tiempos de espera son excesivos, deberían mejorarlo.",Queja
8685,"Me encantó la atención que recibí, fueron muy atentos.",Sugerencia
8686,El producto llegó defectuoso y tardaron en dar solución.,Queja
8687,"Los tiempos de espera son excesivos, deberían mejorarlo.",Queja
8688,La página web es muy lenta y difícil de usar.,Queja
8689,"Los tiempos de espera son excesivos, deberían mejorarlo.",Queja
8690,Tuve un problema con mi compra y nadie me ayudó.,Queja
8691,El servicio telefónico es ineficiente y no resuelven dudas.,Queja
8692,Podrían ampliar el horario de atención para mayor comodidad.,Sugerencia
8693,Sería útil que agregaran un chat en vivo para consultas rápidas.,Sugerencia
8694,El ambiente en la tienda es muy agradable y acogedor.,Sugerencia
8695,La página web es muy lenta y difícil de usar.,Queja
8696,El ambiente en la tienda es muy agradable y acogedor.,Sugerencia
8697,Sería bueno que ampliaran la cobertura del servicio a más ciudades.,Sugerencia
8698,Sería genial si agregaran más opciones de pago.,Sugerencia
8699,No responden los correos de atención al cliente.,Queja
8700,Tuve un problema con mi compra y nadie me ayudó.,Queja
8701,"El sistema de turnos no funciona bien, deberían optimizarlo.",Queja
8702,Sería genial si agregaran más opciones de pago.,Sugerencia
8703,El servicio telefónico es ineficiente y no resuelven dudas.,Queja
8704,Deberían ofrecer más descuentos para clientes frecuentes.,Sugerencia
8705,Podrían mejorar la experiencia en línea con una mejor interfaz.,Sugerencia
8706,"La aplicación móvil tiene muchos errores, deberían mejorarla.",Queja
8707,El producto llegó defectuoso y tardaron en dar solución.,Queja
8708,No responden los correos de atención al cliente.,Queja
8709,Sería genial si agregaran más opciones de pago.,Sugerencia
8710,El personal debería recibir más entrenamiento en atención al cliente.,Sugerencia
8711,Tuve un problema con mi compra y nadie me ayudó.,Queja
8712,"La aplicación móvil tiene muchos errores, deberían mejorarla.",Queja
8713,Podrían ampliar el horario de atención para mayor comodidad.,Sugerencia
8714,Deberían ofrecer más descuentos para clientes frecuentes.,Sugerencia
8715,No me gusta que el personal no esté bien capacitado.,Queja
8716,El producto llegó defectuoso y tardaron en dar solución.,Queja
8717,Me gustaría que ofrecieran más promociones en productos populares.,Sugerencia
8718,El servicio telefónico es ineficiente y no resuelven dudas.,Queja
8719,No me gusta que el personal no esté bien capacitado.,Queja
8720,El personal debería recibir más entrenamiento en atención al cliente.,Sugerencia
8721,No me gusta que el personal no esté bien capacitado.,Queja
8722,No me gusta que el personal no esté bien capacitado.,Queja
8723,El ambiente en la tienda es muy agradable y acogedor.,Sugerencia
8724,Tuve un problema con mi compra y nadie me ayudó.,Queja
8725,Sería genial si agregaran más opciones de pago.,Sugerencia
8726,No me gusta que el personal no esté bien capacitado.,Queja
8727,Podrían mejorar la experiencia en línea con una mejor interfaz.,Sugerencia
8728,Me gustaría que ofrecieran más promociones en productos populares.,Sugerencia
8729,Sería genial si agregaran más opciones de pago.,Sugerencia
8730,Deberían ofrecer más descuentos para clientes frecuentes.,Sugerencia
8731,No responden los correos de atención al cliente.,Queja
8732,"Los tiempos de espera son excesivos, deberían mejorarlo.",Queja
8733,No responden los correos de atención al cliente.,Queja
8734,Sería útil que agregaran un chat en vivo para consultas rápidas.,Sugerencia
8735,Tuve un problema con mi compra y nadie me ayudó.,Queja
8736,El producto llegó defectuoso y tardaron en dar solución.,Queja
8737,No responden los correos de atención al cliente.,Queja
8738,"Los tiempos de espera son excesivos, deberían mejorarlo.",Queja
8739,Tuve un problema con mi compra y nadie me ayudó.,Queja
8740,"Los tiempos de espera son excesivos, deberían mejorarlo.",Queja
8741,El ambiente en la tienda es muy agradable y acogedor.,Sugerencia
8742,Tuve un problema con mi compra y nadie me ayudó.,Queja
8743,"El sistema de turnos no funciona bien, deberían optimizarlo.",Queja
8744,Podrían ampliar el horario de atención para mayor comodidad.,Sugerencia
8745,No responden los correos de atención al cliente.,Queja
8746,El servicio telefónico es ineficiente y no resuelven dudas.,Queja
8747,Podrían mejorar la experiencia en línea con una mejor interfaz.,Sugerencia
8748,"El sistema de turnos no funciona bien, deberían optimizarlo.",Queja
8749,El servicio telefónico es ineficiente y no resuelven dudas.,Queja
8750,El ambiente en la tienda es muy agradable y acogedor.,Sugerencia
8751,Sería bueno que ampliaran la cobertura del servicio a más ciudades.,Sugerencia
8752,No me gusta que el personal no esté bien capacitado.,Queja
8753,Me gustaría que ofrecieran más promociones en productos populares.,Sugerencia
8754,Me gustaría que ofrecieran más promociones en productos populares.,Sugerencia
8755,El servicio al cliente fue muy lento y poco amable.,Queja
8756,Sería genial si agregaran más opciones de pago.,Sugerencia
8757,El servicio al cliente fue muy lento y poco amable.,Queja
8758,El producto llegó defectuoso y tardaron en dar solución.,Queja
8759,Sería útil que agregaran un chat en vivo para consultas rápidas.,Sugerencia
8760,No responden los correos de atención al cliente.,Queja
8761,Sería bueno que ampliaran la cobertura del servicio a más ciudades.,Sugerencia
8762,"Me encantó la atención que recibí, fueron muy atentos.",Sugerencia
8763,Podrían ampliar el horario de atención para mayor comodidad.,Sugerencia
8764,"La aplicación móvil tiene muchos errores, deberían mejorarla.",Queja
8765,"Me encantó la atención que recibí, fueron muy atentos.",Sugerencia
8766,Podrían ampliar el horario de atención para mayor comodidad.,Sugerencia
8767,"Me encantó la atención que recibí, fueron muy atentos.",Sugerencia
8768,El producto llegó defectuoso y tardaron en dar solución.,Queja
8769,Podrían mejorar la experiencia en línea con una mejor interfaz.,Sugerencia
8770,El ambiente en la tienda es muy agradable y acogedor.,Sugerencia
8771,"El sistema de turnos no funciona bien, deberían optimizarlo.",Queja
8772,Podrían mejorar la experiencia en línea con una mejor interfaz.,Sugerencia
8773,No responden los correos de atención al cliente.,Queja
8774,El ambiente en la tienda es muy agradable y acogedor.,Sugerencia
8775,El ambiente en la tienda es muy agradable y acogedor.,Sugerencia
8776,No responden los correos de atención al cliente.,Queja
8777,Sería útil que agregaran un chat en vivo para consultas rápidas.,Sugerencia
8778,Deberían ofrecer más descuentos para clientes frecuentes.,Sugerencia
8779,El producto llegó defectuoso y tardaron en dar solución.,Queja
8780,"El sistema de turnos no funciona bien, deberían optimizarlo.",Queja
8781,No me gusta que el personal no esté bien capacitado.,Queja
8782,El personal debería recibir más entrenamiento en atención al cliente.,Sugerencia
8783,"El sistema de turnos no funciona bien, deberían optimizarlo.",Queja
8784,Deberían ofrecer más descuentos para clientes frecuentes.,Sugerencia
8785,La página web es muy lenta y difícil de usar.,Queja
8786,Tuve un problema con mi compra y nadie me ayudó.,Queja
8787,"Me encantó la atención que recibí, fueron muy atentos.",Sugerencia
8788,Sería útil que agregaran un chat en vivo para consultas rápidas.,Sugerencia
8789,La página web es muy lenta y difícil de usar.,Queja
8790,"La aplicación móvil tiene muchos errores, deberían mejorarla.",Queja
8791,"Los tiempos de espera son excesivos, deberían mejorarlo.",Queja
8792,El producto llegó defectuoso y tardaron en dar solución.,Queja
8793,Sería útil que agregaran un chat en vivo para consultas rápidas.,Sugerencia
8794,Sería genial si agregaran más opciones de pago.,Sugerencia
8795,Podrían ampliar el horario de atención para mayor comodidad.,Sugerencia
8796,No responden los correos de atención al cliente.,Queja
8797,"Los tiempos de espera son excesivos, deberían mejorarlo.",Queja
8798,No responden los correos de atención al cliente.,Queja
8799,"El sistema de turnos no funciona bien, deberían optimizarlo.",Queja
8800,Sería útil que agregaran un chat en vivo para consultas rápidas.,Sugerencia
8801,Sería bueno que ampliaran la cobertura del servicio a más ciudades.,Sugerencia
8802,Deberían ofrecer más descuentos para clientes frecuentes.,Sugerencia
8803,El ambiente en la tienda es muy agradable y acogedor.,Sugerencia
8804,"La aplicación móvil tiene muchos errores, deberían mejorarla.",Queja
8805,La página web es muy lenta y difícil de usar.,Queja
8806,Me gustaría que ofrecieran más promociones en productos populares.,Sugerencia
8807,"La aplicación móvil tiene muchos errores, deberían mejorarla.",Queja
8808,El personal debería recibir más entrenamiento en atención al cliente.,Sugerencia
8809,"El sistema de turnos no funciona bien, deberían optimizarlo.",Queja
8810,Podrían mejorar la experiencia en línea con una mejor interfaz.,Sugerencia
8811,Tuve un problema con mi compra y nadie me ayudó.,Queja
8812,"El sistema de turnos no funciona bien, deberían optimizarlo.",Queja
8813,El personal debería recibir más entrenamiento en atención al cliente.,Sugerencia
8814,"El sistema de turnos no funciona bien, deberían optimizarlo.",Queja
8815,Podrían ampliar el horario de atención para mayor comodidad.,Sugerencia
8816,Me gustaría que ofrecieran más promociones en productos populares.,Sugerencia
8817,El servicio telefónico es ineficiente y no resuelven dudas.,Queja
8818,Podrían mejorar la experiencia en línea con una mejor interfaz.,Sugerencia
8819,Sería genial si agregaran más opciones de pago.,Sugerencia
8820,No responden los correos de atención al cliente.,Queja
8821,El personal debería recibir más entrenamiento en atención al cliente.,Sugerencia
8822,El ambiente en la tienda es muy agradable y acogedor.,Sugerencia
8823,No me gusta que el personal no esté bien capacitado.,Queja
8824,Deberían ofrecer más descuentos para clientes frecuentes.,Sugerencia
8825,El personal debería recibir más entrenamiento en atención al cliente.,Sugerencia
8826,El servicio telefónico es ineficiente y no resuelven dudas.,Queja
8827,No responden los correos de atención al cliente.,Queja
8828,No responden los correos de atención al cliente.,Queja
8829,Podrían mejorar la experiencia en línea con una mejor interfaz.,Sugerencia
8830,El servicio al cliente fue muy lento y poco amable.,Queja
8831,Sería genial si agregaran más opciones de pago.,Sugerencia
8832,"El sistema de turnos no funciona bien, deberían optimizarlo.",Queja
8833,El servicio al cliente fue muy lento y poco amable.,Queja
8834,La página web es muy lenta y difícil de usar.,Queja
8835,"La aplicación móvil tiene muchos errores, deberían mejorarla.",Queja
8836,Sería bueno que ampliaran la cobertura del servicio a más ciudades.,Sugerencia
8837,Me gustaría que ofrecieran más promociones en productos populares.,Sugerencia
8838,Podrían mejorar la experiencia en línea con una mejor interfaz.,Sugerencia
8839,No me gusta que el personal no esté bien capacitado.,Queja
8840,Podrían mejorar la experiencia en línea con una mejor interfaz.,Sugerencia
8841,"Los tiempos de espera son excesivos, deberían mejorarlo.",Queja
8842,El personal debería recibir más entrenamiento en atención al cliente.,Sugerencia
8843,"Los tiempos de espera son excesivos, deberían mejorarlo.",Queja
8844,"La aplicación móvil tiene muchos errores, deberían mejorarla.",Queja
8845,Sería genial si agregaran más opciones de pago.,Sugerencia
8846,No responden los correos de atención al cliente.,Queja
8847,Sería útil que agregaran un chat en vivo para consultas rápidas.,Sugerencia
8848,"Me encantó la atención que recibí, fueron muy atentos.",Sugerencia
8849,Sería genial si agregaran más opciones de pago.,Sugerencia
8850,"Me encantó la atención que recibí, fueron muy atentos.",Sugerencia
8851,Podrían ampliar el horario de atención para mayor comodidad.,Sugerencia
8852,El ambiente en la tienda es muy agradable y acogedor.,Sugerencia
8853,"Me encantó la atención que recibí, fueron muy atentos.",Sugerencia
8854,"Me encantó la atención que recibí, fueron muy atentos.",Sugerencia
8855,"Los tiempos de espera son excesivos, deberían mejorarlo.",Queja
8856,Podrían mejorar la experiencia en línea con una mejor interfaz.,Sugerencia
8857,Podrían mejorar la experiencia en línea con una mejor interfaz.,Sugerencia
8858,"Los tiempos de espera son excesivos, deberían mejorarlo.",Queja
8859,El servicio telefónico es ineficiente y no resuelven dudas.,Queja
8860,No me gusta que el personal no esté bien capacitado.,Queja
8861,La página web es muy lenta y difícil de usar.,Queja
8862,Tuve un problema con mi compra y nadie me ayudó.,Queja
8863,El servicio al cliente fue muy lento y poco amable.,Queja
8864,El ambiente en la tienda es muy agradable y acogedor.,Sugerencia
8865,El ambiente en la tienda es muy agradable y acogedor.,Sugerencia
8866,Sería útil que agregaran un chat en vivo para consultas rápidas.,Sugerencia
8867,"El sistema de turnos no funciona bien, deberían optimizarlo.",Queja
8868,El producto llegó defectuoso y tardaron en dar solución.,Queja
8869,Me gustaría que ofrecieran más promociones en productos populares.,Sugerencia
8870,Podrían ampliar el horario de atención para mayor comodidad.,Sugerencia
8871,"Me encantó la atención que recibí, fueron muy atentos.",Sugerencia
8872,El personal debería recibir más entrenamiento en atención al cliente.,Sugerencia
8873,La página web es muy lenta y difícil de usar.,Queja
8874,"Me encantó la atención que recibí, fueron muy atentos.",Sugerencia
8875,La página web es muy lenta y difícil de usar.,Queja
8876,Podrían ampliar el horario de atención para mayor comodidad.,Sugerencia
8877,Sería bueno que ampliaran la cobertura del servicio a más ciudades.,Sugerencia
8878,Sería bueno que ampliaran la cobertura del servicio a más ciudades.,Sugerencia
8879,"Los tiempos de espera son excesivos, deberían mejorarlo.",Queja
8880,Me gustaría que ofrecieran más promociones en productos populares.,Sugerencia
8881,La página web es muy lenta y difícil de usar.,Queja
8882,El personal debería recibir más entrenamiento en atención al cliente.,Sugerencia
8883,Sería útil que agregaran un chat en vivo para consultas rápidas.,Sugerencia
8884,El producto llegó defectuoso y tardaron en dar solución.,Queja
8885,Deberían ofrecer más descuentos para clientes frecuentes.,Sugerencia
8886,"Los tiempos de espera son excesivos, deberían mejorarlo.",Queja
8887,Sería útil que agregaran un chat en vivo para consultas rápidas.,Sugerencia
8888,El personal debería recibir más entrenamiento en atención al cliente.,Sugerencia
8889,"Me encantó la atención que recibí, fueron muy atentos.",Sugerencia
8890,"El sistema de turnos no funciona bien, deberían optimizarlo.",Queja
8891,Tuve un problema con mi compra y nadie me ayudó.,Queja
8892,No responden los correos de atención al cliente.,Queja
8893,Sería útil que agregaran un chat en vivo para consultas rápidas.,Sugerencia
8894,No responden los correos de atención al cliente.,Queja
8895,Podrían mejorar la experiencia en línea con una mejor interfaz.,Sugerencia
8896,El servicio al cliente fue muy lento y poco amable.,Queja
8897,Sería genial si agregaran más opciones de pago.,Sugerencia
8898,La página web es muy lenta y difícil de usar.,Queja
8899,"La aplicación móvil tiene muchos errores, deberían mejorarla.",Queja
8900,No responden los correos de atención al cliente.,Queja
8901,El ambiente en la tienda es muy agradable y acogedor.,Sugerencia
8902,Sería bueno que ampliaran la cobertura del servicio a más ciudades.,Sugerencia
8903,No responden los correos de atención al cliente.,Queja
8904,"Me encantó la atención que recibí, fueron muy atentos.",Sugerencia
8905,El personal debería recibir más entrenamiento en atención al cliente.,Sugerencia
8906,Deberían ofrecer más descuentos para clientes frecuentes.,Sugerencia
8907,Podrían mejorar la experiencia en línea con una mejor interfaz.,Sugerencia
8908,Sería bueno que ampliaran la cobertura del servicio a más ciudades.,Sugerencia
8909,"La aplicación móvil tiene muchos errores, deberían mejorarla.",Queja
8910,Sería útil que agregaran un chat en vivo para consultas rápidas.,Sugerencia
8911,"El sistema de turnos no funciona bien, deberían optimizarlo.",Queja
8912,La página web es muy lenta y difícil de usar.,Queja
8913,"El sistema de turnos no funciona bien, deberían optimizarlo.",Queja
8914,El servicio telefónico es ineficiente y no resuelven dudas.,Queja
8915,"La aplicación móvil tiene muchos errores, deberían mejorarla.",Queja
8916,El servicio al cliente fue muy lento y poco amable.,Queja
8917,El ambiente en la tienda es muy agradable y acogedor.,Sugerencia
8918,"Los tiempos de espera son excesivos, deberían mejorarlo.",Queja
8919,Tuve un problema con mi compra y nadie me ayudó.,Queja
8920,"Me encantó la atención que recibí, fueron muy atentos.",Sugerencia
8921,El servicio telefónico es ineficiente y no resuelven dudas.,Queja
8922,No me gusta que el personal no esté bien capacitado.,Queja
8923,El personal debería recibir más entrenamiento en atención al cliente.,Sugerencia
8924,El servicio telefónico es ineficiente y no resuelven dudas.,Queja
8925,El producto llegó defectuoso y tardaron en dar solución.,Queja
8926,El personal debería recibir más entrenamiento en atención al cliente.,Sugerencia
8927,"Me encantó la atención que recibí, fueron muy atentos.",Sugerencia
8928,"Me encantó la atención que recibí, fueron muy atentos.",Sugerencia
8929,Podrían ampliar el horario de atención para mayor comodidad.,Sugerencia
8930,Sería genial si agregaran más opciones de pago.,Sugerencia
8931,El ambiente en la tienda es muy agradable y acogedor.,Sugerencia
8932,El servicio telefónico es ineficiente y no resuelven dudas.,Queja
8933,"Los tiempos de espera son excesivos, deberían mejorarlo.",Queja
8934,El servicio al cliente fue muy lento y poco amable.,Queja
8935,"Me encantó la atención que recibí, fueron muy atentos.",Sugerencia
8936,La página web es muy lenta y difícil de usar.,Queja
8937,"La aplicación móvil tiene muchos errores, deberían mejorarla.",Queja
8938,"La aplicación móvil tiene muchos errores, deberían mejorarla.",Queja
8939,El ambiente en la tienda es muy agradable y acogedor.,Sugerencia
8940,El producto llegó defectuoso y tardaron en dar solución.,Queja
8941,"El sistema de turnos no funciona bien, deberían optimizarlo.",Queja
8942,Sería bueno que ampliaran la cobertura del servicio a más ciudades.,Sugerencia
8943,"La aplicación móvil tiene muchos errores, deberían mejorarla.",Queja
8944,El personal debería recibir más entrenamiento en atención al cliente.,Sugerencia
8945,Sería bueno que ampliaran la cobertura del servicio a más ciudades.,Sugerencia
8946,Podrían ampliar el horario de atención para mayor comodidad.,Sugerencia
8947,Sería útil que agregaran un chat en vivo para consultas rápidas.,Sugerencia
8948,No responden los correos de atención al cliente.,Queja
8949,Podrían mejorar la experiencia en línea con una mejor interfaz.,Sugerencia
8950,Sería bueno que ampliaran la cobertura del servicio a más ciudades.,Sugerencia
8951,Sería útil que agregaran un chat en vivo para consultas rápidas.,Sugerencia
8952,Sería bueno que ampliaran la cobertura del servicio a más ciudades.,Sugerencia
8953,El servicio al cliente fue muy lento y poco amable.,Queja
8954,El producto llegó defectuoso y tardaron en dar solución.,Queja
8955,No me gusta que el personal no esté bien capacitado.,Queja
8956,"El sistema de turnos no funciona bien, deberían optimizarlo.",Queja
8957,El personal debería recibir más entrenamiento en atención al cliente.,Sugerencia
8958,Podrían ampliar el horario de atención para mayor comodidad.,Sugerencia
8959,Sería genial si agregaran más opciones de pago.,Sugerencia
8960,No me gusta que el personal no esté bien capacitado.,Queja
8961,"Me encantó la atención que recibí, fueron muy atentos.",Sugerencia
8962,El personal debería recibir más entrenamiento en atención al cliente.,Sugerencia
8963,"La aplicación móvil tiene muchos errores, deberían mejorarla.",Queja
8964,Sería bueno que ampliaran la cobertura del servicio a más ciudades.,Sugerencia
8965,Podrían mejorar la experiencia en línea con una mejor interfaz.,Sugerencia
8966,El servicio al cliente fue muy lento y poco amable.,Queja
8967,Podrían ampliar el horario de atención para mayor comodidad.,Sugerencia
8968,"El sistema de turnos no funciona bien, deberían optimizarlo.",Queja
8969,El personal debería recibir más entrenamiento en atención al cliente.,Sugerencia
8970,Sería bueno que ampliaran la cobertura del servicio a más ciudades.,Sugerencia
8971,El producto llegó defectuoso y tardaron en dar solución.,Queja
8972,No me gusta que el personal no esté bien capacitado.,Queja
8973,La página web es muy lenta y difícil de usar.,Queja
8974,El producto llegó defectuoso y tardaron en dar solución.,Queja
8975,El servicio telefónico es ineficiente y no resuelven dudas.,Queja
8976,Sería genial si agregaran más opciones de pago.,Sugerencia
8977,El servicio telefónico es ineficiente y no resuelven dudas.,Queja
8978,"Me encantó la atención que recibí, fueron muy atentos.",Sugerencia
8979,"El sistema de turnos no funciona bien, deberían optimizarlo.",Queja
8980,El servicio al cliente fue muy lento y poco amable.,Queja
8981,El ambiente en la tienda es muy agradable y acogedor.,Sugerencia
8982,Deberían ofrecer más descuentos para clientes frecuentes.,Sugerencia
8983,Sería útil que agregaran un chat en vivo para consultas rápidas.,Sugerencia
8984,El personal debería recibir más entrenamiento en atención al cliente.,Sugerencia
8985,Sería útil que agregaran un chat en vivo para consultas rápidas.,Sugerencia
8986,El personal debería recibir más entrenamiento en atención al cliente.,Sugerencia
8987,Me gustaría que ofrecieran más promociones en productos populares.,Sugerencia
8988,"Los tiempos de espera son excesivos, deberían mejorarlo.",Queja
8989,Sería bueno que ampliaran la cobertura del servicio a más ciudades.,Sugerencia
8990,El servicio al cliente fue muy lento y poco amable.,Queja
8991,Podrían mejorar la experiencia en línea con una mejor interfaz.,Sugerencia
8992,Deberían ofrecer más descuentos para clientes frecuentes.,Sugerencia
8993,Sería útil que agregaran un chat en vivo para consultas rápidas.,Sugerencia
8994,La página web es muy lenta y difícil de usar.,Queja
8995,Podrían ampliar el horario de atención para mayor comodidad.,Sugerencia
8996,Sería genial si agregaran más opciones de pago.,Sugerencia
8997,No me gusta que el personal no esté bien capacitado.,Queja
8998,El servicio al cliente fue muy lento y poco amable.,Queja
8999,Podrían mejorar la experiencia en línea con una mejor interfaz.,Sugerencia
9000,El servicio al cliente fue muy lento y poco amable.,Queja
9001,El ambiente en la tienda es muy agradable y acogedor.,Sugerencia
9002,Sería útil que agregaran un chat en vivo para consultas rápidas.,Sugerencia
9003,Sería genial si agregaran más opciones de pago.,Sugerencia
9004,"Los tiempos de espera son excesivos, deberían mejorarlo.",Queja
9005,Sería bueno que ampliaran la cobertura del servicio a más ciudades.,Sugerencia
9006,"El sistema de turnos no funciona bien, deberían optimizarlo.",Queja
9007,Podrían mejorar la experiencia en línea con una mejor interfaz.,Sugerencia
9008,El producto llegó defectuoso y tardaron en dar solución.,Queja
9009,Sería bueno que ampliaran la cobertura del servicio a más ciudades.,Sugerencia
9010,"La aplicación móvil tiene muchos errores, deberían mejorarla.",Queja
9011,"Me encantó la atención que recibí, fueron muy atentos.",Sugerencia
9012,El ambiente en la tienda es muy agradable y acogedor.,Sugerencia
9013,Tuve un problema con mi compra y nadie me ayudó.,Queja
9014,El servicio telefónico es ineficiente y no resuelven dudas.,Queja
9015,La página web es muy lenta y difícil de usar.,Queja
9016,La página web es muy lenta y difícil de usar.,Queja
9017,El producto llegó defectuoso y tardaron en dar solución.,Queja
9018,El servicio telefónico es ineficiente y no resuelven dudas.,Queja
9019,Tuve un problema con mi compra y nadie me ayudó.,Queja
9020,Podrían ampliar el horario de atención para mayor comodidad.,Sugerencia
9021,No responden los correos de atención al cliente.,Queja
9022,No me gusta que el personal no esté bien capacitado.,Queja
9023,El servicio telefónico es ineficiente y no resuelven dudas.,Queja
9024,El ambiente en la tienda es muy agradable y acogedor.,Sugerencia
9025,"El sistema de turnos no funciona bien, deberían optimizarlo.",Queja
9026,Sería genial si agregaran más opciones de pago.,Sugerencia
9027,La página web es muy lenta y difícil de usar.,Queja
9028,"El sistema de turnos no funciona bien, deberían optimizarlo.",Queja
9029,Sería genial si agregaran más opciones de pago.,Sugerencia
9030,El ambiente en la tienda es muy agradable y acogedor.,Sugerencia
9031,Sería bueno que ampliaran la cobertura del servicio a más ciudades.,Sugerencia
9032,No responden los correos de atención al cliente.,Queja
9033,La página web es muy lenta y difícil de usar.,Queja
9034,Deberían ofrecer más descuentos para clientes frecuentes.,Sugerencia
9035,"Me encantó la atención que recibí, fueron muy atentos.",Sugerencia
9036,El servicio telefónico es ineficiente y no resuelven dudas.,Queja
9037,Sería genial si agregaran más opciones de pago.,Sugerencia
9038,Deberían ofrecer más descuentos para clientes frecuentes.,Sugerencia
9039,Podrían ampliar el horario de atención para mayor comodidad.,Sugerencia
9040,"Me encantó la atención que recibí, fueron muy atentos.",Sugerencia
9041,El producto llegó defectuoso y tardaron en dar solución.,Queja
9042,"El sistema de turnos no funciona bien, deberían optimizarlo.",Queja
9043,Sería genial si agregaran más opciones de pago.,Sugerencia
9044,El ambiente en la tienda es muy agradable y acogedor.,Sugerencia
9045,Me gustaría que ofrecieran más promociones en productos populares.,Sugerencia
9046,El ambiente en la tienda es muy agradable y acogedor.,Sugerencia
9047,Podrían ampliar el horario de atención para mayor comodidad.,Sugerencia
9048,No responden los correos de atención al cliente.,Queja
9049,El personal debería recibir más entrenamiento en atención al cliente.,Sugerencia
9050,El servicio telefónico es ineficiente y no resuelven dudas.,Queja
9051,"La aplicación móvil tiene muchos errores, deberían mejorarla.",Queja
9052,No responden los correos de atención al cliente.,Queja
9053,Sería bueno que ampliaran la cobertura del servicio a más ciudades.,Sugerencia
9054,Tuve un problema con mi compra y nadie me ayudó.,Queja
9055,Sería útil que agregaran un chat en vivo para consultas rápidas.,Sugerencia
9056,Me gustaría que ofrecieran más promociones en productos populares.,Sugerencia
9057,Tuve un problema con mi compra y nadie me ayudó.,Queja
9058,Podrían mejorar la experiencia en línea con una mejor interfaz.,Sugerencia
9059,"Los tiempos de espera son excesivos, deberían mejorarlo.",Queja
9060,El ambiente en la tienda es muy agradable y acogedor.,Sugerencia
9061,El servicio telefónico es ineficiente y no resuelven dudas.,Queja
9062,El producto llegó defectuoso y tardaron en dar solución.,Queja
9063,El servicio al cliente fue muy lento y poco amable.,Queja
9064,Me gustaría que ofrecieran más promociones en productos populares.,Sugerencia
9065,El personal debería recibir más entrenamiento en atención al cliente.,Sugerencia
9066,El personal debería recibir más entrenamiento en atención al cliente.,Sugerencia
9067,"Me encantó la atención que recibí, fueron muy atentos.",Sugerencia
9068,El servicio al cliente fue muy lento y poco amable.,Queja
9069,"Me encantó la atención que recibí, fueron muy atentos.",Sugerencia
9070,El servicio al cliente fue muy lento y poco amable.,Queja
9071,El personal debería recibir más entrenamiento en atención al cliente.,Sugerencia
9072,"Me encantó la atención que recibí, fueron muy atentos.",Sugerencia
9073,"La aplicación móvil tiene muchos errores, deberían mejorarla.",Queja
9074,Sería bueno que ampliaran la cobertura del servicio a más ciudades.,Sugerencia
9075,El personal debería recibir más entrenamiento en atención al cliente.,Sugerencia
9076,El servicio telefónico es ineficiente y no resuelven dudas.,Queja
9077,El personal debería recibir más entrenamiento en atención al cliente.,Sugerencia
9078,"La aplicación móvil tiene muchos errores, deberían mejorarla.",Queja
9079,Podrían ampliar el horario de atención para mayor comodidad.,Sugerencia
9080,Podrían mejorar la experiencia en línea con una mejor interfaz.,Sugerencia
9081,"El sistema de turnos no funciona bien, deberían optimizarlo.",Queja
9082,No me gusta que el personal no esté bien capacitado.,Queja
9083,La página web es muy lenta y difícil de usar.,Queja
9084,Sería genial si agregaran más opciones de pago.,Sugerencia
9085,No me gusta que el personal no esté bien capacitado.,Queja
9086,"El sistema de turnos no funciona bien, deberían optimizarlo.",Queja
9087,Sería genial si agregaran más opciones de pago.,Sugerencia
9088,El ambiente en la tienda es muy agradable y acogedor.,Sugerencia
9089,"La aplicación móvil tiene muchos errores, deberían mejorarla.",Queja
9090,Podrían mejorar la experiencia en línea con una mejor interfaz.,Sugerencia
9091,No me gusta que el personal no esté bien capacitado.,Queja
9092,No responden los correos de atención al cliente.,Queja
9093,El servicio telefónico es ineficiente y no resuelven dudas.,Queja
9094,No responden los correos de atención al cliente.,Queja
9095,Sería bueno que ampliaran la cobertura del servicio a más ciudades.,Sugerencia
9096,Deberían ofrecer más descuentos para clientes frecuentes.,Sugerencia
9097,El servicio al cliente fue muy lento y poco amable.,Queja
9098,El servicio al cliente fue muy lento y poco amable.,Queja
9099,No me gusta que el personal no esté bien capacitado.,Queja
9100,"La aplicación móvil tiene muchos errores, deberían mejorarla.",Queja
9101,Sería útil que agregaran un chat en vivo para consultas rápidas.,Sugerencia
9102,Podrían mejorar la experiencia en línea con una mejor interfaz.,Sugerencia
9103,"La aplicación móvil tiene muchos errores, deberían mejorarla.",Queja
9104,Deberían ofrecer más descuentos para clientes frecuentes.,Sugerencia
9105,"Me encantó la atención que recibí, fueron muy atentos.",Sugerencia
9106,"El sistema de turnos no funciona bien, deberían optimizarlo.",Queja
9107,El servicio al cliente fue muy lento y poco amable.,Queja
9108,El personal debería recibir más entrenamiento en atención al cliente.,Sugerencia
9109,No me gusta que el personal no esté bien capacitado.,Queja
9110,La página web es muy lenta y difícil de usar.,Queja
9111,Podrían mejorar la experiencia en línea con una mejor interfaz.,Sugerencia
9112,El producto llegó defectuoso y tardaron en dar solución.,Queja
9113,El producto llegó defectuoso y tardaron en dar solución.,Queja
9114,El producto llegó defectuoso y tardaron en dar solución.,Queja
9115,El personal debería recibir más entrenamiento en atención al cliente.,Sugerencia
9116,Tuve un problema con mi compra y nadie me ayudó.,Queja
9117,Tuve un problema con mi compra y nadie me ayudó.,Queja
9118,El servicio al cliente fue muy lento y poco amable.,Queja
9119,Sería bueno que ampliaran la cobertura del servicio a más ciudades.,Sugerencia
9120,No me gusta que el personal no esté bien capacitado.,Queja
9121,"Los tiempos de espera son excesivos, deberían mejorarlo.",Queja
9122,"La aplicación móvil tiene muchos errores, deberían mejorarla.",Queja
9123,El personal debería recibir más entrenamiento en atención al cliente.,Sugerencia
9124,La página web es muy lenta y difícil de usar.,Queja
9125,El personal debería recibir más entrenamiento en atención al cliente.,Sugerencia
9126,El servicio al cliente fue muy lento y poco amable.,Queja
9127,La página web es muy lenta y difícil de usar.,Queja
9128,No responden los correos de atención al cliente.,Queja
9129,Me gustaría que ofrecieran más promociones en productos populares.,Sugerencia
9130,El servicio telefónico es ineficiente y no resuelven dudas.,Queja
9131,Deberían ofrecer más descuentos para clientes frecuentes.,Sugerencia
9132,El servicio al cliente fue muy lento y poco amable.,Queja
9133,Sería genial si agregaran más opciones de pago.,Sugerencia
9134,Tuve un problema con mi compra y nadie me ayudó.,Queja
9135,Podrían ampliar el horario de atención para mayor comodidad.,Sugerencia
9136,Podrían mejorar la experiencia en línea con una mejor interfaz.,Sugerencia
9137,"El sistema de turnos no funciona bien, deberían optimizarlo.",Queja
9138,Me gustaría que ofrecieran más promociones en productos populares.,Sugerencia
9139,"Los tiempos de espera son excesivos, deberían mejorarlo.",Queja
9140,Podrían ampliar el horario de atención para mayor comodidad.,Sugerencia
9141,El personal debería recibir más entrenamiento en atención al cliente.,Sugerencia
9142,Podrían ampliar el horario de atención para mayor comodidad.,Sugerencia
9143,"El sistema de turnos no funciona bien, deberían optimizarlo.",Queja
9144,Sería genial si agregaran más opciones de pago.,Sugerencia
9145,No responden los correos de atención al cliente.,Queja
9146,El personal debería recibir más entrenamiento en atención al cliente.,Sugerencia
9147,Podrían ampliar el horario de atención para mayor comodidad.,Sugerencia
9148,El personal debería recibir más entrenamiento en atención al cliente.,Sugerencia
9149,Sería útil que agregaran un chat en vivo para consultas rápidas.,Sugerencia
9150,Podrían ampliar el horario de atención para mayor comodidad.,Sugerencia
9151,Podrían mejorar la experiencia en línea con una mejor interfaz.,Sugerencia
9152,Sería útil que agregaran un chat en vivo para consultas rápidas.,Sugerencia
9153,Podrían ampliar el horario de atención para mayor comodidad.,Sugerencia
9154,Sería bueno que ampliaran la cobertura del servicio a más ciudades.,Sugerencia
9155,Deberían ofrecer más descuentos para clientes frecuentes.,Sugerencia
9156,No responden los correos de atención al cliente.,Queja
9157,"Me encantó la atención que recibí, fueron muy atentos.",Sugerencia
9158,Podrían ampliar el horario de atención para mayor comodidad.,Sugerencia
9159,El personal debería recibir más entrenamiento en atención al cliente.,Sugerencia
9160,Podrían mejorar la experiencia en línea con una mejor interfaz.,Sugerencia
9161,"El sistema de turnos no funciona bien, deberían optimizarlo.",Queja
9162,Sería bueno que ampliaran la cobertura del servicio a más ciudades.,Sugerencia
9163,Tuve un problema con mi compra y nadie me ayudó.,Queja
9164,Sería útil que agregaran un chat en vivo para consultas rápidas.,Sugerencia
9165,Sería útil que agregaran un chat en vivo para consultas rápidas.,Sugerencia
9166,Sería útil que agregaran un chat en vivo para consultas rápidas.,Sugerencia
9167,Podrían ampliar el horario de atención para mayor comodidad.,Sugerencia
9168,No responden los correos de atención al cliente.,Queja
9169,La página web es muy lenta y difícil de usar.,Queja
9170,Podrían mejorar la experiencia en línea con una mejor interfaz.,Sugerencia
9171,La página web es muy lenta y difícil de usar.,Queja
9172,Sería bueno que ampliaran la cobertura del servicio a más ciudades.,Sugerencia
9173,Sería bueno que ampliaran la cobertura del servicio a más ciudades.,Sugerencia
9174,Deberían ofrecer más descuentos para clientes frecuentes.,Sugerencia
9175,"Los tiempos de espera son excesivos, deberían mejorarlo.",Queja
9176,Sería genial si agregaran más opciones de pago.,Sugerencia
9177,Sería útil que agregaran un chat en vivo para consultas rápidas.,Sugerencia
9178,El servicio al cliente fue muy lento y poco amable.,Queja
9179,El ambiente en la tienda es muy agradable y acogedor.,Sugerencia
9180,No me gusta que el personal no esté bien capacitado.,Queja
9181,Me gustaría que ofrecieran más promociones en productos populares.,Sugerencia
9182,Tuve un problema con mi compra y nadie me ayudó.,Queja
9183,Tuve un problema con mi compra y nadie me ayudó.,Queja
9184,El ambiente en la tienda es muy agradable y acogedor.,Sugerencia
9185,Tuve un problema con mi compra y nadie me ayudó.,Queja
9186,Tuve un problema con mi compra y nadie me ayudó.,Queja
9187,No me gusta que el personal no esté bien capacitado.,Queja
9188,"La aplicación móvil tiene muchos errores, deberían mejorarla.",Queja
9189,"Los tiempos de espera son excesivos, deberían mejorarlo.",Queja
9190,Tuve un problema con mi compra y nadie me ayudó.,Queja
9191,El personal debería recibir más entrenamiento en atención al cliente.,Sugerencia
9192,Me gustaría que ofrecieran más promociones en productos populares.,Sugerencia
9193,El servicio al cliente fue muy lento y poco amable.,Queja
9194,"La aplicación móvil tiene muchos errores, deberían mejorarla.",Queja
9195,No responden los correos de atención al cliente.,Queja
9196,No responden los correos de atención al cliente.,Queja
9197,El servicio al cliente fue muy lento y poco amable.,Queja
9198,No responden los correos de atención al cliente.,Queja
9199,El personal debería recibir más entrenamiento en atención al cliente.,Sugerencia
9200,El servicio al cliente fue muy lento y poco amable.,Queja
9201,"Los tiempos de espera son excesivos, deberían mejorarlo.",Queja
9202,No responden los correos de atención al cliente.,Queja
9203,Podrían ampliar el horario de atención para mayor comodidad.,Sugerencia
9204,"El sistema de turnos no funciona bien, deberían optimizarlo.",Queja
9205,No me gusta que el personal no esté bien capacitado.,Queja
9206,"Me encantó la atención que recibí, fueron muy atentos.",Sugerencia
9207,No responden los correos de atención al cliente.,Queja
9208,No me gusta que el personal no esté bien capacitado.,Queja
9209,El ambiente en la tienda es muy agradable y acogedor.,Sugerencia
9210,El ambiente en la tienda es muy agradable y acogedor.,Sugerencia
9211,El producto llegó defectuoso y tardaron en dar solución.,Queja
9212,El ambiente en la tienda es muy agradable y acogedor.,Sugerencia
9213,El personal debería recibir más entrenamiento en atención al cliente.,Sugerencia
9214,El personal debería recibir más entrenamiento en atención al cliente.,Sugerencia
9215,El servicio al cliente fue muy lento y poco amable.,Queja
9216,La página web es muy lenta y difícil de usar.,Queja
9217,El ambiente en la tienda es muy agradable y acogedor.,Sugerencia
9218,El producto llegó defectuoso y tardaron en dar solución.,Queja
9219,"El sistema de turnos no funciona bien, deberían optimizarlo.",Queja
9220,Tuve un problema con mi compra y nadie me ayudó.,Queja
9221,No responden los correos de atención al cliente.,Queja
9222,"El sistema de turnos no funciona bien, deberían optimizarlo.",Queja
9223,El personal debería recibir más entrenamiento en atención al cliente.,Sugerencia
9224,Sería genial si agregaran más opciones de pago.,Sugerencia
9225,El servicio al cliente fue muy lento y poco amable.,Queja
9226,No me gusta que el personal no esté bien capacitado.,Queja
9227,El servicio telefónico es ineficiente y no resuelven dudas.,Queja
9228,No responden los correos de atención al cliente.,Queja
9229,El producto llegó defectuoso y tardaron en dar solución.,Queja
9230,Deberían ofrecer más descuentos para clientes frecuentes.,Sugerencia
9231,"El sistema de turnos no funciona bien, deberían optimizarlo.",Queja
9232,Deberían ofrecer más descuentos para clientes frecuentes.,Sugerencia
9233,Deberían ofrecer más descuentos para clientes frecuentes.,Sugerencia
9234,La página web es muy lenta y difícil de usar.,Queja
9235,"Me encantó la atención que recibí, fueron muy atentos.",Sugerencia
9236,El producto llegó defectuoso y tardaron en dar solución.,Queja
9237,Sería bueno que ampliaran la cobertura del servicio a más ciudades.,Sugerencia
9238,El ambiente en la tienda es muy agradable y acogedor.,Sugerencia
9239,El personal debería recibir más entrenamiento en atención al cliente.,Sugerencia
9240,Me gustaría que ofrecieran más promociones en productos populares.,Sugerencia
9241,El servicio telefónico es ineficiente y no resuelven dudas.,Queja
9242,Deberían ofrecer más descuentos para clientes frecuentes.,Sugerencia
9243,"Me encantó la atención que recibí, fueron muy atentos.",Sugerencia
9244,No me gusta que el personal no esté bien capacitado.,Queja
9245,Deberían ofrecer más descuentos para clientes frecuentes.,Sugerencia
9246,Podrían ampliar el horario de atención para mayor comodidad.,Sugerencia
9247,Sería útil que agregaran un chat en vivo para consultas rápidas.,Sugerencia
9248,La página web es muy lenta y difícil de usar.,Queja
9249,El servicio al cliente fue muy lento y poco amable.,Queja
9250,La página web es muy lenta y difícil de usar.,Queja
9251,El personal debería recibir más entrenamiento en atención al cliente.,Sugerencia
9252,No me gusta que el personal no esté bien capacitado.,Queja
9253,Podrían ampliar el horario de atención para mayor comodidad.,Sugerencia
9254,El servicio al cliente fue muy lento y poco amable.,Queja
9255,"Los tiempos de espera son excesivos, deberían mejorarlo.",Queja
9256,Sería útil que agregaran un chat en vivo para consultas rápidas.,Sugerencia
9257,Sería bueno que ampliaran la cobertura del servicio a más ciudades.,Sugerencia
9258,"La aplicación móvil tiene muchos errores, deberían mejorarla.",Queja
9259,Me gustaría que ofrecieran más promociones en productos populares.,Sugerencia
9260,Deberían ofrecer más descuentos para clientes frecuentes.,Sugerencia
9261,El servicio al cliente fue muy lento y poco amable.,Queja
9262,La página web es muy lenta y difícil de usar.,Queja
9263,Deberían ofrecer más descuentos para clientes frecuentes.,Sugerencia
9264,"Los tiempos de espera son excesivos, deberían mejorarlo.",Queja
9265,No me gusta que el personal no esté bien capacitado.,Queja
9266,Deberían ofrecer más descuentos para clientes frecuentes.,Sugerencia
9267,Me gustaría que ofrecieran más promociones en productos populares.,Sugerencia
9268,"La aplicación móvil tiene muchos errores, deberían mejorarla.",Queja
9269,Sería genial si agregaran más opciones de pago.,Sugerencia
9270,Sería bueno que ampliaran la cobertura del servicio a más ciudades.,Sugerencia
9271,Podrían mejorar la experiencia en línea con una mejor interfaz.,Sugerencia
9272,Sería útil que agregaran un chat en vivo para consultas rápidas.,Sugerencia
9273,"Los tiempos de espera son excesivos, deberían mejorarlo.",Queja
9274,No me gusta que el personal no esté bien capacitado.,Queja
9275,El servicio al cliente fue muy lento y poco amable.,Queja
9276,Sería bueno que ampliaran la cobertura del servicio a más ciudades.,Sugerencia
9277,La página web es muy lenta y difícil de usar.,Queja
9278,No me gusta que el personal no esté bien capacitado.,Queja
9279,"Los tiempos de espera son excesivos, deberían mejorarlo.",Queja
9280,Sería bueno que ampliaran la cobertura del servicio a más ciudades.,Sugerencia
9281,"La aplicación móvil tiene muchos errores, deberían mejorarla.",Queja
9282,Deberían ofrecer más descuentos para clientes frecuentes.,Sugerencia
9283,Sería útil que agregaran un chat en vivo para consultas rápidas.,Sugerencia
9284,El servicio al cliente fue muy lento y poco amable.,Queja
9285,El servicio al cliente fue muy lento y poco amable.,Queja
9286,El personal debería recibir más entrenamiento en atención al cliente.,Sugerencia
9287,Podrían ampliar el horario de atención para mayor comodidad.,Sugerencia
9288,Sería útil que agregaran un chat en vivo para consultas rápidas.,Sugerencia
9289,Deberían ofrecer más descuentos para clientes frecuentes.,Sugerencia
9290,Me gustaría que ofrecieran más promociones en productos populares.,Sugerencia
9291,Podrían ampliar el horario de atención para mayor comodidad.,Sugerencia
9292,El producto llegó defectuoso y tardaron en dar solución.,Queja
9293,La página web es muy lenta y difícil de usar.,Queja
9294,El servicio al cliente fue muy lento y poco amable.,Queja
9295,Tuve un problema con mi compra y nadie me ayudó.,Queja
9296,Podrían ampliar el horario de atención para mayor comodidad.,Sugerencia
9297,Podrían mejorar la experiencia en línea con una mejor interfaz.,Sugerencia
9298,El servicio telefónico es ineficiente y no resuelven dudas.,Queja
9299,Me gustaría que ofrecieran más promociones en productos populares.,Sugerencia
9300,Podrían ampliar el horario de atención para mayor comodidad.,Sugerencia
9301,"Los tiempos de espera son excesivos, deberían mejorarlo.",Queja
9302,Podrían ampliar el horario de atención para mayor comodidad.,Sugerencia
9303,No me gusta que el personal no esté bien capacitado.,Queja
9304,No responden los correos de atención al cliente.,Queja
9305,Me gustaría que ofrecieran más promociones en productos populares.,Sugerencia
9306,Sería genial si agregaran más opciones de pago.,Sugerencia
9307,Sería bueno que ampliaran la cobertura del servicio a más ciudades.,Sugerencia
9308,El personal debería recibir más entrenamiento en atención al cliente.,Sugerencia
9309,El producto llegó defectuoso y tardaron en dar solución.,Queja
9310,Tuve un problema con mi compra y nadie me ayudó.,Queja
9311,Sería genial si agregaran más opciones de pago.,Sugerencia
9312,Tuve un problema con mi compra y nadie me ayudó.,Queja
9313,La página web es muy lenta y difícil de usar.,Queja
9314,El ambiente en la tienda es muy agradable y acogedor.,Sugerencia
9315,Tuve un problema con mi compra y nadie me ayudó.,Queja
9316,Podrían ampliar el horario de atención para mayor comodidad.,Sugerencia
9317,La página web es muy lenta y difícil de usar.,Queja
9318,No responden los correos de atención al cliente.,Queja
9319,Tuve un problema con mi compra y nadie me ayudó.,Queja
9320,Me gustaría que ofrecieran más promociones en productos populares.,Sugerencia
9321,Sería útil que agregaran un chat en vivo para consultas rápidas.,Sugerencia
9322,No me gusta que el personal no esté bien capacitado.,Queja
9323,No responden los correos de atención al cliente.,Queja
9324,"El sistema de turnos no funciona bien, deberían optimizarlo.",Queja
9325,"Los tiempos de espera son excesivos, deberían mejorarlo.",Queja
9326,El ambiente en la tienda es muy agradable y acogedor.,Sugerencia
9327,Me gustaría que ofrecieran más promociones en productos populares.,Sugerencia
9328,"La aplicación móvil tiene muchos errores, deberían mejorarla.",Queja
9329,El servicio al cliente fue muy lento y poco amable.,Queja
9330,"Los tiempos de espera son excesivos, deberían mejorarlo.",Queja
9331,El servicio telefónico es ineficiente y no resuelven dudas.,Queja
9332,El servicio al cliente fue muy lento y poco amable.,Queja
9333,Deberían ofrecer más descuentos para clientes frecuentes.,Sugerencia
9334,El personal debería recibir más entrenamiento en atención al cliente.,Sugerencia
9335,El personal debería recibir más entrenamiento en atención al cliente.,Sugerencia
9336,El personal debería recibir más entrenamiento en atención al cliente.,Sugerencia
9337,Sería genial si agregaran más opciones de pago.,Sugerencia
9338,Me gustaría que ofrecieran más promociones en productos populares.,Sugerencia
9339,Podrían mejorar la experiencia en línea con una mejor interfaz.,Sugerencia
9340,Me gustaría que ofrecieran más promociones en productos populares.,Sugerencia
9341,Sería genial si agregaran más opciones de pago.,Sugerencia
9342,El personal debería recibir más entrenamiento en atención al cliente.,Sugerencia
9343,No me gusta que el personal no esté bien capacitado.,Queja
9344,Deberían ofrecer más descuentos para clientes frecuentes.,Sugerencia
9345,El ambiente en la tienda es muy agradable y acogedor.,Sugerencia
9346,Tuve un problema con mi compra y nadie me ayudó.,Queja
9347,Me gustaría que ofrecieran más promociones en productos populares.,Sugerencia
9348,La página web es muy lenta y difícil de usar.,Queja
9349,No me gusta que el personal no esté bien capacitado.,Queja
9350,Podrían ampliar el horario de atención para mayor comodidad.,Sugerencia
9351,El servicio al cliente fue muy lento y poco amable.,Queja
9352,Sería útil que agregaran un chat en vivo para consultas rápidas.,Sugerencia
9353,Sería útil que agregaran un chat en vivo para consultas rápidas.,Sugerencia
9354,Podrían ampliar el horario de atención para mayor comodidad.,Sugerencia
9355,El ambiente en la tienda es muy agradable y acogedor.,Sugerencia
9356,"Me encantó la atención que recibí, fueron muy atentos.",Sugerencia
9357,No me gusta que el personal no esté bien capacitado.,Queja
9358,La página web es muy lenta y difícil de usar.,Queja
9359,"Me encantó la atención que recibí, fueron muy atentos.",Sugerencia
9360,Sería útil que agregaran un chat en vivo para consultas rápidas.,Sugerencia
9361,El servicio al cliente fue muy lento y poco amable.,Queja
9362,El personal debería recibir más entrenamiento en atención al cliente.,Sugerencia
9363,"La aplicación móvil tiene muchos errores, deberían mejorarla.",Queja
9364,"La aplicación móvil tiene muchos errores, deberían mejorarla.",Queja
9365,"Los tiempos de espera son excesivos, deberían mejorarlo.",Queja
9366,Me gustaría que ofrecieran más promociones en productos populares.,Sugerencia
9367,Sería genial si agregaran más opciones de pago.,Sugerencia
9368,Sería bueno que ampliaran la cobertura del servicio a más ciudades.,Sugerencia
9369,Tuve un problema con mi compra y nadie me ayudó.,Queja
9370,Tuve un problema con mi compra y nadie me ayudó.,Queja
9371,"Me encantó la atención que recibí, fueron muy atentos.",Sugerencia
9372,El personal debería recibir más entrenamiento en atención al cliente.,Sugerencia
9373,"Me encantó la atención que recibí, fueron muy atentos.",Sugerencia
9374,El servicio al cliente fue muy lento y poco amable.,Queja
9375,El servicio al cliente fue muy lento y poco amable.,Queja
9376,Sería útil que agregaran un chat en vivo para consultas rápidas.,Sugerencia
9377,El producto llegó defectuoso y tardaron en dar solución.,Queja
9378,La página web es muy lenta y difícil de usar.,Queja
9379,No me gusta que el personal no esté bien capacitado.,Queja
9380,Podrían ampliar el horario de atención para mayor comodidad.,Sugerencia
9381,El producto llegó defectuoso y tardaron en dar solución.,Queja
9382,Me gustaría que ofrecieran más promociones en productos populares.,Sugerencia
9383,Sería útil que agregaran un chat en vivo para consultas rápidas.,Sugerencia
9384,Podrían ampliar el horario de atención para mayor comodidad.,Sugerencia
9385,Podrían ampliar el horario de atención para mayor comodidad.,Sugerencia
9386,"Me encantó la atención que recibí, fueron muy atentos.",Sugerencia
9387,Sería útil que agregaran un chat en vivo para consultas rápidas.,Sugerencia
9388,"Los tiempos de espera son excesivos, deberían mejorarlo.",Queja
9389,Sería bueno que ampliaran la cobertura del servicio a más ciudades.,Sugerencia
9390,Podrían mejorar la experiencia en línea con una mejor interfaz.,Sugerencia
9391,Deberían ofrecer más descuentos para clientes frecuentes.,Sugerencia
9392,Sería bueno que ampliaran la cobertura del servicio a más ciudades.,Sugerencia
9393,"La aplicación móvil tiene muchos errores, deberían mejorarla.",Queja
9394,El personal debería recibir más entrenamiento en atención al cliente.,Sugerencia
9395,Podrían ampliar el horario de atención para mayor comodidad.,Sugerencia
9396,No responden los correos de atención al cliente.,Queja
9397,El ambiente en la tienda es muy agradable y acogedor.,Sugerencia
9398,El personal debería recibir más entrenamiento en atención al cliente.,Sugerencia
9399,La página web es muy lenta y difícil de usar.,Queja
9400,El producto llegó defectuoso y tardaron en dar solución.,Queja
9401,"Me encantó la atención que recibí, fueron muy atentos.",Sugerencia
9402,Sería útil que agregaran un chat en vivo para consultas rápidas.,Sugerencia
9403,"El sistema de turnos no funciona bien, deberían optimizarlo.",Queja
9404,No responden los correos de atención al cliente.,Queja
9405,Tuve un problema con mi compra y nadie me ayudó.,Queja
9406,Deberían ofrecer más descuentos para clientes frecuentes.,Sugerencia
9407,"El sistema de turnos no funciona bien, deberían optimizarlo.",Queja
9408,El servicio al cliente fue muy lento y poco amable.,Queja
9409,Sería útil que agregaran un chat en vivo para consultas rápidas.,Sugerencia
9410,Tuve un problema con mi compra y nadie me ayudó.,Queja
9411,El servicio telefónico es ineficiente y no resuelven dudas.,Queja
9412,Me gustaría que ofrecieran más promociones en productos populares.,Sugerencia
9413,Podrían mejorar la experiencia en línea con una mejor interfaz.,Sugerencia
9414,"La aplicación móvil tiene muchos errores, deberían mejorarla.",Queja
9415,Podrían mejorar la experiencia en línea con una mejor interfaz.,Sugerencia
9416,Sería bueno que ampliaran la cobertura del servicio a más ciudades.,Sugerencia
9417,"La aplicación móvil tiene muchos errores, deberían mejorarla.",Queja
9418,"Los tiempos de espera son excesivos, deberían mejorarlo.",Queja
9419,El servicio al cliente fue muy lento y poco amable.,Queja
9420,No me gusta que el personal no esté bien capacitado.,Queja
9421,No me gusta que el personal no esté bien capacitado.,Queja
9422,Me gustaría que ofrecieran más promociones en productos populares.,Sugerencia
9423,Podrían mejorar la experiencia en línea con una mejor interfaz.,Sugerencia
9424,No responden los correos de atención al cliente.,Queja
9425,No me gusta que el personal no esté bien capacitado.,Queja
9426,No responden los correos de atención al cliente.,Queja
9427,El personal debería recibir más entrenamiento en atención al cliente.,Sugerencia
9428,El producto llegó defectuoso y tardaron en dar solución.,Queja
9429,Deberían ofrecer más descuentos para clientes frecuentes.,Sugerencia
9430,El producto llegó defectuoso y tardaron en dar solución.,Queja
9431,Sería genial si agregaran más opciones de pago.,Sugerencia
9432,El servicio telefónico es ineficiente y no resuelven dudas.,Queja
9433,No me gusta que el personal no esté bien capacitado.,Queja
9434,Sería útil que agregaran un chat en vivo para consultas rápidas.,Sugerencia
9435,"El sistema de turnos no funciona bien, deberían optimizarlo.",Queja
9436,"Los tiempos de espera son excesivos, deberían mejorarlo.",Queja
9437,El producto llegó defectuoso y tardaron en dar solución.,Queja
9438,Sería genial si agregaran más opciones de pago.,Sugerencia
9439,Sería útil que agregaran un chat en vivo para consultas rápidas.,Sugerencia
9440,Sería útil que agregaran un chat en vivo para consultas rápidas.,Sugerencia
9441,El servicio al cliente fue muy lento y poco amable.,Queja
9442,Me gustaría que ofrecieran más promociones en productos populares.,Sugerencia
9443,La página web es muy lenta y difícil de usar.,Queja
9444,Podrían mejorar la experiencia en línea con una mejor interfaz.,Sugerencia
9445,El servicio telefónico es ineficiente y no resuelven dudas.,Queja
9446,"El sistema de turnos no funciona bien, deberían optimizarlo.",Queja
9447,Sería útil que agregaran un chat en vivo para consultas rápidas.,Sugerencia
9448,Sería bueno que ampliaran la cobertura del servicio a más ciudades.,Sugerencia
9449,El servicio telefónico es ineficiente y no resuelven dudas.,Queja
9450,Podrían mejorar la experiencia en línea con una mejor interfaz.,Sugerencia
9451,"Los tiempos de espera son excesivos, deberían mejorarlo.",Queja
9452,Tuve un problema con mi compra y nadie me ayudó.,Queja
9453,Podrían mejorar la experiencia en línea con una mejor interfaz.,Sugerencia
9454,Sería útil que agregaran un chat en vivo para consultas rápidas.,Sugerencia
9455,"La aplicación móvil tiene muchos errores, deberían mejorarla.",Queja
9456,"La aplicación móvil tiene muchos errores, deberían mejorarla.",Queja
9457,Deberían ofrecer más descuentos para clientes frecuentes.,Sugerencia
9458,"La aplicación móvil tiene muchos errores, deberían mejorarla.",Queja
9459,La página web es muy lenta y difícil de usar.,Queja
9460,Podrían mejorar la experiencia en línea con una mejor interfaz.,Sugerencia
9461,Sería genial si agregaran más opciones de pago.,Sugerencia
9462,El personal debería recibir más entrenamiento en atención al cliente.,Sugerencia
9463,El servicio al cliente fue muy lento y poco amable.,Queja
9464,Tuve un problema con mi compra y nadie me ayudó.,Queja
9465,El personal debería recibir más entrenamiento en atención al cliente.,Sugerencia
9466,Me gustaría que ofrecieran más promociones en productos populares.,Sugerencia
9467,El personal debería recibir más entrenamiento en atención al cliente.,Sugerencia
9468,La página web es muy lenta y difícil de usar.,Queja
9469,"Los tiempos de espera son excesivos, deberían mejorarlo.",Queja
9470,El ambiente en la tienda es muy agradable y acogedor.,Sugerencia
9471,No responden los correos de atención al cliente.,Queja
9472,Sería útil que agregaran un chat en vivo para consultas rápidas.,Sugerencia
9473,Podrían mejorar la experiencia en línea con una mejor interfaz.,Sugerencia
9474,El ambiente en la tienda es muy agradable y acogedor.,Sugerencia
9475,No responden los correos de atención al cliente.,Queja
9476,La página web es muy lenta y difícil de usar.,Queja
9477,Deberían ofrecer más descuentos para clientes frecuentes.,Sugerencia
9478,Deberían ofrecer más descuentos para clientes frecuentes.,Sugerencia
9479,Sería bueno que ampliaran la cobertura del servicio a más ciudades.,Sugerencia
9480,El ambiente en la tienda es muy agradable y acogedor.,Sugerencia
9481,Me gustaría que ofrecieran más promociones en productos populares.,Sugerencia
9482,No me gusta que el personal no esté bien capacitado.,Queja
9483,Me gustaría que ofrecieran más promociones en productos populares.,Sugerencia
9484,Sería genial si agregaran más opciones de pago.,Sugerencia
9485,Sería genial si agregaran más opciones de pago.,Sugerencia
9486,Podrían mejorar la experiencia en línea con una mejor interfaz.,Sugerencia
9487,El ambiente en la tienda es muy agradable y acogedor.,Sugerencia
9488,"Me encantó la atención que recibí, fueron muy atentos.",Sugerencia
9489,"Los tiempos de espera son excesivos, deberían mejorarlo.",Queja
9490,Me gustaría que ofrecieran más promociones en productos populares.,Sugerencia
9491,El ambiente en la tienda es muy agradable y acogedor.,Sugerencia
9492,Sería útil que agregaran un chat en vivo para consultas rápidas.,Sugerencia
9493,No responden los correos de atención al cliente.,Queja
9494,Deberían ofrecer más descuentos para clientes frecuentes.,Sugerencia
9495,La página web es muy lenta y difícil de usar.,Queja
9496,"Me encantó la atención que recibí, fueron muy atentos.",Sugerencia
9497,Sería útil que agregaran un chat en vivo para consultas rápidas.,Sugerencia
9498,Tuve un problema con mi compra y nadie me ayudó.,Queja
9499,La página web es muy lenta y difícil de usar.,Queja
9500,El servicio telefónico es ineficiente y no resuelven dudas.,Queja
9501,El ambiente en la tienda es muy agradable y acogedor.,Sugerencia
9502,El personal debería recibir más entrenamiento en atención al cliente.,Sugerencia
9503,No me gusta que el personal no esté bien capacitado.,Queja
9504,"Me encantó la atención que recibí, fueron muy atentos.",Sugerencia
9505,"La aplicación móvil tiene muchos errores, deberían mejorarla.",Queja
9506,El producto llegó defectuoso y tardaron en dar solución.,Queja
9507,Sería útil que agregaran un chat en vivo para consultas rápidas.,Sugerencia
9508,El ambiente en la tienda es muy agradable y acogedor.,Sugerencia
9509,"La aplicación móvil tiene muchos errores, deberían mejorarla.",Queja
9510,El personal debería recibir más entrenamiento en atención al cliente.,Sugerencia
9511,Deberían ofrecer más descuentos para clientes frecuentes.,Sugerencia
9512,Tuve un problema con mi compra y nadie me ayudó.,Queja
9513,Sería genial si agregaran más opciones de pago.,Sugerencia
9514,Me gustaría que ofrecieran más promociones en productos populares.,Sugerencia
9515,El ambiente en la tienda es muy agradable y acogedor.,Sugerencia
9516,Me gustaría que ofrecieran más promociones en productos populares.,Sugerencia
9517,El producto llegó defectuoso y tardaron en dar solución.,Queja
9518,El ambiente en la tienda es muy agradable y acogedor.,Sugerencia
9519,Sería útil que agregaran un chat en vivo para consultas rápidas.,Sugerencia
9520,El personal debería recibir más entrenamiento en atención al cliente.,Sugerencia
9521,El ambiente en la tienda es muy agradable y acogedor.,Sugerencia
9522,El producto llegó defectuoso y tardaron en dar solución.,Queja
9523,Podrían mejorar la experiencia en línea con una mejor interfaz.,Sugerencia
9524,La página web es muy lenta y difícil de usar.,Queja
9525,"El sistema de turnos no funciona bien, deberían optimizarlo.",Queja
9526,Sería genial si agregaran más opciones de pago.,Sugerencia
9527,"Me encantó la atención que recibí, fueron muy atentos.",Sugerencia
9528,Sería bueno que ampliaran la cobertura del servicio a más ciudades.,Sugerencia
9529,El producto llegó defectuoso y tardaron en dar solución.,Queja
9530,Deberían ofrecer más descuentos para clientes frecuentes.,Sugerencia
9531,Tuve un problema con mi compra y nadie me ayudó.,Queja
9532,Sería útil que agregaran un chat en vivo para consultas rápidas.,Sugerencia
9533,Podrían ampliar el horario de atención para mayor comodidad.,Sugerencia
9534,Podrían ampliar el horario de atención para mayor comodidad.,Sugerencia
9535,El personal debería recibir más entrenamiento en atención al cliente.,Sugerencia
9536,"La aplicación móvil tiene muchos errores, deberían mejorarla.",Queja
9537,El personal debería recibir más entrenamiento en atención al cliente.,Sugerencia
9538,No me gusta que el personal no esté bien capacitado.,Queja
9539,El servicio telefónico es ineficiente y no resuelven dudas.,Queja
9540,"La aplicación móvil tiene muchos errores, deberían mejorarla.",Queja
9541,"Los tiempos de espera son excesivos, deberían mejorarlo.",Queja
9542,Podrían mejorar la experiencia en línea con una mejor interfaz.,Sugerencia
9543,Me gustaría que ofrecieran más promociones en productos populares.,Sugerencia
9544,Me gustaría que ofrecieran más promociones en productos populares.,Sugerencia
9545,El servicio al cliente fue muy lento y poco amable.,Queja
9546,Podrían mejorar la experiencia en línea con una mejor interfaz.,Sugerencia
9547,Me gustaría que ofrecieran más promociones en productos populares.,Sugerencia
9548,Sería útil que agregaran un chat en vivo para consultas rápidas.,Sugerencia
9549,Me gustaría que ofrecieran más promociones en productos populares.,Sugerencia
9550,"Los tiempos de espera son excesivos, deberían mejorarlo.",Queja
9551,Sería útil que agregaran un chat en vivo para consultas rápidas.,Sugerencia
9552,Sería útil que agregaran un chat en vivo para consultas rápidas.,Sugerencia
9553,"La aplicación móvil tiene muchos errores, deberían mejorarla.",Queja
9554,El servicio telefónico es ineficiente y no resuelven dudas.,Queja
9555,La página web es muy lenta y difícil de usar.,Queja
9556,No responden los correos de atención al cliente.,Queja
9557,"Me encantó la atención que recibí, fueron muy atentos.",Sugerencia
9558,No me gusta que el personal no esté bien capacitado.,Queja
9559,Tuve un problema con mi compra y nadie me ayudó.,Queja
9560,Tuve un problema con mi compra y nadie me ayudó.,Queja
9561,El producto llegó defectuoso y tardaron en dar solución.,Queja
9562,No me gusta que el personal no esté bien capacitado.,Queja
9563,Me gustaría que ofrecieran más promociones en productos populares.,Sugerencia
9564,El producto llegó defectuoso y tardaron en dar solución.,Queja
9565,"Me encantó la atención que recibí, fueron muy atentos.",Sugerencia
9566,Tuve un problema con mi compra y nadie me ayudó.,Queja
9567,"El sistema de turnos no funciona bien, deberían optimizarlo.",Queja
9568,No me gusta que el personal no esté bien capacitado.,Queja
9569,El personal debería recibir más entrenamiento en atención al cliente.,Sugerencia
9570,Podrían ampliar el horario de atención para mayor comodidad.,Sugerencia
9571,Tuve un problema con mi compra y nadie me ayudó.,Queja
9572,"La aplicación móvil tiene muchos errores, deberían mejorarla.",Queja
9573,El servicio telefónico es ineficiente y no resuelven dudas.,Queja
9574,Podrían ampliar el horario de atención para mayor comodidad.,Sugerencia
9575,"La aplicación móvil tiene muchos errores, deberían mejorarla.",Queja
9576,El servicio al cliente fue muy lento y poco amable.,Queja
9577,"La aplicación móvil tiene muchos errores, deberían mejorarla.",Queja
9578,Sería genial si agregaran más opciones de pago.,Sugerencia
9579,El ambiente en la tienda es muy agradable y acogedor.,Sugerencia
9580,Sería genial si agregaran más opciones de pago.,Sugerencia
9581,"Los tiempos de espera son excesivos, deberían mejorarlo.",Queja
9582,Sería útil que agregaran un chat en vivo para consultas rápidas.,Sugerencia
9583,Sería genial si agregaran más opciones de pago.,Sugerencia
9584,Tuve un problema con mi compra y nadie me ayudó.,Queja
9585,El servicio al cliente fue muy lento y poco amable.,Queja
9586,Me gustaría que ofrecieran más promociones en productos populares.,Sugerencia
9587,Podrían ampliar el horario de atención para mayor comodidad.,Sugerencia
9588,"Me encantó la atención que recibí, fueron muy atentos.",Sugerencia
9589,"Los tiempos de espera son excesivos, deberían mejorarlo.",Queja
9590,El servicio telefónico es ineficiente y no resuelven dudas.,Queja
9591,La página web es muy lenta y difícil de usar.,Queja
9592,Sería útil que agregaran un chat en vivo para consultas rápidas.,Sugerencia
9593,"Los tiempos de espera son excesivos, deberían mejorarlo.",Queja
9594,El personal debería recibir más entrenamiento en atención al cliente.,Sugerencia
9595,El personal debería recibir más entrenamiento en atención al cliente.,Sugerencia
9596,Sería bueno que ampliaran la cobertura del servicio a más ciudades.,Sugerencia
9597,Tuve un problema con mi compra y nadie me ayudó.,Queja
9598,Tuve un problema con mi compra y nadie me ayudó.,Queja
9599,La página web es muy lenta y difícil de usar.,Queja
9600,Deberían ofrecer más descuentos para clientes frecuentes.,Sugerencia
9601,El ambiente en la tienda es muy agradable y acogedor.,Sugerencia
9602,El producto llegó defectuoso y tardaron en dar solución.,Queja
9603,El ambiente en la tienda es muy agradable y acogedor.,Sugerencia
9604,El ambiente en la tienda es muy agradable y acogedor.,Sugerencia
9605,Sería bueno que ampliaran la cobertura del servicio a más ciudades.,Sugerencia
9606,"El sistema de turnos no funciona bien, deberían optimizarlo.",Queja
9607,El ambiente en la tienda es muy agradable y acogedor.,Sugerencia
9608,El producto llegó defectuoso y tardaron en dar solución.,Queja
9609,Me gustaría que ofrecieran más promociones en productos populares.,Sugerencia
9610,Me gustaría que ofrecieran más promociones en productos populares.,Sugerencia
9611,Tuve un problema con mi compra y nadie me ayudó.,Queja
9612,No responden los correos de atención al cliente.,Queja
9613,Me gustaría que ofrecieran más promociones en productos populares.,Sugerencia
9614,Deberían ofrecer más descuentos para clientes frecuentes.,Sugerencia
9615,Me gustaría que ofrecieran más promociones en productos populares.,Sugerencia
9616,No responden los correos de atención al cliente.,Queja
9617,"Los tiempos de espera son excesivos, deberían mejorarlo.",Queja
9618,Sería útil que agregaran un chat en vivo para consultas rápidas.,Sugerencia
9619,"Los tiempos de espera son excesivos, deberían mejorarlo.",Queja
9620,El ambiente en la tienda es muy agradable y acogedor.,Sugerencia
9621,"Los tiempos de espera son excesivos, deberían mejorarlo.",Queja
9622,El personal debería recibir más entrenamiento en atención al cliente.,Sugerencia
9623,El producto llegó defectuoso y tardaron en dar solución.,Queja
9624,"El sistema de turnos no funciona bien, deberían optimizarlo.",Queja
9625,Sería genial si agregaran más opciones de pago.,Sugerencia
9626,Deberían ofrecer más descuentos para clientes frecuentes.,Sugerencia
9627,Sería útil que agregaran un chat en vivo para consultas rápidas.,Sugerencia
9628,"El sistema de turnos no funciona bien, deberían optimizarlo.",Queja
9629,Me gustaría que ofrecieran más promociones en productos populares.,Sugerencia
9630,Podrían mejorar la experiencia en línea con una mejor interfaz.,Sugerencia
9631,La página web es muy lenta y difícil de usar.,Queja
9632,"Los tiempos de espera son excesivos, deberían mejorarlo.",Queja
9633,Sería genial si agregaran más opciones de pago.,Sugerencia
9634,No me gusta que el personal no esté bien capacitado.,Queja
9635,La página web es muy lenta y difícil de usar.,Queja
9636,El ambiente en la tienda es muy agradable y acogedor.,Sugerencia
9637,"La aplicación móvil tiene muchos errores, deberían mejorarla.",Queja
9638,El personal debería recibir más entrenamiento en atención al cliente.,Sugerencia
9639,Podrían mejorar la experiencia en línea con una mejor interfaz.,Sugerencia
9640,Podrían mejorar la experiencia en línea con una mejor interfaz.,Sugerencia
9641,El personal debería recibir más entrenamiento en atención al cliente.,Sugerencia
9642,El personal debería recibir más entrenamiento en atención al cliente.,Sugerencia
9643,Me gustaría que ofrecieran más promociones en productos populares.,Sugerencia
9644,"La aplicación móvil tiene muchos errores, deberían mejorarla.",Queja
9645,Me gustaría que ofrecieran más promociones en productos populares.,Sugerencia
9646,El personal debería recibir más entrenamiento en atención al cliente.,Sugerencia
9647,El producto llegó defectuoso y tardaron en dar solución.,Queja
9648,El producto llegó defectuoso y tardaron en dar solución.,Queja
9649,"La aplicación móvil tiene muchos errores, deberían mejorarla.",Queja
9650,Podrían mejorar la experiencia en línea con una mejor interfaz.,Sugerencia
9651,El servicio telefónico es ineficiente y no resuelven dudas.,Queja
9652,El ambiente en la tienda es muy agradable y acogedor.,Sugerencia
9653,El personal debería recibir más entrenamiento en atención al cliente.,Sugerencia
9654,"Los tiempos de espera son excesivos, deberían mejorarlo.",Queja
9655,El personal debería recibir más entrenamiento en atención al cliente.,Sugerencia
9656,Sería útil que agregaran un chat en vivo para consultas rápidas.,Sugerencia
9657,"La aplicación móvil tiene muchos errores, deberían mejorarla.",Queja
9658,Deberían ofrecer más descuentos para clientes frecuentes.,Sugerencia
9659,La página web es muy lenta y difícil de usar.,Queja
9660,Sería útil que agregaran un chat en vivo para consultas rápidas.,Sugerencia
9661,El ambiente en la tienda es muy agradable y acogedor.,Sugerencia
9662,El producto llegó defectuoso y tardaron en dar solución.,Queja
9663,"Me encantó la atención que recibí, fueron muy atentos.",Sugerencia
9664,"La aplicación móvil tiene muchos errores, deberían mejorarla.",Queja
9665,La página web es muy lenta y difícil de usar.,Queja
9666,"Me encantó la atención que recibí, fueron muy atentos.",Sugerencia
9667,El producto llegó defectuoso y tardaron en dar solución.,Queja
9668,Podrían ampliar el horario de atención para mayor comodidad.,Sugerencia
9669,Podrían ampliar el horario de atención para mayor comodidad.,Sugerencia
9670,Podrían mejorar la experiencia en línea con una mejor interfaz.,Sugerencia
9671,La página web es muy lenta y difícil de usar.,Queja
9672,El personal debería recibir más entrenamiento en atención al cliente.,Sugerencia
9673,Sería bueno que ampliaran la cobertura del servicio a más ciudades.,Sugerencia
9674,"La aplicación móvil tiene muchos errores, deberían mejorarla.",Queja
9675,Sería bueno que ampliaran la cobertura del servicio a más ciudades.,Sugerencia
9676,Deberían ofrecer más descuentos para clientes frecuentes.,Sugerencia
9677,No me gusta que el personal no esté bien capacitado.,Queja
9678,Podrían mejorar la experiencia en línea con una mejor interfaz.,Sugerencia
9679,El personal debería recibir más entrenamiento en atención al cliente.,Sugerencia
9680,No me gusta que el personal no esté bien capacitado.,Queja
9681,Sería genial si agregaran más opciones de pago.,Sugerencia
9682,El personal debería recibir más entrenamiento en atención al cliente.,Sugerencia
9683,El producto llegó defectuoso y tardaron en dar solución.,Queja
9684,"Me encantó la atención que recibí, fueron muy atentos.",Sugerencia
9685,La página web es muy lenta y difícil de usar.,Queja
9686,No me gusta que el personal no esté bien capacitado.,Queja
9687,Deberían ofrecer más descuentos para clientes frecuentes.,Sugerencia
9688,Me gustaría que ofrecieran más promociones en productos populares.,Sugerencia
9689,"Me encantó la atención que recibí, fueron muy atentos.",Sugerencia
9690,Podrían mejorar la experiencia en línea con una mejor interfaz.,Sugerencia
9691,No me gusta que el personal no esté bien capacitado.,Queja
9692,Sería genial si agregaran más opciones de pago.,Sugerencia
9693,El servicio telefónico es ineficiente y no resuelven dudas.,Queja
9694,"Me encantó la atención que recibí, fueron muy atentos.",Sugerencia
9695,No responden los correos de atención al cliente.,Queja
9696,No responden los correos de atención al cliente.,Queja
9697,No me gusta que el personal no esté bien capacitado.,Queja
9698,Sería genial si agregaran más opciones de pago.,Sugerencia
9699,No me gusta que el personal no esté bien capacitado.,Queja
9700,El producto llegó defectuoso y tardaron en dar solución.,Queja
9701,El personal debería recibir más entrenamiento en atención al cliente.,Sugerencia
9702,"La aplicación móvil tiene muchos errores, deberían mejorarla.",Queja
9703,El servicio al cliente fue muy lento y poco amable.,Queja
9704,"El sistema de turnos no funciona bien, deberían optimizarlo.",Queja
9705,"Me encantó la atención que recibí, fueron muy atentos.",Sugerencia
9706,La página web es muy lenta y difícil de usar.,Queja
9707,El ambiente en la tienda es muy agradable y acogedor.,Sugerencia
9708,El servicio telefónico es ineficiente y no resuelven dudas.,Queja
9709,Deberían ofrecer más descuentos para clientes frecuentes.,Sugerencia
9710,Sería bueno que ampliaran la cobertura del servicio a más ciudades.,Sugerencia
9711,"Me encantó la atención que recibí, fueron muy atentos.",Sugerencia
9712,"Me encantó la atención que recibí, fueron muy atentos.",Sugerencia
9713,La página web es muy lenta y difícil de usar.,Queja
9714,"Los tiempos de espera son excesivos, deberían mejorarlo.",Queja
9715,No me gusta que el personal no esté bien capacitado.,Queja
9716,"Me encantó la atención que recibí, fueron muy atentos.",Sugerencia
9717,Podrían ampliar el horario de atención para mayor comodidad.,Sugerencia
9718,El servicio telefónico es ineficiente y no resuelven dudas.,Queja
9719,Sería útil que agregaran un chat en vivo para consultas rápidas.,Sugerencia
9720,El ambiente en la tienda es muy agradable y acogedor.,Sugerencia
9721,Podrían ampliar el horario de atención para mayor comodidad.,Sugerencia
9722,El servicio telefónico es ineficiente y no resuelven dudas.,Queja
9723,Sería bueno que ampliaran la cobertura del servicio a más ciudades.,Sugerencia
9724,"El sistema de turnos no funciona bien, deberían optimizarlo.",Queja
9725,Tuve un problema con mi compra y nadie me ayudó.,Queja
9726,Tuve un problema con mi compra y nadie me ayudó.,Queja
9727,No responden los correos de atención al cliente.,Queja
9728,El personal debería recibir más entrenamiento en atención al cliente.,Sugerencia
9729,El personal debería recibir más entrenamiento en atención al cliente.,Sugerencia
9730,"El sistema de turnos no funciona bien, deberían optimizarlo.",Queja
9731,El servicio telefónico es ineficiente y no resuelven dudas.,Queja
9732,Sería útil que agregaran un chat en vivo para consultas rápidas.,Sugerencia
9733,El ambiente en la tienda es muy agradable y acogedor.,Sugerencia
9734,"El sistema de turnos no funciona bien, deberían optimizarlo.",Queja
9735,El ambiente en la tienda es muy agradable y acogedor.,Sugerencia
9736,El servicio al cliente fue muy lento y poco amable.,Queja
9737,"Los tiempos de espera son excesivos, deberían mejorarlo.",Queja
9738,Tuve un problema con mi compra y nadie me ayudó.,Queja
9739,No responden los correos de atención al cliente.,Queja
9740,El servicio al cliente fue muy lento y poco amable.,Queja
9741,Sería genial si agregaran más opciones de pago.,Sugerencia
9742,Podrían mejorar la experiencia en línea con una mejor interfaz.,Sugerencia
9743,Sería genial si agregaran más opciones de pago.,Sugerencia
9744,No me gusta que el personal no esté bien capacitado.,Queja
9745,Deberían ofrecer más descuentos para clientes frecuentes.,Sugerencia
9746,La página web es muy lenta y difícil de usar.,Queja
9747,El servicio telefónico es ineficiente y no resuelven dudas.,Queja
9748,"La aplicación móvil tiene muchos errores, deberían mejorarla.",Queja
9749,El ambiente en la tienda es muy agradable y acogedor.,Sugerencia
9750,Deberían ofrecer más descuentos para clientes frecuentes.,Sugerencia
9751,Podrían ampliar el horario de atención para mayor comodidad.,Sugerencia
9752,"Me encantó la atención que recibí, fueron muy atentos.",Sugerencia
9753,"El sistema de turnos no funciona bien, deberían optimizarlo.",Queja
9754,Me gustaría que ofrecieran más promociones en productos populares.,Sugerencia
9755,Sería útil que agregaran un chat en vivo para consultas rápidas.,Sugerencia
9756,El servicio telefónico es ineficiente y no resuelven dudas.,Queja
9757,No responden los correos de atención al cliente.,Queja
9758,El personal debería recibir más entrenamiento en atención al cliente.,Sugerencia
9759,Me gustaría que ofrecieran más promociones en productos populares.,Sugerencia
9760,Deberían ofrecer más descuentos para clientes frecuentes.,Sugerencia
9761,"El sistema de turnos no funciona bien, deberían optimizarlo.",Queja
9762,El personal debería recibir más entrenamiento en atención al cliente.,Sugerencia
9763,El personal debería recibir más entrenamiento en atención al cliente.,Sugerencia
9764,No responden los correos de atención al cliente.,Queja
9765,"La aplicación móvil tiene muchos errores, deberían mejorarla.",Queja
9766,Sería útil que agregaran un chat en vivo para consultas rápidas.,Sugerencia
9767,No me gusta que el personal no esté bien capacitado.,Queja
9768,Deberían ofrecer más descuentos para clientes frecuentes.,Sugerencia
9769,Sería útil que agregaran un chat en vivo para consultas rápidas.,Sugerencia
9770,Sería útil que agregaran un chat en vivo para consultas rápidas.,Sugerencia
9771,Podrían mejorar la experiencia en línea con una mejor interfaz.,Sugerencia
9772,Sería bueno que ampliaran la cobertura del servicio a más ciudades.,Sugerencia
9773,Sería útil que agregaran un chat en vivo para consultas rápidas.,Sugerencia
9774,El servicio al cliente fue muy lento y poco amable.,Queja
9775,No responden los correos de atención al cliente.,Queja
9776,La página web es muy lenta y difícil de usar.,Queja
9777,La página web es muy lenta y difícil de usar.,Queja
9778,El producto llegó defectuoso y tardaron en dar solución.,Queja
9779,El personal debería recibir más entrenamiento en atención al cliente.,Sugerencia
9780,"Los tiempos de espera son excesivos, deberían mejorarlo.",Queja
9781,Sería bueno que ampliaran la cobertura del servicio a más ciudades.,Sugerencia
9782,Tuve un problema con mi compra y nadie me ayudó.,Queja
9783,"Los tiempos de espera son excesivos, deberían mejorarlo.",Queja
9784,El ambiente en la tienda es muy agradable y acogedor.,Sugerencia
9785,El servicio telefónico es ineficiente y no resuelven dudas.,Queja
9786,Sería bueno que ampliaran la cobertura del servicio a más ciudades.,Sugerencia
9787,"Me encantó la atención que recibí, fueron muy atentos.",Sugerencia
9788,Podrían mejorar la experiencia en línea con una mejor interfaz.,Sugerencia
9789,Podrían ampliar el horario de atención para mayor comodidad.,Sugerencia
9790,El servicio al cliente fue muy lento y poco amable.,Queja
9791,"Los tiempos de espera son excesivos, deberían mejorarlo.",Queja
9792,Sería útil que agregaran un chat en vivo para consultas rápidas.,Sugerencia
9793,El servicio telefónico es ineficiente y no resuelven dudas.,Queja
9794,Podrían mejorar la experiencia en línea con una mejor interfaz.,Sugerencia
9795,No responden los correos de atención al cliente.,Queja
9796,El ambiente en la tienda es muy agradable y acogedor.,Sugerencia
9797,Me gustaría que ofrecieran más promociones en productos populares.,Sugerencia
9798,"El sistema de turnos no funciona bien, deberían optimizarlo.",Queja
9799,"El sistema de turnos no funciona bien, deberían optimizarlo.",Queja
9800,"Los tiempos de espera son excesivos, deberían mejorarlo.",Queja
9801,La página web es muy lenta y difícil de usar.,Queja
9802,No responden los correos de atención al cliente.,Queja
9803,"La aplicación móvil tiene muchos errores, deberían mejorarla.",Queja
9804,Podrían mejorar la experiencia en línea con una mejor interfaz.,Sugerencia
9805,El producto llegó defectuoso y tardaron en dar solución.,Queja
9806,"Me encantó la atención que recibí, fueron muy atentos.",Sugerencia
9807,Tuve un problema con mi compra y nadie me ayudó.,Queja
9808,El producto llegó defectuoso y tardaron en dar solución.,Queja
9809,"El sistema de turnos no funciona bien, deberían optimizarlo.",Queja
9810,No me gusta que el personal no esté bien capacitado.,Queja
9811,"Los tiempos de espera son excesivos, deberían mejorarlo.",Queja
9812,Tuve un problema con mi compra y nadie me ayudó.,Queja
9813,El servicio telefónico es ineficiente y no resuelven dudas.,Queja
9814,Me gustaría que ofrecieran más promociones en productos populares.,Sugerencia
9815,Sería genial si agregaran más opciones de pago.,Sugerencia
9816,"Los tiempos de espera son excesivos, deberían mejorarlo.",Queja
9817,"Los tiempos de espera son excesivos, deberían mejorarlo.",Queja
9818,La página web es muy lenta y difícil de usar.,Queja
9819,Tuve un problema con mi compra y nadie me ayudó.,Queja
9820,"El sistema de turnos no funciona bien, deberían optimizarlo.",Queja
9821,Podrían mejorar la experiencia en línea con una mejor interfaz.,Sugerencia
9822,Sería bueno que ampliaran la cobertura del servicio a más ciudades.,Sugerencia
9823,"La aplicación móvil tiene muchos errores, deberían mejorarla.",Queja
9824,Podrían ampliar el horario de atención para mayor comodidad.,Sugerencia
9825,El producto llegó defectuoso y tardaron en dar solución.,Queja
9826,Sería útil que agregaran un chat en vivo para consultas rápidas.,Sugerencia
9827,"El sistema de turnos no funciona bien, deberían optimizarlo.",Queja
9828,Podrían mejorar la experiencia en línea con una mejor interfaz.,Sugerencia
9829,Podrían ampliar el horario de atención para mayor comodidad.,Sugerencia
9830,No me gusta que el personal no esté bien capacitado.,Queja
9831,Me gustaría que ofrecieran más promociones en productos populares.,Sugerencia
9832,Sería útil que agregaran un chat en vivo para consultas rápidas.,Sugerencia
9833,El personal debería recibir más entrenamiento en atención al cliente.,Sugerencia
9834,El ambiente en la tienda es muy agradable y acogedor.,Sugerencia
9835,Podrían ampliar el horario de atención para mayor comodidad.,Sugerencia
9836,La página web es muy lenta y difícil de usar.,Queja
9837,Me gustaría que ofrecieran más promociones en productos populares.,Sugerencia
9838,"Me encantó la atención que recibí, fueron muy atentos.",Sugerencia
9839,Tuve un problema con mi compra y nadie me ayudó.,Queja
9840,No me gusta que el personal no esté bien capacitado.,Queja
9841,Sería bueno que ampliaran la cobertura del servicio a más ciudades.,Sugerencia
9842,El servicio al cliente fue muy lento y poco amable.,Queja
9843,No responden los correos de atención al cliente.,Queja
9844,No me gusta que el personal no esté bien capacitado.,Queja
9845,Podrían mejorar la experiencia en línea con una mejor interfaz.,Sugerencia
9846,El ambiente en la tienda es muy agradable y acogedor.,Sugerencia
9847,El servicio al cliente fue muy lento y poco amable.,Queja
9848,No me gusta que el personal no esté bien capacitado.,Queja
9849,Me gustaría que ofrecieran más promociones en productos populares.,Sugerencia
9850,El servicio al cliente fue muy lento y poco amable.,Queja
9851,El personal debería recibir más entrenamiento en atención al cliente.,Sugerencia
9852,El ambiente en la tienda es muy agradable y acogedor.,Sugerencia
9853,Deberían ofrecer más descuentos para clientes frecuentes.,Sugerencia
9854,"La aplicación móvil tiene muchos errores, deberían mejorarla.",Queja
9855,Tuve un problema con mi compra y nadie me ayudó.,Queja
9856,Podrían mejorar la experiencia en línea con una mejor interfaz.,Sugerencia
9857,Deberían ofrecer más descuentos para clientes frecuentes.,Sugerencia
9858,La página web es muy lenta y difícil de usar.,Queja
9859,Me gustaría que ofrecieran más promociones en productos populares.,Sugerencia
9860,El personal debería recibir más entrenamiento en atención al cliente.,Sugerencia
9861,Tuve un problema con mi compra y nadie me ayudó.,Queja
9862,"El sistema de turnos no funciona bien, deberían optimizarlo.",Queja
9863,Me gustaría que ofrecieran más promociones en productos populares.,Sugerencia
9864,El producto llegó defectuoso y tardaron en dar solución.,Queja
9865,Tuve un problema con mi compra y nadie me ayudó.,Queja
9866,"Me encantó la atención que recibí, fueron muy atentos.",Sugerencia
9867,Sería bueno que ampliaran la cobertura del servicio a más ciudades.,Sugerencia
9868,"Los tiempos de espera son excesivos, deberían mejorarlo.",Queja
9869,Sería útil que agregaran un chat en vivo para consultas rápidas.,Sugerencia
9870,"Los tiempos de espera son excesivos, deberían mejorarlo.",Queja
9871,El servicio telefónico es ineficiente y no resuelven dudas.,Queja
9872,Podrían mejorar la experiencia en línea con una mejor interfaz.,Sugerencia
9873,El personal debería recibir más entrenamiento en atención al cliente.,Sugerencia
9874,Sería útil que agregaran un chat en vivo para consultas rápidas.,Sugerencia
9875,El servicio telefónico es ineficiente y no resuelven dudas.,Queja
9876,La página web es muy lenta y difícil de usar.,Queja
9877,El servicio telefónico es ineficiente y no resuelven dudas.,Queja
9878,Deberían ofrecer más descuentos para clientes frecuentes.,Sugerencia
9879,Sería bueno que ampliaran la cobertura del servicio a más ciudades.,Sugerencia
9880,El producto llegó defectuoso y tardaron en dar solución.,Queja
9881,El personal debería recibir más entrenamiento en atención al cliente.,Sugerencia
9882,Me gustaría que ofrecieran más promociones en productos populares.,Sugerencia
9883,Podrían mejorar la experiencia en línea con una mejor interfaz.,Sugerencia
9884,El producto llegó defectuoso y tardaron en dar solución.,Queja
9885,Sería genial si agregaran más opciones de pago.,Sugerencia
9886,Podrían mejorar la experiencia en línea con una mejor interfaz.,Sugerencia
9887,La página web es muy lenta y difícil de usar.,Queja
9888,Podrían mejorar la experiencia en línea con una mejor interfaz.,Sugerencia
9889,Sería genial si agregaran más opciones de pago.,Sugerencia
9890,Sería útil que agregaran un chat en vivo para consultas rápidas.,Sugerencia
9891,Podrían mejorar la experiencia en línea con una mejor interfaz.,Sugerencia
9892,No responden los correos de atención al cliente.,Queja
9893,Podrían mejorar la experiencia en línea con una mejor interfaz.,Sugerencia
9894,Sería bueno que ampliaran la cobertura del servicio a más ciudades.,Sugerencia
9895,Podrían ampliar el horario de atención para mayor comodidad.,Sugerencia
9896,El servicio al cliente fue muy lento y poco amable.,Queja
9897,Deberían ofrecer más descuentos para clientes frecuentes.,Sugerencia
9898,El producto llegó defectuoso y tardaron en dar solución.,Queja
9899,"Los tiempos de espera son excesivos, deberían mejorarlo.",Queja
9900,Podrían ampliar el horario de atención para mayor comodidad.,Sugerencia
9901,El ambiente en la tienda es muy agradable y acogedor.,Sugerencia
9902,El personal debería recibir más entrenamiento en atención al cliente.,Sugerencia
9903,"Los tiempos de espera son excesivos, deberían mejorarlo.",Queja
9904,Sería genial si agregaran más opciones de pago.,Sugerencia
9905,"Me encantó la atención que recibí, fueron muy atentos.",Sugerencia
9906,Me gustaría que ofrecieran más promociones en productos populares.,Sugerencia
9907,No me gusta que el personal no esté bien capacitado.,Queja
9908,Sería útil que agregaran un chat en vivo para consultas rápidas.,Sugerencia
9909,Podrían mejorar la experiencia en línea con una mejor interfaz.,Sugerencia
9910,El servicio telefónico es ineficiente y no resuelven dudas.,Queja
9911,Sería útil que agregaran un chat en vivo para consultas rápidas.,Sugerencia
9912,Deberían ofrecer más descuentos para clientes frecuentes.,Sugerencia
9913,El personal debería recibir más entrenamiento en atención al cliente.,Sugerencia
9914,El ambiente en la tienda es muy agradable y acogedor.,Sugerencia
9915,La página web es muy lenta y difícil de usar.,Queja
9916,Sería útil que agregaran un chat en vivo para consultas rápidas.,Sugerencia
9917,"El sistema de turnos no funciona bien, deberían optimizarlo.",Queja
9918,El servicio telefónico es ineficiente y no resuelven dudas.,Queja
9919,No me gusta que el personal no esté bien capacitado.,Queja
9920,Sería genial si agregaran más opciones de pago.,Sugerencia
9921,"Los tiempos de espera son excesivos, deberían mejorarlo.",Queja
9922,Podrían mejorar la experiencia en línea con una mejor interfaz.,Sugerencia
9923,Sería bueno que ampliaran la cobertura del servicio a más ciudades.,Sugerencia
9924,Sería genial si agregaran más opciones de pago.,Sugerencia
9925,El personal debería recibir más entrenamiento en atención al cliente.,Sugerencia
9926,Sería bueno que ampliaran la cobertura del servicio a más ciudades.,Sugerencia
9927,"La aplicación móvil tiene muchos errores, deberían mejorarla.",Queja
9928,"El sistema de turnos no funciona bien, deberían optimizarlo.",Queja
9929,El servicio al cliente fue muy lento y poco amable.,Queja
9930,Sería útil que agregaran un chat en vivo para consultas rápidas.,Sugerencia
9931,El ambiente en la tienda es muy agradable y acogedor.,Sugerencia
9932,El personal debería recibir más entrenamiento en atención al cliente.,Sugerencia
9933,"El sistema de turnos no funciona bien, deberían optimizarlo.",Queja
9934,Sería bueno que ampliaran la cobertura del servicio a más ciudades.,Sugerencia
9935,La página web es muy lenta y difícil de usar.,Queja
9936,La página web es muy lenta y difícil de usar.,Queja
9937,Me gustaría que ofrecieran más promociones en productos populares.,Sugerencia
9938,El servicio al cliente fue muy lento y poco amable.,Queja
9939,El servicio al cliente fue muy lento y poco amable.,Queja
9940,La página web es muy lenta y difícil de usar.,Queja
9941,El personal debería recibir más entrenamiento en atención al cliente.,Sugerencia
9942,Sería útil que agregaran un chat en vivo para consultas rápidas.,Sugerencia
9943,Sería útil que agregaran un chat en vivo para consultas rápidas.,Sugerencia
9944,Tuve un problema con mi compra y nadie me ayudó.,Queja
9945,Tuve un problema con mi compra y nadie me ayudó.,Queja
9946,Me gustaría que ofrecieran más promociones en productos populares.,Sugerencia
9947,No me gusta que el personal no esté bien capacitado.,Queja
9948,"Me encantó la atención que recibí, fueron muy atentos.",Sugerencia
9949,El servicio telefónico es ineficiente y no resuelven dudas.,Queja
9950,El personal debería recibir más entrenamiento en atención al cliente.,Sugerencia
9951,"El sistema de turnos no funciona bien, deberían optimizarlo.",Queja
9952,Podrían mejorar la experiencia en línea con una mejor interfaz.,Sugerencia
9953,No me gusta que el personal no esté bien capacitado.,Queja
9954,"Los tiempos de espera son excesivos, deberían mejorarlo.",Queja
9955,Tuve un problema con mi compra y nadie me ayudó.,Queja
9956,Sería útil que agregaran un chat en vivo para consultas rápidas.,Sugerencia
9957,El servicio telefónico es ineficiente y no resuelven dudas.,Queja
9958,No me gusta que el personal no esté bien capacitado.,Queja
9959,Sería genial si agregaran más opciones de pago.,Sugerencia
9960,La página web es muy lenta y difícil de usar.,Queja
9961,La página web es muy lenta y difícil de usar.,Queja
9962,El producto llegó defectuoso y tardaron en dar solución.,Queja
9963,La página web es muy lenta y difícil de usar.,Queja
9964,El personal debería recibir más entrenamiento en atención al cliente.,Sugerencia
9965,Sería útil que agregaran un chat en vivo para consultas rápidas.,Sugerencia
9966,El servicio al cliente fue muy lento y poco amable.,Queja
9967,El servicio al cliente fue muy lento y poco amable.,Queja
9968,Podrían mejorar la experiencia en línea con una mejor interfaz.,Sugerencia
9969,Sería genial si agregaran más opciones de pago.,Sugerencia
9970,El personal debería recibir más entrenamiento en atención al cliente.,Sugerencia
9971,El servicio telefónico es ineficiente y no resuelven dudas.,Queja
9972,El producto llegó defectuoso y tardaron en dar solución.,Queja
9973,Tuve un problema con mi compra y nadie me ayudó.,Queja
9974,Podrían mejorar la experiencia en línea con una mejor interfaz.,Sugerencia
9975,El ambiente en la tienda es muy agradable y acogedor.,Sugerencia
9976,El producto llegó defectuoso y tardaron en dar solución.,Queja
9977,El producto llegó defectuoso y tardaron en dar solución.,Queja
9978,Deberían ofrecer más descuentos para clientes frecuentes.,Sugerencia
9979,Sería bueno que ampliaran la cobertura del servicio a más ciudades.,Sugerencia
9980,"Los tiempos de espera son excesivos, deberían mejorarlo.",Queja
9981,"El sistema de turnos no funciona bien, deberían optimizarlo.",Queja
9982,Me gustaría que ofrecieran más promociones en productos populares.,Sugerencia
9983,El servicio al cliente fue muy lento y poco amable.,Queja
9984,"Los tiempos de espera son excesivos, deberían mejorarlo.",Queja
9985,El servicio telefónico es ineficiente y no resuelven dudas.,Queja
9986,El producto llegó defectuoso y tardaron en dar solución.,Queja
9987,Sería genial si agregaran más opciones de pago.,Sugerencia
9988,La página web es muy lenta y difícil de usar.,Queja
9989,"Los tiempos de espera son excesivos, deberían mejorarlo.",Queja
9990,"Me encantó la atención que recibí, fueron muy atentos.",Sugerencia
9991,Sería útil que agregaran un chat en vivo para consultas rápidas.,Sugerencia
9992,El producto llegó defectuoso y tardaron en dar solución.,Queja
9993,Sería genial si agregaran más opciones de pago.,Sugerencia
9994,Tuve un problema con mi compra y nadie me ayudó.,Queja
9995,Tuve un problema con mi compra y nadie me ayudó.,Queja
9996,El servicio telefónico es ineficiente y no resuelven dudas.,Queja
9997,Deberían ofrecer más descuentos para clientes frecuentes.,Sugerencia
9998,Sería útil que agregaran un chat en vivo para consultas rápidas.,Sugerencia
9999,El ambiente en la tienda es muy agradable y acogedor.,Sugerencia
10000,"Me encantó la atención que recibí, fueron muy atentos.",Sugerencia
