codigo_postal,latitud,longitud,lat_cp,lon_cp,distancia_km
27000,-58.82131876128838,121.40624284744264,25.54410587,-103.4374945,14948.61320430926
27250,-62.14465521038706,122.62939453125,25.52327761,-103.4135488,14716.344140341376
25016,25.41907,100.92985,25.41668788,-100.92689,13894.151745741408
25016,25.41907,100.92985,25.41668788,-100.92689,13894.151745741408
25297,25.462855,100.948472,25.4515192,-100.9511326,13884.413668200636
27000,-68.64855644136614,145.54687500000003,25.54410587,-103.4374945,13487.18430140688
00000,27.788055555555,-103.8847222222,0.0,0.0,11370.449505134111
00000,27.021388888888,-103.7388888888,0.0,0.0,11365.730097200085
00000,27.580555555555,-103.8044444444,0.0,0.0,11365.22094572089
00000,25.289722222222,-103.5005555555,0.0,0.0,11362.52784785529
00000,25.289722222222,-103.5005555555,0.0,0.0,11362.52784785529
00000,25.289722222222,-103.5005555555,0.0,0.0,11362.52784785529
00000,25.28388792148812,-103.4997189036767,0.0,0.0,11362.51035154003
00000,25.2887423,-103.4993544,0.0,0.0,11362.4188325286
00000,25.2887,-103.499296,0.0,0.0,11362.413471538015
00000,25.313055555555,-103.4866666666,0.0,0.0,11360.87421318695
00000,27.994166666666,-103.8094444444,0.0,0.0,11360.474736658296
00000,27.994166666666,-103.8094444444,0.0,0.0,11360.474736658296
00000,25.297971,-103.47677,0.0,0.0,11360.055526001574
00000,25.298107,-103.476669,0.0,0.0,11360.043884580631
00000,25.3275,-103.4775,0.0,0.0,11359.79382606099
00000,25.3275,-103.4775,0.0,0.0,11359.79382606099
00000,27.288888888888,-103.7005555555,0.0,0.0,11358.666885079334
00000,27.288888888888,-103.7005555555,0.0,0.0,11358.666885079334
00000,27.288839444444,-103.6999386111,0.0,0.0,11358.606906802537
00000,26.689722222222,-103.6252777777,0.0,0.0,11358.55866757658
00000,26.689722222222,-103.6252777777,0.0,0.0,11358.55866757658
00000,26.689722222222,-103.6252777777,0.0,0.0,11358.55866757658
00000,28.043055555555,-103.7911111111,0.0,0.0,11358.063828735876
00000,28.043055555555,-103.7911111111,0.0,0.0,11358.063828735876
00000,28.043055555555,-103.7911111111,0.0,0.0,11358.063828735876
00000,28.043055555555,-103.7911111111,0.0,0.0,11358.063828735876
00000,28.043055555555,-103.7911111111,0.0,0.0,11358.063828735876
00000,28.043055555555,-103.7911111111,0.0,0.0,11358.063828735876
00000,28.043055555555,-103.7911111111,0.0,0.0,11358.063828735876
00000,28.0419,-103.79,0.0,0.0,11357.970231662568
00000,25.528918,-103.4792299,0.0,0.0,11357.67382671937
00000,25.217222222222,-103.4427777777,0.0,0.0,11357.566997016273
00000,25.2159408,-103.4424561,0.0,0.0,11357.54923840855
00000,28.0400194444444,-103.784213888889,0.0,0.0,11357.430075419441
00000,25.5345409,-103.4759892,0.0,0.0,11357.286143428906
00000,25.53302,-103.474336,0.0,0.0,11357.138522964447
00000,25.5328274,-103.4734488,0.0,0.0,11357.052176371108
00000,25.538113333333,-103.4685244444,0.0,0.0,11356.500341028348
00000,27.2926888888889,-103.678738888889,0.0,0.0,11356.477428858016
00000,25.542762222222,-103.4665019444,0.0,0.0,11356.245406914673
00000,25.526175833333,-103.4641980555,0.0,0.0,11356.20481873675
00000,25.5388708,-103.4655789,0.0,0.0,11356.197725336468
00000,25.537531111111,-103.4626663888,0.0,0.0,11355.92234891555
00000,25.544448333333,-103.4633658333,0.0,0.0,11355.913181339038
00000,25.534778611111,-103.4621813888,0.0,0.0,11355.905361847153
00000,25.546213333333,-103.4624802777,0.0,0.0,11355.804654341375
00000,25.5440204,-103.4621656,0.0,0.0,11355.798289329754
00000,25.542834166666,-103.4619525,0.0,0.0,11355.790565655949
00000,25.5409638888889,-103.461502777778,0.0,0.0,11355.767035179073
00000,25.530982222222,-103.4603077777,0.0,0.0,11355.761688143724
00000,25.537980277777,-103.4609252777,0.0,0.0,11355.743456825321
00000,25.531154,-103.459468,0.0,0.0,11355.675912241977
00000,25.5369875,-103.4599136111,0.0,0.0,11355.653821240487
00000,25.538151944444,-103.4594869444,0.0,0.0,11355.597950220268
00000,25.540821944444,-103.4587911111,0.0,0.0,11355.498034419097
00000,25.542491,-103.457759,0.0,0.0,11355.375983082047
00000,25.542491,-103.457759,0.0,0.0,11355.375983082047
00000,25.549159166666,-103.4584611111,0.0,0.0,11355.369937502104
00000,25.538820555555,-103.4567211111,0.0,0.0,11355.314287582252
00000,25.5355805555556,-103.456197222222,0.0,0.0,11355.29896845565
00000,25.547389722222,-103.4575202777,0.0,0.0,11355.296247977705
00000,25.548549,-103.456721,0.0,0.0,11355.203253423408
00000,25.5370108,-103.4553495,0.0,0.0,11355.198046437039
00000,25.540482,-103.455411,0.0,0.0,11355.164581249059
00000,25.528461111111,-103.4537138888,0.0,0.0,11355.13231810443
00000,25.538277,-103.454608,0.0,0.0,11355.109598194595
00000,27.288,-103.663,0.0,0.0,11354.989508724882
00000,25.552648,-103.454795,0.0,0.0,11354.964269737113
00000,25.542061666666,-103.4530844444,0.0,0.0,11354.914371067565
00000,27.288333333333,-103.6622222222,0.0,0.0,11354.909016129415
00000,27.288333333333,-103.6622222222,0.0,0.0,11354.909016129415
00000,27.288333333333,-103.6622222222,0.0,0.0,11354.909016129415
00000,27.288333333333,-103.6622222222,0.0,0.0,11354.909016129415
00000,25.5418,-103.453,0.0,0.0,11354.908928818491
00000,25.5418,-103.453,0.0,0.0,11354.908928818491
00000,25.5418,-103.453,0.0,0.0,11354.908928818491
00000,25.5418,-103.453,0.0,0.0,11354.908928818491
00000,25.5418,-103.453,0.0,0.0,11354.908928818491
00000,25.5418,-103.453,0.0,0.0,11354.908928818491
00000,25.5418,-103.453,0.0,0.0,11354.908928818491
00000,25.5418,-103.453,0.0,0.0,11354.908928818491
00000,25.5418,-103.453,0.0,0.0,11354.908928818491
00000,25.5418,-103.453,0.0,0.0,11354.908928818491
00000,25.5418,-103.453,0.0,0.0,11354.908928818491
00000,25.5418,-103.453,0.0,0.0,11354.908928818491
00000,25.5418,-103.453,0.0,0.0,11354.908928818491
00000,25.5418,-103.453,0.0,0.0,11354.908928818491
00000,25.5418,-103.453,0.0,0.0,11354.908928818491
00000,25.5418,-103.453,0.0,0.0,11354.908928818491
00000,25.5418,-103.453,0.0,0.0,11354.908928818491
00000,25.5418,-103.453,0.0,0.0,11354.908928818491
00000,25.5418,-103.453,0.0,0.0,11354.908928818491
00000,25.5418,-103.453,0.0,0.0,11354.908928818491
00000,25.5418,-103.453,0.0,0.0,11354.908928818491
00000,25.5418,-103.453,0.0,0.0,11354.908928818491
00000,25.5418,-103.453,0.0,0.0,11354.908928818491
00000,25.5418,-103.453,0.0,0.0,11354.908928818491
00000,25.5418,-103.453,0.0,0.0,11354.908928818491
00000,25.5418,-103.453,0.0,0.0,11354.908928818491
00000,25.5418,-103.453,0.0,0.0,11354.908928818491
00000,25.5418,-103.453,0.0,0.0,11354.908928818491
00000,25.5418,-103.453,0.0,0.0,11354.908928818491
00000,25.5418,-103.453,0.0,0.0,11354.908928818491
00000,25.5418,-103.453,0.0,0.0,11354.908928818491
00000,25.5418,-103.453,0.0,0.0,11354.908928818491
00000,25.5418,-103.453,0.0,0.0,11354.908928818491
00000,25.5418,-103.453,0.0,0.0,11354.908928818491
00000,25.5418,-103.453,0.0,0.0,11354.908928818491
00000,25.5418,-103.453,0.0,0.0,11354.908928818491
00000,25.5418,-103.453,0.0,0.0,11354.908928818491
00000,25.5418,-103.453,0.0,0.0,11354.908928818491
00000,25.5418,-103.453,0.0,0.0,11354.908928818491
00000,25.5418,-103.453,0.0,0.0,11354.908928818491
00000,25.5418,-103.453,0.0,0.0,11354.908928818491
00000,25.5418,-103.453,0.0,0.0,11354.908928818491
00000,25.5418,-103.453,0.0,0.0,11354.908928818491
00000,25.5418,-103.453,0.0,0.0,11354.908928818491
00000,25.5418,-103.453,0.0,0.0,11354.908928818491
00000,25.5418,-103.453,0.0,0.0,11354.908928818491
00000,25.5418,-103.453,0.0,0.0,11354.908928818491
00000,25.5418,-103.453,0.0,0.0,11354.908928818491
00000,25.5418,-103.453,0.0,0.0,11354.908928818491
00000,25.5418,-103.453,0.0,0.0,11354.908928818491
00000,25.5418,-103.453,0.0,0.0,11354.908928818491
00000,25.5418,-103.453,0.0,0.0,11354.908928818491
00000,25.5418,-103.453,0.0,0.0,11354.908928818491
00000,25.5418,-103.453,0.0,0.0,11354.908928818491
00000,25.5418,-103.453,0.0,0.0,11354.908928818491
00000,25.539800833333,-103.4527622222,0.0,0.0,11354.908004586223
00000,25.539766388888,-103.4517394444,0.0,0.0,11354.806323905052
00000,25.543111388888,-103.4521063888,0.0,0.0,11354.804787787725
00000,25.538476,-103.451483,0.0,0.0,11354.795448526258
00000,25.539514,-103.451059,0.0,0.0,11354.74129391123
00000,25.36943,-103.431585,0.0,0.0,11354.728823158403
00000,25.546596944444,-103.4512808333,0.0,0.0,11354.682636350055
00000,25.369298,-103.431081,0.0,0.0,11354.679942397599
00000,25.542671111111,-103.4507841666,0.0,0.0,11354.677855421909
00000,25.54365,-103.44974,0.0,0.0,11354.562484564754
00000,25.54365,-103.44974,0.0,0.0,11354.562484564754
00000,25.53825,-103.449039,0.0,0.0,11354.554110455088
00000,25.54308,-103.44949,0.0,0.0,11354.544036562986
00000,25.557186,-103.450879,0.0,0.0,11354.521709094592
00000,25.543051666666,-103.4491769444,0.0,0.0,11354.513117482777
00000,25.543283888888,-103.4490847222,0.0,0.0,11354.50126533877
00000,25.537000555555,-103.4472491666,0.0,0.0,11354.389726975767
00000,25.541674166666,-103.4472769444,0.0,0.0,11354.339209854803
00000,25.536876666666,-103.4466330555,0.0,0.0,11354.329649530222
00000,25.538055555555,-103.4462222222,0.0,0.0,11354.275207059449
00000,25.5445955,-103.4469619,0.0,0.0,11354.274455314218
00000,25.56352,-103.448315,0.0,0.0,11354.193577219961
00000,25.571505,-103.449226,0.0,0.0,11354.193323950227
00000,25.542743611111,-103.4452611111,0.0,0.0,11354.12583792963
00000,25.542743611111,-103.4452611111,0.0,0.0,11354.12583792963
00000,25.53779,-103.444476,0.0,0.0,11354.10395698966
00000,25.53779,-103.444476,0.0,0.0,11354.10395698966
00000,25.543261388888,-103.4449038888,0.0,0.0,11354.084284217208
00000,25.544155555555,-103.4449055555,0.0,0.0,11354.07425532176
00000,25.542954,-103.444642,0.0,0.0,11354.061652939521
00000,25.536224,-103.44372,0.0,0.0,11354.046355603416
00000,25.535912,-103.443508,0.0,0.0,11354.02875316605
00000,25.541153,-103.444081,0.0,0.0,11354.026198495822
00000,25.542608,-103.444184,0.0,0.0,11354.019890073565
00000,25.542608333333,-103.4441838888,0.0,0.0,11354.019875175683
00000,25.541109,-103.443926,0.0,0.0,11354.011231124165
00000,27.844166666666,-103.7236111111,0.0,0.0,11353.997253390296
00000,27.844166666666,-103.7236111111,0.0,0.0,11353.997253390296
00000,25.5444032,-103.4437412,0.0,0.0,11353.955232491302
00000,25.569982,-103.446541,0.0,0.0,11353.942817542997
00000,25.5662555555556,-103.445858333333,0.0,0.0,11353.917234035789
00000,25.575289,-103.446854,0.0,0.0,11353.91346464314
00000,25.546515,-103.443119,0.0,0.0,11353.86906193334
00000,25.550654,-103.443579,0.0,0.0,11353.867771593294
00000,25.561752777777,-103.4448030555,0.0,0.0,11353.863318302285
00000,25.565166666666,-103.4451388888,0.0,0.0,11353.85787494761
00000,25.546476,-103.442964,0.0,0.0,11353.854038326725
00000,25.549835833333,-103.4431991666,0.0,0.0,11353.839197080255
00000,25.545685,-103.442502,0.0,0.0,11353.816950949249
00000,25.563243611111,-103.4440694444,0.0,0.0,11353.773108396406
00000,25.53694,-103.44104,0.0,0.0,11353.770720954737
00000,25.572405833333,-103.4450433333,0.0,0.0,11353.765724378756
00000,25.53535,-103.440805,0.0,0.0,11353.765385519113
00000,25.544444,-103.441667,0.0,0.0,11353.747768255644
00000,25.544444,-103.441667,0.0,0.0,11353.747768255644
00000,25.544444,-103.441667,0.0,0.0,11353.747768255644
00000,25.544444,-103.441667,0.0,0.0,11353.747768255644
00000,25.544444,-103.441667,0.0,0.0,11353.747768255644
00000,25.544444444444,-103.4416666666,0.0,0.0,11353.747729916873
00000,25.544444444444,-103.4416666666,0.0,0.0,11353.747729916873
00000,25.544444444444,-103.4416666666,0.0,0.0,11353.747729916873
00000,25.544444444444,-103.4416666666,0.0,0.0,11353.747729916873
00000,25.544444444444,-103.4416666666,0.0,0.0,11353.747729916873
00000,25.544444444444,-103.4416666666,0.0,0.0,11353.747729916873
00000,25.544444444444,-103.4416666666,0.0,0.0,11353.747729916873
00000,25.544444444444,-103.4416666666,0.0,0.0,11353.747729916873
00000,25.544444444444,-103.4416666666,0.0,0.0,11353.747729916873
00000,25.544444444444,-103.4416666666,0.0,0.0,11353.747729916873
00000,25.544444444444,-103.4416666666,0.0,0.0,11353.747729916873
00000,25.544444444444,-103.4416666666,0.0,0.0,11353.747729916873
00000,25.544444444444,-103.4416666666,0.0,0.0,11353.747729916873
00000,25.544444444444,-103.4416666666,0.0,0.0,11353.747729916873
00000,25.544444444444,-103.4416666666,0.0,0.0,11353.747729916873
00000,25.544444444444,-103.4416666666,0.0,0.0,11353.747729916873
00000,25.544444444444,-103.4416666666,0.0,0.0,11353.747729916873
00000,25.544444444444,-103.4416666666,0.0,0.0,11353.747729916873
00000,25.544444444444,-103.4416666666,0.0,0.0,11353.747729916873
00000,25.544444444444,-103.4416666666,0.0,0.0,11353.747729916873
00000,25.544444444444,-103.4416666666,0.0,0.0,11353.747729916873
00000,25.544444444444,-103.4416666666,0.0,0.0,11353.747729916873
00000,25.544444444444,-103.4416666666,0.0,0.0,11353.747729916873
00000,25.544444444444,-103.4416666666,0.0,0.0,11353.747729916873
00000,25.544444444444,-103.4416666666,0.0,0.0,11353.747729916873
00000,25.544444444444,-103.4416666666,0.0,0.0,11353.747729916873
00000,25.544444444444,-103.4416666666,0.0,0.0,11353.747729916873
00000,25.544444444444,-103.4416666666,0.0,0.0,11353.747729916873
00000,25.544444444444,-103.4416666666,0.0,0.0,11353.747729916873
00000,25.544444444444,-103.4416666666,0.0,0.0,11353.747729916873
00000,25.544444444444,-103.4416666666,0.0,0.0,11353.747729916873
00000,25.544444444444,-103.4416666666,0.0,0.0,11353.747729916873
00000,25.544444444444,-103.4416666666,0.0,0.0,11353.747729916873
00000,25.544444444444,-103.4416666666,0.0,0.0,11353.747729916873
00000,25.544444444444,-103.4416666666,0.0,0.0,11353.747729916873
00000,25.544444444444,-103.4416666666,0.0,0.0,11353.747729916873
00000,25.544444444444,-103.4416666666,0.0,0.0,11353.747729916873
00000,25.544444444444,-103.4416666666,0.0,0.0,11353.747729916873
00000,25.544444444444,-103.4416666666,0.0,0.0,11353.747729916873
00000,25.544444444444,-103.4416666666,0.0,0.0,11353.747729916873
00000,25.544444444444,-103.4416666666,0.0,0.0,11353.747729916873
00000,25.544444444444,-103.4416666666,0.0,0.0,11353.747729916873
00000,25.544444444444,-103.4416666666,0.0,0.0,11353.747729916873
00000,25.544444444444,-103.4416666666,0.0,0.0,11353.747729916873
00000,25.544444444444,-103.4416666666,0.0,0.0,11353.747729916873
00000,25.544444444444,-103.4416666666,0.0,0.0,11353.747729916873
00000,25.544444444444,-103.4416666666,0.0,0.0,11353.747729916873
00000,25.544444444444,-103.4416666666,0.0,0.0,11353.747729916873
00000,25.544444444444,-103.4416666666,0.0,0.0,11353.747729916873
00000,25.544444444444,-103.4416666666,0.0,0.0,11353.747729916873
00000,25.544444444444,-103.4416666666,0.0,0.0,11353.747729916873
00000,25.544444444444,-103.4416666666,0.0,0.0,11353.747729916873
00000,25.544444444444,-103.4416666666,0.0,0.0,11353.747729916873
00000,25.544444444444,-103.4416666666,0.0,0.0,11353.747729916873
00000,25.544444444444,-103.4416666666,0.0,0.0,11353.747729916873
00000,25.544444444444,-103.4416666666,0.0,0.0,11353.747729916873
00000,25.544444444444,-103.4416666666,0.0,0.0,11353.747729916873
00000,25.544444444444,-103.4416666666,0.0,0.0,11353.747729916873
00000,25.544444444444,-103.4416666666,0.0,0.0,11353.747729916873
00000,25.544444444444,-103.4416666666,0.0,0.0,11353.747729916873
00000,25.544444444444,-103.4416666666,0.0,0.0,11353.747729916873
00000,25.544444444444,-103.4416666666,0.0,0.0,11353.747729916873
00000,25.544444444444,-103.4416666666,0.0,0.0,11353.747729916873
00000,25.544444444444,-103.4416666666,0.0,0.0,11353.747729916873
00000,25.544444444444,-103.4416666666,0.0,0.0,11353.747729916873
00000,25.544444444444,-103.4416666666,0.0,0.0,11353.747729916873
00000,25.544444444444,-103.4416666666,0.0,0.0,11353.747729916873
00000,25.544444444444,-103.4416666666,0.0,0.0,11353.747729916873
00000,25.544444444444,-103.4416666666,0.0,0.0,11353.747729916873
00000,25.544444444444,-103.4416666666,0.0,0.0,11353.747729916873
00000,25.544444444444,-103.4416666666,0.0,0.0,11353.747729916873
00000,25.544444444444,-103.4416666666,0.0,0.0,11353.747729916873
00000,25.544444444444,-103.4416666666,0.0,0.0,11353.747729916873
00000,25.544444444444,-103.4416666666,0.0,0.0,11353.747729916873
00000,25.544444444444,-103.4416666666,0.0,0.0,11353.747729916873
00000,25.544444444444,-103.4416666666,0.0,0.0,11353.747729916873
00000,25.544444444444,-103.4416666666,0.0,0.0,11353.747729916873
00000,25.544444444444,-103.4416666666,0.0,0.0,11353.747729916873
00000,25.544444444444,-103.4416666666,0.0,0.0,11353.747729916873
00000,25.544444444444,-103.4416666666,0.0,0.0,11353.747729916873
00000,25.544444444444,-103.4416666666,0.0,0.0,11353.747729916873
00000,25.544444444444,-103.4416666666,0.0,0.0,11353.747729916873
00000,25.544444444444,-103.4416666666,0.0,0.0,11353.747729916873
00000,25.544444444444,-103.4416666666,0.0,0.0,11353.747729916873
00000,25.544444444444,-103.4416666666,0.0,0.0,11353.747729916873
00000,25.544444444444,-103.4416666666,0.0,0.0,11353.747729916873
00000,25.544444444444,-103.4416666666,0.0,0.0,11353.747729916873
00000,25.544444444444,-103.4416666666,0.0,0.0,11353.747729916873
00000,25.544444444444,-103.4416666666,0.0,0.0,11353.747729916873
00000,25.544444444444,-103.4416666666,0.0,0.0,11353.747729916873
00000,25.544444444444,-103.4416666666,0.0,0.0,11353.747729916873
00000,25.544444444444,-103.4416666666,0.0,0.0,11353.747729916873
00000,25.544444444444,-103.4416666666,0.0,0.0,11353.747729916873
00000,25.544444444444,-103.4416666666,0.0,0.0,11353.747729916873
00000,25.544444444444,-103.4416666666,0.0,0.0,11353.747729916873
00000,25.544444444444,-103.4416666666,0.0,0.0,11353.747729916873
00000,25.544444444444,-103.4416666666,0.0,0.0,11353.747729916873
00000,25.544444444444,-103.4416666666,0.0,0.0,11353.747729916873
00000,25.544444444444,-103.4416666666,0.0,0.0,11353.747729916873
00000,25.544444444444,-103.4416666666,0.0,0.0,11353.747729916873
00000,25.544444444444,-103.4416666666,0.0,0.0,11353.747729916873
00000,25.544444444444,-103.4416666666,0.0,0.0,11353.747729916873
00000,25.544444444444,-103.4416666666,0.0,0.0,11353.747729916873
00000,25.544444444444,-103.4416666666,0.0,0.0,11353.747729916873
00000,25.544444444444,-103.4416666666,0.0,0.0,11353.747729916873
00000,25.544444444444,-103.4416666666,0.0,0.0,11353.747729916873
00000,25.544444444444,-103.4416666666,0.0,0.0,11353.747729916873
00000,25.544444444444,-103.4416666666,0.0,0.0,11353.747729916873
00000,25.544444444444,-103.4416666666,0.0,0.0,11353.747729916873
00000,25.544444444444,-103.4416666666,0.0,0.0,11353.747729916873
00000,25.544444444444,-103.4416666666,0.0,0.0,11353.747729916873
00000,25.544444444444,-103.4416666666,0.0,0.0,11353.747729916873
00000,25.544444444444,-103.4416666666,0.0,0.0,11353.747729916873
00000,25.544444444444,-103.4416666666,0.0,0.0,11353.747729916873
00000,25.544444444444,-103.4416666666,0.0,0.0,11353.747729916873
00000,25.544444444444,-103.4416666666,0.0,0.0,11353.747729916873
00000,25.544444444444,-103.4416666666,0.0,0.0,11353.747729916873
00000,25.544444444444,-103.4416666666,0.0,0.0,11353.747729916873
00000,25.544444444444,-103.4416666666,0.0,0.0,11353.747729916873
00000,25.544444444444,-103.4416666666,0.0,0.0,11353.747729916873
00000,25.544444444444,-103.4416666666,0.0,0.0,11353.747729916873
00000,25.544444444444,-103.4416666666,0.0,0.0,11353.747729916873
00000,25.544444444444,-103.4416666666,0.0,0.0,11353.747729916873
00000,25.544444444444,-103.4416666666,0.0,0.0,11353.747729916873
00000,25.544444444444,-103.4416666666,0.0,0.0,11353.747729916873
00000,25.544444444444,-103.4416666666,0.0,0.0,11353.747729916873
00000,25.544444444444,-103.4416666666,0.0,0.0,11353.747729916873
00000,25.544444444444,-103.4416666666,0.0,0.0,11353.747729916873
00000,25.544444444444,-103.4416666666,0.0,0.0,11353.747729916873
00000,25.544444444444,-103.4416666666,0.0,0.0,11353.747729916873
00000,25.544444444444,-103.4416666666,0.0,0.0,11353.747729916873
00000,25.544444444444,-103.4416666666,0.0,0.0,11353.747729916873
00000,25.544444444444,-103.4416666666,0.0,0.0,11353.747729916873
00000,25.544444444444,-103.4416666666,0.0,0.0,11353.747729916873
00000,25.544444444444,-103.4416666666,0.0,0.0,11353.747729916873
00000,25.544444444444,-103.4416666666,0.0,0.0,11353.747729916873
00000,25.544444444444,-103.4416666666,0.0,0.0,11353.747729916873
00000,25.544444444444,-103.4416666666,0.0,0.0,11353.747729916873
00000,25.544444444444,-103.4416666666,0.0,0.0,11353.747729916873
00000,25.544444444444,-103.4416666666,0.0,0.0,11353.747729916873
00000,25.544444444444,-103.4416666666,0.0,0.0,11353.747729916873
00000,25.544444444444,-103.4416666666,0.0,0.0,11353.747729916873
00000,25.544444444444,-103.4416666666,0.0,0.0,11353.747729916873
00000,25.544444444444,-103.4416666666,0.0,0.0,11353.747729916873
00000,25.544444444444,-103.4416666666,0.0,0.0,11353.747729916873
00000,25.544444444444,-103.4416666666,0.0,0.0,11353.747729916873
00000,25.544444444444,-103.4416666666,0.0,0.0,11353.747729916873
00000,25.544444444444,-103.4416666666,0.0,0.0,11353.747729916873
00000,25.544444444444,-103.4416666666,0.0,0.0,11353.747729916873
00000,25.544444444444,-103.4416666666,0.0,0.0,11353.747729916873
00000,25.544444444444,-103.4416666666,0.0,0.0,11353.747729916873
00000,25.544444444444,-103.4416666666,0.0,0.0,11353.747729916873
00000,25.544444444444,-103.4416666666,0.0,0.0,11353.747729916873
00000,25.544444444444,-103.4416666666,0.0,0.0,11353.747729916873
00000,25.544444444444,-103.4416666666,0.0,0.0,11353.747729916873
00000,25.544444444444,-103.4416666666,0.0,0.0,11353.747729916873
00000,25.544444444444,-103.4416666666,0.0,0.0,11353.747729916873
00000,25.544444444444,-103.4416666666,0.0,0.0,11353.747729916873
00000,25.544444444444,-103.4416666666,0.0,0.0,11353.747729916873
00000,25.544444444444,-103.4416666666,0.0,0.0,11353.747729916873
00000,25.544444444444,-103.4416666666,0.0,0.0,11353.747729916873
00000,25.544444444444,-103.4416666666,0.0,0.0,11353.747729916873
00000,25.544444444444,-103.4416666666,0.0,0.0,11353.747729916873
00000,25.544444444444,-103.4416666666,0.0,0.0,11353.747729916873
00000,25.544444444444,-103.4416666666,0.0,0.0,11353.747729916873
00000,25.544444444444,-103.4416666666,0.0,0.0,11353.747729916873
00000,25.544444444444,-103.4416666666,0.0,0.0,11353.747729916873
00000,25.544444444444,-103.4416666666,0.0,0.0,11353.747729916873
00000,25.544444444444,-103.4416666666,0.0,0.0,11353.747729916873
00000,25.544444444444,-103.4416666666,0.0,0.0,11353.747729916873
00000,25.544444444444,-103.4416666666,0.0,0.0,11353.747729916873
00000,25.544444444444,-103.4416666666,0.0,0.0,11353.747729916873
00000,25.544444444444,-103.4416666666,0.0,0.0,11353.747729916873
00000,25.544444444444,-103.4416666666,0.0,0.0,11353.747729916873
00000,25.544444444444,-103.4416666666,0.0,0.0,11353.747729916873
00000,25.544444444444,-103.4416666666,0.0,0.0,11353.747729916873
00000,25.544444444444,-103.4416666666,0.0,0.0,11353.747729916873
00000,25.544444444444,-103.4416666666,0.0,0.0,11353.747729916873
00000,25.544444444444,-103.4416666666,0.0,0.0,11353.747729916873
00000,25.544444444444,-103.4416666666,0.0,0.0,11353.747729916873
00000,25.544444444444,-103.4416666666,0.0,0.0,11353.747729916873
00000,25.544444444444,-103.4416666666,0.0,0.0,11353.747729916873
00000,25.544444444444,-103.4416666666,0.0,0.0,11353.747729916873
00000,25.544444444444,-103.4416666666,0.0,0.0,11353.747729916873
00000,25.544444444444,-103.4416666666,0.0,0.0,11353.747729916873
00000,25.544444444444,-103.4416666666,0.0,0.0,11353.747729916873
00000,25.544444444444,-103.4416666666,0.0,0.0,11353.747729916873
00000,25.544444444444,-103.4416666666,0.0,0.0,11353.747729916873
00000,25.544444444444,-103.4416666666,0.0,0.0,11353.747729916873
00000,25.544444444444,-103.4416666666,0.0,0.0,11353.747729916873
00000,25.544444444444,-103.4416666666,0.0,0.0,11353.747729916873
00000,25.544444444444,-103.4416666666,0.0,0.0,11353.747729916873
00000,25.544444444444,-103.4416666666,0.0,0.0,11353.747729916873
00000,25.544444444444,-103.4416666666,0.0,0.0,11353.747729916873
00000,25.544444444444,-103.4416666666,0.0,0.0,11353.747729916873
00000,25.544444444444,-103.4416666666,0.0,0.0,11353.747729916873
00000,25.544444444444,-103.4416666666,0.0,0.0,11353.747729916873
00000,25.544444444444,-103.4416666666,0.0,0.0,11353.747729916873
00000,25.544444444444,-103.4416666666,0.0,0.0,11353.747729916873
00000,25.544444444444,-103.4416666666,0.0,0.0,11353.747729916873
00000,25.544444444444,-103.4416666666,0.0,0.0,11353.747729916873
00000,25.544444444444,-103.4416666666,0.0,0.0,11353.747729916873
00000,25.544444444444,-103.4416666666,0.0,0.0,11353.747729916873
00000,25.544444444444,-103.4416666666,0.0,0.0,11353.747729916873
00000,25.544444444444,-103.4416666666,0.0,0.0,11353.747729916873
00000,25.544444444444,-103.4416666666,0.0,0.0,11353.747729916873
00000,25.544444444444,-103.4416666666,0.0,0.0,11353.747729916873
00000,25.544444444444,-103.4416666666,0.0,0.0,11353.747729916873
00000,25.544444444444,-103.4416666666,0.0,0.0,11353.747729916873
00000,25.544444444444,-103.4416666666,0.0,0.0,11353.747729916873
00000,25.544444444444,-103.4416666666,0.0,0.0,11353.747729916873
00000,25.544444444444,-103.4416666666,0.0,0.0,11353.747729916873
00000,25.544444444444,-103.4416666666,0.0,0.0,11353.747729916873
00000,25.544444444444,-103.4416666666,0.0,0.0,11353.747729916873
00000,25.544444444444,-103.4416666666,0.0,0.0,11353.747729916873
00000,25.544444444444,-103.4416666666,0.0,0.0,11353.747729916873
00000,25.544444444444,-103.4416666666,0.0,0.0,11353.747729916873
00000,25.544444444444,-103.4416666666,0.0,0.0,11353.747729916873
00000,25.544444444444,-103.4416666666,0.0,0.0,11353.747729916873
00000,25.544444444444,-103.4416666666,0.0,0.0,11353.747729916873
00000,25.544444444444,-103.4416666666,0.0,0.0,11353.747729916873
00000,25.544444444444,-103.4416666666,0.0,0.0,11353.747729916873
00000,25.544444444444,-103.4416666666,0.0,0.0,11353.747729916873
00000,25.544444444444,-103.4416666666,0.0,0.0,11353.747729916873
00000,25.544444444444,-103.4416666666,0.0,0.0,11353.747729916873
00000,25.544444444444,-103.4416666666,0.0,0.0,11353.747729916873
00000,25.544444444444,-103.4416666666,0.0,0.0,11353.747729916873
00000,25.544444444444,-103.4416666666,0.0,0.0,11353.747729916873
00000,25.544444444444,-103.4416666666,0.0,0.0,11353.747729916873
00000,25.544444444444,-103.4416666666,0.0,0.0,11353.747729916873
00000,25.544444444444,-103.4416666666,0.0,0.0,11353.747729916873
00000,25.544444444444,-103.4416666666,0.0,0.0,11353.747729916873
00000,25.544444444444,-103.4416666666,0.0,0.0,11353.747729916873
00000,25.544444444444,-103.4416666666,0.0,0.0,11353.747729916873
00000,25.544444444444,-103.4416666666,0.0,0.0,11353.747729916873
00000,25.544444444444,-103.4416666666,0.0,0.0,11353.747729916873
00000,25.544444444444,-103.4416666666,0.0,0.0,11353.747729916873
00000,25.544444444444,-103.4416666666,0.0,0.0,11353.747729916873
00000,25.544444444444,-103.4416666666,0.0,0.0,11353.747729916873
00000,25.544444444444,-103.4416666666,0.0,0.0,11353.747729916873
00000,25.544444444444,-103.4416666666,0.0,0.0,11353.747729916873
00000,25.544444444444,-103.4416666666,0.0,0.0,11353.747729916873
00000,25.544444444444,-103.4416666666,0.0,0.0,11353.747729916873
00000,25.544444444444,-103.4416666666,0.0,0.0,11353.747729916873
00000,25.544444444444,-103.4416666666,0.0,0.0,11353.747729916873
00000,25.544444444444,-103.4416666666,0.0,0.0,11353.747729916873
00000,25.544444444444,-103.4416666666,0.0,0.0,11353.747729916873
00000,25.544444444444,-103.4416666666,0.0,0.0,11353.747729916873
00000,25.544444444444,-103.4416666666,0.0,0.0,11353.747729916873
00000,25.544444444444,-103.4416666666,0.0,0.0,11353.747729916873
00000,25.544444444444,-103.4416666666,0.0,0.0,11353.747729916873
00000,25.544444444444,-103.4416666666,0.0,0.0,11353.747729916873
00000,25.544444444444,-103.4416666666,0.0,0.0,11353.747729916873
00000,25.544444444444,-103.4416666666,0.0,0.0,11353.747729916873
00000,25.544444444444,-103.4416666666,0.0,0.0,11353.747729916873
00000,25.544444444444,-103.4416666666,0.0,0.0,11353.747729916873
00000,25.544444444444,-103.4416666666,0.0,0.0,11353.747729916873
00000,25.544444444444,-103.4416666666,0.0,0.0,11353.747729916873
00000,25.544444444444,-103.4416666666,0.0,0.0,11353.747729916873
00000,25.544444444444,-103.4416666666,0.0,0.0,11353.747729916873
00000,25.544444444444,-103.4416666666,0.0,0.0,11353.747729916873
00000,25.544444444444,-103.4416666666,0.0,0.0,11353.747729916873
00000,25.544444444444,-103.4416666666,0.0,0.0,11353.747729916873
00000,25.544444444444,-103.4416666666,0.0,0.0,11353.747729916873
00000,25.544444444444,-103.4416666666,0.0,0.0,11353.747729916873
00000,25.544444444444,-103.4416666666,0.0,0.0,11353.747729916873
00000,25.544444444444,-103.4416666666,0.0,0.0,11353.747729916873
00000,25.544444444444,-103.4416666666,0.0,0.0,11353.747729916873
00000,25.544444444444,-103.4416666666,0.0,0.0,11353.747729916873
00000,25.544444444444,-103.4416666666,0.0,0.0,11353.747729916873
00000,25.544444444444,-103.4416666666,0.0,0.0,11353.747729916873
00000,25.544444444444,-103.4416666666,0.0,0.0,11353.747729916873
00000,25.544444444444,-103.4416666666,0.0,0.0,11353.747729916873
00000,25.544444444444,-103.4416666666,0.0,0.0,11353.747729916873
00000,25.544444444444,-103.4416666666,0.0,0.0,11353.747729916873
00000,25.544444444444,-103.4416666666,0.0,0.0,11353.747729916873
00000,25.544444444444,-103.4416666666,0.0,0.0,11353.747729916873
00000,25.544444444444,-103.4416666666,0.0,0.0,11353.747729916873
00000,25.544444444444,-103.4416666666,0.0,0.0,11353.747729916873
00000,25.544444444444,-103.4416666666,0.0,0.0,11353.747729916873
00000,25.544444444444,-103.4416666666,0.0,0.0,11353.747729916873
00000,25.544444444444,-103.4416666666,0.0,0.0,11353.747729916873
00000,25.544444444444,-103.4416666666,0.0,0.0,11353.747729916873
00000,25.544444444444,-103.4416666666,0.0,0.0,11353.747729916873
00000,25.544444444444,-103.4416666666,0.0,0.0,11353.747729916873
00000,25.544444444444,-103.4416666666,0.0,0.0,11353.747729916873
00000,25.544444444444,-103.4416666666,0.0,0.0,11353.747729916873
00000,25.544444444444,-103.4416666666,0.0,0.0,11353.747729916873
00000,25.544444444444,-103.4416666666,0.0,0.0,11353.747729916873
00000,25.544444444444,-103.4416666666,0.0,0.0,11353.747729916873
00000,25.544444444444,-103.4416666666,0.0,0.0,11353.747729916873
00000,25.544444444444,-103.4416666666,0.0,0.0,11353.747729916873
00000,25.544444444444,-103.4416666666,0.0,0.0,11353.747729916873
00000,25.544444444444,-103.4416666666,0.0,0.0,11353.747729916873
00000,25.544444444444,-103.4416666666,0.0,0.0,11353.747729916873
00000,25.544444444444,-103.4416666666,0.0,0.0,11353.747729916873
00000,25.544444444444,-103.4416666666,0.0,0.0,11353.747729916873
00000,25.544444444444,-103.4416666666,0.0,0.0,11353.747729916873
00000,25.544444444444,-103.4416666666,0.0,0.0,11353.747729916873
00000,25.544444444444,-103.4416666666,0.0,0.0,11353.747729916873
00000,25.544444444444,-103.4416666666,0.0,0.0,11353.747729916873
00000,25.544444444444,-103.4416666666,0.0,0.0,11353.747729916873
00000,25.544444444444,-103.4416666666,0.0,0.0,11353.747729916873
00000,25.544444444444,-103.4416666666,0.0,0.0,11353.747729916873
00000,25.544444444444,-103.4416666666,0.0,0.0,11353.747729916873
00000,25.544444444444,-103.4416666666,0.0,0.0,11353.747729916873
00000,25.544444444444,-103.4416666666,0.0,0.0,11353.747729916873
00000,25.544444444444,-103.4416666666,0.0,0.0,11353.747729916873
00000,25.544444444444,-103.4416666666,0.0,0.0,11353.747729916873
00000,25.544444444444,-103.4416666666,0.0,0.0,11353.747729916873
00000,25.544444444444,-103.4416666666,0.0,0.0,11353.747729916873
00000,25.544444444444,-103.4416666666,0.0,0.0,11353.747729916873
00000,25.544444444444,-103.4416666666,0.0,0.0,11353.747729916873
00000,25.544444444444,-103.4416666666,0.0,0.0,11353.747729916873
00000,25.544444444444,-103.4416666666,0.0,0.0,11353.747729916873
00000,25.544444444444,-103.4416666666,0.0,0.0,11353.747729916873
00000,25.544444444444,-103.4416666666,0.0,0.0,11353.747729916873
00000,25.544444444444,-103.4416666666,0.0,0.0,11353.747729916873
00000,25.544444444444,-103.4416666666,0.0,0.0,11353.747729916873
00000,25.544444444444,-103.4416666666,0.0,0.0,11353.747729916873
00000,25.544444444444,-103.4416666666,0.0,0.0,11353.747729916873
00000,25.544444444444,-103.4416666666,0.0,0.0,11353.747729916873
00000,25.544444444444,-103.4416666666,0.0,0.0,11353.747729916873
00000,25.544444444444,-103.4416666666,0.0,0.0,11353.747729916873
00000,25.544444444444,-103.4416666666,0.0,0.0,11353.747729916873
00000,25.544444444444,-103.4416666666,0.0,0.0,11353.747729916873
00000,25.544444444444,-103.4416666666,0.0,0.0,11353.747729916873
00000,25.544444444444,-103.4416666666,0.0,0.0,11353.747729916873
00000,25.544444444444,-103.4416666666,0.0,0.0,11353.747729916873
00000,25.544444444444,-103.4416666666,0.0,0.0,11353.747729916873
00000,25.544444444444,-103.4416666666,0.0,0.0,11353.747729916873
00000,25.544444444444,-103.4416666666,0.0,0.0,11353.747729916873
00000,25.544444444444,-103.4416666666,0.0,0.0,11353.747729916873
00000,25.544444444444,-103.4416666666,0.0,0.0,11353.747729916873
00000,25.544444444444,-103.4416666666,0.0,0.0,11353.747729916873
00000,25.544444444444,-103.4416666666,0.0,0.0,11353.747729916873
00000,25.544444444444,-103.4416666666,0.0,0.0,11353.747729916873
00000,25.544444444444,-103.4416666666,0.0,0.0,11353.747729916873
00000,25.544444444444,-103.4416666666,0.0,0.0,11353.747729916873
00000,25.544444444444,-103.4416666666,0.0,0.0,11353.747729916873
00000,25.544444444444,-103.4416666666,0.0,0.0,11353.747729916873
00000,25.544444444444,-103.4416666666,0.0,0.0,11353.747729916873
00000,25.544444444444,-103.4416666666,0.0,0.0,11353.747729916873
00000,25.544444444444,-103.4416666666,0.0,0.0,11353.747729916873
00000,25.544444444444,-103.4416666666,0.0,0.0,11353.747729916873
00000,25.544444444444,-103.4416666666,0.0,0.0,11353.747729916873
00000,25.544444444444,-103.4416666666,0.0,0.0,11353.747729916873
00000,25.544444444444,-103.4416666666,0.0,0.0,11353.747729916873
00000,25.544444444444,-103.4416666666,0.0,0.0,11353.747729916873
00000,25.544444444444,-103.4416666666,0.0,0.0,11353.747729916873
00000,25.544444444444,-103.4416666666,0.0,0.0,11353.747729916873
00000,25.544444444444,-103.4416666666,0.0,0.0,11353.747729916873
00000,25.544444444444,-103.4416666666,0.0,0.0,11353.747729916873
00000,25.544444444444,-103.4416666666,0.0,0.0,11353.747729916873
00000,25.544444444444,-103.4416666666,0.0,0.0,11353.747729916873
00000,25.544444444444,-103.4416666666,0.0,0.0,11353.747729916873
00000,25.544444444444,-103.4416666666,0.0,0.0,11353.747729916873
00000,25.544444444444,-103.4416666666,0.0,0.0,11353.747729916873
00000,25.544444444444,-103.4416666666,0.0,0.0,11353.747729916873
00000,25.544444444444,-103.4416666666,0.0,0.0,11353.747729916873
00000,25.544444444444,-103.4416666666,0.0,0.0,11353.747729916873
00000,25.544444444444,-103.4416666666,0.0,0.0,11353.747729916873
00000,25.544444444444,-103.4416666666,0.0,0.0,11353.747729916873
00000,25.544444444444,-103.4416666666,0.0,0.0,11353.747729916873
00000,25.544444444444,-103.4416666666,0.0,0.0,11353.747729916873
00000,25.544444444444,-103.4416666666,0.0,0.0,11353.747729916873
00000,25.544444444444,-103.4416666666,0.0,0.0,11353.747729916873
00000,25.544444444444,-103.4416666666,0.0,0.0,11353.747729916873
00000,25.544444444444,-103.4416666666,0.0,0.0,11353.747729916873
00000,25.544444444444,-103.4416666666,0.0,0.0,11353.747729916873
00000,25.544444444444,-103.4416666666,0.0,0.0,11353.747729916873
00000,25.544444444444,-103.4416666666,0.0,0.0,11353.747729916873
00000,25.544444444444,-103.4416666666,0.0,0.0,11353.747729916873
00000,25.544444444444,-103.4416666666,0.0,0.0,11353.747729916873
00000,25.544444444444,-103.4416666666,0.0,0.0,11353.747729916873
00000,25.544444444444,-103.4416666666,0.0,0.0,11353.747729916873
00000,25.544444444444,-103.4416666666,0.0,0.0,11353.747729916873
00000,25.544444444444,-103.4416666666,0.0,0.0,11353.747729916873
00000,25.544444444444,-103.4416666666,0.0,0.0,11353.747729916873
00000,25.544444444444,-103.4416666666,0.0,0.0,11353.747729916873
00000,25.544444444444,-103.4416666666,0.0,0.0,11353.747729916873
00000,25.544444444444,-103.4416666666,0.0,0.0,11353.747729916873
00000,25.544444444444,-103.4416666666,0.0,0.0,11353.747729916873
00000,25.544444444444,-103.4416666666,0.0,0.0,11353.747729916873
00000,25.544444444444,-103.4416666666,0.0,0.0,11353.747729916873
00000,25.544444444444,-103.4416666666,0.0,0.0,11353.747729916873
00000,25.544444444444,-103.4416666666,0.0,0.0,11353.747729916873
00000,25.544444444444,-103.4416666666,0.0,0.0,11353.747729916873
00000,25.544444444444,-103.4416666666,0.0,0.0,11353.747729916873
00000,25.544444444444,-103.4416666666,0.0,0.0,11353.747729916873
00000,25.544444444444,-103.4416666666,0.0,0.0,11353.747729916873
00000,25.544444444444,-103.4416666666,0.0,0.0,11353.747729916873
00000,25.544444444444,-103.4416666666,0.0,0.0,11353.747729916873
00000,25.544444444444,-103.4416666666,0.0,0.0,11353.747729916873
00000,25.544444444444,-103.4416666666,0.0,0.0,11353.747729916873
00000,25.544444444444,-103.4416666666,0.0,0.0,11353.747729916873
00000,25.544444444444,-103.4416666666,0.0,0.0,11353.747729916873
00000,25.544444444444,-103.4416666666,0.0,0.0,11353.747729916873
00000,25.544444444444,-103.4416666666,0.0,0.0,11353.747729916873
00000,25.544444444444,-103.4416666666,0.0,0.0,11353.747729916873
00000,25.544444444444,-103.4416666666,0.0,0.0,11353.747729916873
00000,25.544444444444,-103.4416666666,0.0,0.0,11353.747729916873
00000,25.544444444444,-103.4416666666,0.0,0.0,11353.747729916873
00000,25.544444444444,-103.4416666666,0.0,0.0,11353.747729916873
00000,25.544444444444,-103.4416666666,0.0,0.0,11353.747729916873
00000,25.544444444444,-103.4416666666,0.0,0.0,11353.747729916873
00000,25.544444444444,-103.4416666666,0.0,0.0,11353.747729916873
00000,25.544444444444,-103.4416666666,0.0,0.0,11353.747729916873
00000,25.544444444444,-103.4416666666,0.0,0.0,11353.747729916873
00000,25.544444444444,-103.4416666666,0.0,0.0,11353.747729916873
00000,25.544444444444,-103.4416666666,0.0,0.0,11353.747729916873
00000,25.544444444444,-103.4416666666,0.0,0.0,11353.747729916873
00000,25.544444444444,-103.4416666666,0.0,0.0,11353.747729916873
00000,25.544444444444,-103.4416666666,0.0,0.0,11353.747729916873
00000,25.544444444444,-103.4416666666,0.0,0.0,11353.747729916873
00000,25.544444444444,-103.4416666666,0.0,0.0,11353.747729916873
00000,25.544444444444,-103.4416666666,0.0,0.0,11353.747729916873
00000,25.544444444444,-103.4416666666,0.0,0.0,11353.747729916873
00000,25.544444444444,-103.4416666666,0.0,0.0,11353.747729916873
00000,25.544444444444,-103.4416666666,0.0,0.0,11353.747729916873
00000,25.544444444444,-103.4416666666,0.0,0.0,11353.747729916873
00000,25.544444444444,-103.4416666666,0.0,0.0,11353.747729916873
00000,25.544444444444,-103.4416666666,0.0,0.0,11353.747729916873
00000,25.544444444444,-103.4416666666,0.0,0.0,11353.747729916873
00000,25.544444444444,-103.4416666666,0.0,0.0,11353.747729916873
00000,25.544444444444,-103.4416666666,0.0,0.0,11353.747729916873
00000,25.544444444444,-103.4416666666,0.0,0.0,11353.747729916873
00000,25.544444444444,-103.4416666666,0.0,0.0,11353.747729916873
00000,25.544444444444,-103.4416666666,0.0,0.0,11353.747729916873
00000,25.544444444444,-103.4416666666,0.0,0.0,11353.747729916873
00000,25.544444444444,-103.4416666666,0.0,0.0,11353.747729916873
00000,25.544444444444,-103.4416666666,0.0,0.0,11353.747729916873
00000,25.544444444444,-103.4416666666,0.0,0.0,11353.747729916873
00000,25.544444444444,-103.4416666666,0.0,0.0,11353.747729916873
00000,25.544444444444,-103.4416666666,0.0,0.0,11353.747729916873
00000,25.544444444444,-103.4416666666,0.0,0.0,11353.747729916873
00000,25.544444444444,-103.4416666666,0.0,0.0,11353.747729916873
00000,25.544444444444,-103.4416666666,0.0,0.0,11353.747729916873
00000,25.544444444444,-103.4416666666,0.0,0.0,11353.747729916873
00000,25.544444444444,-103.4416666666,0.0,0.0,11353.747729916873
00000,25.544444444444,-103.4416666666,0.0,0.0,11353.747729916873
00000,25.544444444444,-103.4416666666,0.0,0.0,11353.747729916873
00000,25.544444444444,-103.4416666666,0.0,0.0,11353.747729916873
00000,25.544444444444,-103.4416666666,0.0,0.0,11353.747729916873
00000,25.544444444444,-103.4416666666,0.0,0.0,11353.747729916873
00000,25.544444444444,-103.4416666666,0.0,0.0,11353.747729916873
00000,25.544444444444,-103.4416666666,0.0,0.0,11353.747729916873
00000,25.544444444444,-103.4416666666,0.0,0.0,11353.747729916873
00000,25.544444444444,-103.4416666666,0.0,0.0,11353.747729916873
00000,25.544444444444,-103.4416666666,0.0,0.0,11353.747729916873
00000,25.544444444444,-103.4416666666,0.0,0.0,11353.747729916873
00000,25.544444444444,-103.4416666666,0.0,0.0,11353.747729916873
00000,25.544444444444,-103.4416666666,0.0,0.0,11353.747729916873
00000,25.544444444444,-103.4416666666,0.0,0.0,11353.747729916873
00000,25.544444444444,-103.4416666666,0.0,0.0,11353.747729916873
00000,25.544444444444,-103.4416666666,0.0,0.0,11353.747729916873
00000,25.544444444444,-103.4416666666,0.0,0.0,11353.747729916873
00000,25.544444444444,-103.4416666666,0.0,0.0,11353.747729916873
00000,25.544444444444,-103.4416666666,0.0,0.0,11353.747729916873
00000,25.544444444444,-103.4416666666,0.0,0.0,11353.747729916873
00000,25.544444444444,-103.4416666666,0.0,0.0,11353.747729916873
00000,25.544444444444,-103.4416666666,0.0,0.0,11353.747729916873
00000,25.544444444444,-103.4416666666,0.0,0.0,11353.747729916873
00000,25.544444444444,-103.4416666666,0.0,0.0,11353.747729916873
00000,25.544444444444,-103.4416666666,0.0,0.0,11353.747729916873
00000,25.544444444444,-103.4416666666,0.0,0.0,11353.747729916873
00000,25.544444444444,-103.4416666666,0.0,0.0,11353.747729916873
00000,25.544444444444,-103.4416666666,0.0,0.0,11353.747729916873
00000,25.544444444444,-103.4416666666,0.0,0.0,11353.747729916873
00000,25.544444444444,-103.4416666666,0.0,0.0,11353.747729916873
00000,25.544444444444,-103.4416666666,0.0,0.0,11353.747729916873
00000,25.544444444444,-103.4416666666,0.0,0.0,11353.747729916873
00000,25.544444444444,-103.4416666666,0.0,0.0,11353.747729916873
00000,25.544444444444,-103.4416666666,0.0,0.0,11353.747729916873
00000,25.544444444444,-103.4416666666,0.0,0.0,11353.747729916873
00000,25.544444444444,-103.4416666666,0.0,0.0,11353.747729916873
00000,25.544444444444,-103.4416666666,0.0,0.0,11353.747729916873
00000,25.544444444444,-103.4416666666,0.0,0.0,11353.747729916873
00000,25.544444444444,-103.4416666666,0.0,0.0,11353.747729916873
00000,25.544444444444,-103.4416666666,0.0,0.0,11353.747729916873
00000,25.544444444444,-103.4416666666,0.0,0.0,11353.747729916873
00000,25.544444444444,-103.4416666666,0.0,0.0,11353.747729916873
00000,25.544444444444,-103.4416666666,0.0,0.0,11353.747729916873
00000,25.544444444444,-103.4416666666,0.0,0.0,11353.747729916873
00000,25.544444444444,-103.4416666666,0.0,0.0,11353.747729916873
00000,25.544444444444,-103.4416666666,0.0,0.0,11353.747729916873
00000,25.544444444444,-103.4416666666,0.0,0.0,11353.747729916873
00000,25.544444444444,-103.4416666666,0.0,0.0,11353.747729916873
00000,25.544444444444,-103.4416666666,0.0,0.0,11353.747729916873
00000,25.544444444444,-103.4416666666,0.0,0.0,11353.747729916873
00000,25.544444444444,-103.4416666666,0.0,0.0,11353.747729916873
00000,25.544444444444,-103.4416666666,0.0,0.0,11353.747729916873
00000,25.544444444444,-103.4416666666,0.0,0.0,11353.747729916873
00000,25.544444444444,-103.4416666666,0.0,0.0,11353.747729916873
00000,25.544444444444,-103.4416666666,0.0,0.0,11353.747729916873
00000,25.544444444444,-103.4416666666,0.0,0.0,11353.747729916873
00000,25.544444444444,-103.4416666666,0.0,0.0,11353.747729916873
00000,25.544444444444,-103.4416666666,0.0,0.0,11353.747729916873
00000,25.544444444444,-103.4416666666,0.0,0.0,11353.747729916873
00000,25.544444444444,-103.4416666666,0.0,0.0,11353.747729916873
00000,25.544444444444,-103.4416666666,0.0,0.0,11353.747729916873
00000,25.544444444444,-103.4416666666,0.0,0.0,11353.747729916873
00000,25.544444444444,-103.4416666666,0.0,0.0,11353.747729916873
00000,25.544444444444,-103.4416666666,0.0,0.0,11353.747729916873
00000,25.544444444444,-103.4416666666,0.0,0.0,11353.747729916873
00000,25.544444444444,-103.4416666666,0.0,0.0,11353.747729916873
00000,25.544444444444,-103.4416666666,0.0,0.0,11353.747729916873
00000,25.544444444444,-103.4416666666,0.0,0.0,11353.747729916873
00000,25.544444444444,-103.4416666666,0.0,0.0,11353.747729916873
00000,25.544444444444,-103.4416666666,0.0,0.0,11353.747729916873
00000,25.544444444444,-103.4416666666,0.0,0.0,11353.747729916873
00000,25.544444444444,-103.4416666666,0.0,0.0,11353.747729916873
00000,25.544444444444,-103.4416666666,0.0,0.0,11353.747729916873
00000,25.544444444444,-103.4416666666,0.0,0.0,11353.747729916873
00000,25.544444444444,-103.4416666666,0.0,0.0,11353.747729916873
00000,25.544444444444,-103.4416666666,0.0,0.0,11353.747729916873
00000,25.544444444444,-103.4416666666,0.0,0.0,11353.747729916873
00000,25.544444444444,-103.4416666666,0.0,0.0,11353.747729916873
00000,25.544444444444,-103.4416666666,0.0,0.0,11353.747729916873
00000,25.544444444444,-103.4416666666,0.0,0.0,11353.747729916873
00000,25.544444444444,-103.4416666666,0.0,0.0,11353.747729916873
00000,25.544444444444,-103.4416666666,0.0,0.0,11353.747729916873
00000,25.544444444444,-103.4416666666,0.0,0.0,11353.747729916873
00000,25.544444444444,-103.4416666666,0.0,0.0,11353.747729916873
00000,25.534890700939787,-103.44056814908984,0.0,0.0,11353.746980118034
00000,25.5238111111111,-103.438444444444,0.0,0.0,11353.661223316536
00000,25.53583,-103.43973,0.0,0.0,11353.652625794444
00000,25.573131944444,-103.4433522222,0.0,0.0,11353.588711079632
00000,25.5226244,-103.4373878,0.0,0.0,11353.569266937842
00000,25.567702777777,-103.4420483333,0.0,0.0,11353.52056859963
00000,25.539062222222,-103.4382,0.0,0.0,11353.463097978223
00000,25.539062222222,-103.4382,0.0,0.0,11353.463097978223
00000,25.5426231,-103.4381999,0.0,0.0,11353.422512101171
00000,25.5340721,-103.4370756,0.0,0.0,11353.407728776276
00000,25.562023333333,-103.4402488888,0.0,0.0,11353.405808654996
00000,25.563238888888,-103.4402505555,0.0,0.0,11353.392110732359
00000,25.5395805555556,-103.437266666667,0.0,0.0,11353.364043686783
00000,25.533561944444,-103.43606,0.0,0.0,11353.312175957753
00000,25.538349444444,-103.4359813888,0.0,0.0,11353.249795732594
00000,25.535326111111,-103.4355344444,0.0,0.0,11353.239627994304
00000,25.3925618,-103.4186029,0.0,0.0,11353.169588572202
00000,25.392777777777,-103.4186111111,0.0,0.0,11353.167964918784
00000,25.392777777777,-103.4186111111,0.0,0.0,11353.167964918784
00000,25.392777777777,-103.4186111111,0.0,0.0,11353.167964918784
00000,25.3917,-103.418,0.0,0.0,11353.119092469356
00000,25.535314722222,-103.4341872222,0.0,0.0,11353.105297337166
00000,25.536879166666,-103.4341236111,0.0,0.0,11353.081130485138
00000,25.568451111111,-103.4375902777,0.0,0.0,11353.067221841919
00000,25.535079166666,-103.4335063888,0.0,0.0,11353.040028890238
00000,25.5350136,-103.4329397,0.0,0.0,11352.984216627778
00000,25.5402565,-103.4325464,0.0,0.0,11352.885253229884
00000,25.5402565,-103.4324793,0.0,0.0,11352.878556547033
00000,25.5718555,-103.435237,0.0,0.0,11352.793594639208
00000,25.572212,-103.435205,0.0,0.0,11352.786335942976
00000,25.5388186,-103.4307287,0.0,0.0,11352.7202184771
00000,25.5388068,-103.4307157,0.0,0.0,11352.71905541226
00000,25.5388552,-103.430705,0.0,0.0,11352.717436362835
00000,25.541041111111,-103.4307994444,0.0,0.0,11352.701968806106
00000,25.542603,-103.430942,0.0,0.0,11352.698407644712
00000,25.527458888888,-103.4291088888,0.0,0.0,11352.68787347741
00000,25.546208,-103.430718,0.0,0.0,11352.634992058442
00000,25.5780378,-103.4342882,0.0,0.0,11352.628416719646
00000,25.558733888888,-103.4318797222,0.0,0.0,11352.608205349832
00000,25.535823,-103.429225,0.0,0.0,11352.604251578465
00000,25.551928055555,-103.4295030555,0.0,0.0,11352.448589198717
00000,25.535346,-103.427547,0.0,0.0,11352.442207488657
00000,25.563076,-103.429805,0.0,0.0,11352.351695900474
00000,25.541510833333,-103.4270008333,0.0,0.0,11352.317515132365
00000,25.54256,-103.426993,0.0,0.0,11352.304787919347
00000,25.564314722222,-103.4286327777,0.0,0.0,11352.220612838018
00000,25.548595555555,-103.4267602777,0.0,0.0,11352.212835950431
00000,25.502063055555,-103.4213788888,0.0,0.0,11352.205055960443
00000,25.549746111111,-103.4264408333,0.0,0.0,11352.16785443062
00000,25.166388888888,-103.3822222222,0.0,0.0,11352.075907719762
00000,25.5625138888889,-103.4266,0.0,0.0,11352.038299173826
00000,25.563099444444,-103.4259561111,0.0,0.0,11351.967378826173
00000,25.59537,-103.429543,0.0,0.0,11351.957299068343
00000,25.537546388888,-103.4225863888,0.0,0.0,11351.922067343421
00000,25.56328,-103.425492,0.0,0.0,11351.91901172774
00000,25.5434695,-103.4231535,0.0,0.0,11351.911252750797
00000,25.538522777777,-103.4225733333,0.0,0.0,11351.909652886427
00000,25.563317,-103.424977,0.0,0.0,11351.867202433856
00000,25.5385023,-103.422107,0.0,0.0,11351.863344056963
00000,25.547933,-103.42093,0.0,0.0,11351.638545368856
00000,25.547933,-103.42093,0.0,0.0,11351.638545368856
00000,25.547933,-103.42093,0.0,0.0,11351.638545368856
00000,25.547933,-103.42093,0.0,0.0,11351.638545368856
00000,25.547933,-103.42093,0.0,0.0,11351.638545368856
00000,25.547933,-103.42093,0.0,0.0,11351.638545368856
00000,25.548135,-103.42093,0.0,0.0,11351.636246035774
00000,25.5480305555556,-103.420833333333,0.0,0.0,11351.627787993804
00000,25.5480305555556,-103.420833333333,0.0,0.0,11351.627787993804
00000,25.5480305555556,-103.420833333333,0.0,0.0,11351.627787993804
00000,25.5480305555556,-103.420833333333,0.0,0.0,11351.627787993804
00000,25.5480305555556,-103.420833333333,0.0,0.0,11351.627787993804
00000,25.5480305555556,-103.420833333333,0.0,0.0,11351.627787993804
00000,25.5480305555556,-103.420833333333,0.0,0.0,11351.627787993804
00000,25.5480666666667,-103.420786111111,0.0,0.0,11351.622664376022
00000,25.5480666666667,-103.420786111111,0.0,0.0,11351.622664376022
00000,25.5480666666667,-103.420786111111,0.0,0.0,11351.622664376022
00000,25.5480666666667,-103.420786111111,0.0,0.0,11351.622664376022
00000,25.5480666666667,-103.420786111111,0.0,0.0,11351.622664376022
00000,25.5480666666667,-103.420786111111,0.0,0.0,11351.622664376022
00000,25.5480666666667,-103.420786111111,0.0,0.0,11351.622664376022
00000,25.563986388888,-103.4225447222,0.0,0.0,11351.616879722254
00000,25.5396461,-103.4178688,0.0,0.0,11351.427342011457
00000,25.539678611111,-103.4175133333,0.0,0.0,11351.391495415135
00000,25.140555555555,-103.3725,0.0,0.0,11351.391212205022
00000,27.415555555555,-103.6422222222,0.0,0.0,11351.376968086139
00000,25.5755677,-103.4214465,0.0,0.0,11351.375360285067
00000,25.555140833333,-103.4189547222,0.0,0.0,11351.359377234012
00000,25.537286693579865,-103.41595083475114,0.0,0.0,11351.262759930398
00000,25.545852222222,-103.4168019444,0.0,0.0,11351.250258826447
00000,25.5325166666667,-103.414977777778,0.0,0.0,11351.219889461194
00000,25.580935277777,-103.4203113888,0.0,0.0,11351.200946229783
00000,25.578950555555,-103.4193091666,0.0,0.0,11351.12357241129
00000,25.5396972222222,-103.410325,0.0,0.0,11350.673862703843
00000,25.538424722222,-103.4100425,0.0,0.0,11350.660136028087
00000,25.510748055555,-103.4061163888,0.0,0.0,11350.582705473833
00000,25.510748055555,-103.4061163888,0.0,0.0,11350.582705473833
00000,25.510395555555,-103.4058544444,0.0,0.0,11350.56055813238
00000,25.513886388888,-103.4059402777,0.0,0.0,11350.52948829726
00000,27.016944444444,-103.5838888888,0.0,0.0,11350.523022913587
00000,25.5001125,-103.4033330555,0.0,0.0,11350.425560540305
00000,25.542468888888,-103.4076430555,0.0,0.0,11350.37468467898
00000,25.553996,-103.408648,0.0,0.0,11350.343890830374
00000,25.5110083333333,-103.403613888889,0.0,0.0,11350.329927511124
00000,25.517652,-103.404162,0.0,0.0,11350.30921026584
00000,25.558241,-103.408514,0.0,0.0,11350.28223041753
00000,25.558241,-103.408514,0.0,0.0,11350.28223041753
00000,25.5309916666667,-103.405352777778,0.0,0.0,11350.276545433077
00000,25.525848,-103.404314,0.0,0.0,11350.231296777813
00000,25.5135292,-103.4023617,0.0,0.0,11350.176305467676
00000,25.541400555555,-103.4051977777,0.0,0.0,11350.142785113749
00000,25.6050805555556,-103.410913888889,0.0,0.0,11349.988304161523
00000,25.5156551,-103.4002053,0.0,0.0,11349.936906646351
00000,25.550734166666,-103.4030911111,0.0,0.0,11349.826443367007
00000,25.119722222222,-103.3541666666,0.0,0.0,11349.78744534862
00000,25.5910972222222,-103.407022222222,0.0,0.0,11349.759410462213
00000,25.3875,-103.3833333333,0.0,0.0,11349.702143362134
00000,25.518104,-103.397928,0.0,0.0,11349.681778664584
00000,25.12203166952585,-103.35320457816124,0.0,0.0,11349.665324463984
00000,25.522429722222,-103.3977447222,0.0,0.0,11349.614380865938
00000,25.496430277777,-103.3945511111,0.0,0.0,11349.590532914894
00000,25.5297903,-103.3980633,0.0,0.0,11349.562609802622
00000,25.52547,-103.3974819444,0.0,0.0,11349.55363557043
00000,25.6051248,-103.4062627,0.0,0.0,11349.523858040646
00000,25.605,-103.406239,0.0,0.0,11349.522915938427
00000,25.579093,-103.403221,0.0,0.0,11349.516842314184
00000,25.5789361111111,-103.403063888889,0.0,0.0,11349.50295272243
00000,25.5228083333333,-103.395619444444,0.0,0.0,11349.397938397522
00000,25.5228083333333,-103.395619444444,0.0,0.0,11349.397938397522
00000,25.5228083333333,-103.395619444444,0.0,0.0,11349.397938397522
00000,25.572275833333,-103.4010388888,0.0,0.0,11349.376690756177
00000,25.575226666666,-103.4006725,0.0,0.0,11349.306565906603
00000,25.597881,-103.403206,0.0,0.0,11349.301462868762
00000,25.516575,-103.393915,0.0,0.0,11349.298535037186
00000,25.510599722222,-103.3928511111,0.0,0.0,11349.260117058131
00000,25.510599722222,-103.3928511111,0.0,0.0,11349.260117058131
00000,25.5773464,-103.4001422,0.0,0.0,11349.229541129984
00000,25.5975138888889,-103.401705555556,0.0,0.0,11349.155968012137
00000,25.5128325,-103.3919791666,0.0,0.0,11349.147744560792
00000,25.5211346,-103.3927284,0.0,0.0,11349.12834771986
00000,25.640555555555,-103.4058333333,0.0,0.0,11349.077104754002
00000,25.6413361111111,-103.405505555556,0.0,0.0,11349.035515756963
00000,25.6412331,-103.4054307,0.0,0.0,11349.029226604709
00000,25.533618,-103.393024,0.0,0.0,11349.016167567439
00000,25.533618,-103.393024,0.0,0.0,11349.016167567439
00000,25.531151388888,-103.3923116666,0.0,0.0,11348.973068923318
00000,25.566556,-103.395449,0.0,0.0,11348.88398291724
00000,25.378333333333,-103.3730555555,0.0,0.0,11348.778337524996
00000,25.378333333333,-103.3730555555,0.0,0.0,11348.778337524996
00000,25.378333333333,-103.3730555555,0.0,0.0,11348.778337524996
00000,25.547512,-103.391863,0.0,0.0,11348.742528604454
00000,25.550357777777,-103.3917055555,0.0,0.0,11348.694494213167
00000,25.577844722222,-103.3942627777,0.0,0.0,11348.637272138789
00000,25.527546,-103.386671,0.0,0.0,11348.45096183889
00000,25.376666666666,-103.3686111111,0.0,0.0,11348.352907502509
00000,25.510755555555,-103.3836377777,0.0,0.0,11348.338575268883
00000,25.5362925,-103.3864444444,0.0,0.0,11348.329108351503
00000,25.540220833333,-103.3864880555,0.0,0.0,11348.288879097448
00000,25.505125277777,-103.3802794444,0.0,0.0,11348.0671052657
00000,25.3725,-103.3641666666,0.0,0.0,11347.95561690814
00000,25.3725,-103.3641666666,0.0,0.0,11347.95561690814
00000,25.460833333333,-103.3738888888,0.0,0.0,11347.930266931866
00000,25.460833333333,-103.3738888888,0.0,0.0,11347.930266931866
00000,25.460833333333,-103.3738888888,0.0,0.0,11347.930266931866
00000,25.460833333333,-103.3738888888,0.0,0.0,11347.930266931866
00000,25.615476,-103.391137,0.0,0.0,11347.897281773694
00000,25.586397,-103.386762,0.0,0.0,11347.791688815681
00000,25.1030381,-103.3323477,0.0,0.0,11347.787441417175
00000,25.102222222222,-103.3305555555,0.0,0.0,11347.616965667472
00000,25.102222222222,-103.3305555555,0.0,0.0,11347.616965667472
00000,25.102222222222,-103.3305555555,0.0,0.0,11347.616965667472
00000,25.534415277777,-103.3767877777,0.0,0.0,11347.386571442321
00000,25.571807,-103.38052,0.0,0.0,11347.334701987967
00000,25.572694,-103.380004,0.0,0.0,11347.273142621088
00000,25.566682222222,-103.3783163888,0.0,0.0,11347.17301824257
00000,25.491111111111,-103.3680555555,0.0,0.0,11347.00530060363
00000,25.633888888888,-103.3813888888,0.0,0.0,11346.715472447335
00000,25.633796388888,-103.38132,0.0,0.0,11346.709655553801
00000,25.6344,-103.381,0.0,0.0,11346.670872716395
00000,25.6344,-103.381,0.0,0.0,11346.670872716395
00000,25.585020555555,-103.3741,0.0,0.0,11346.544090431034
00000,25.585020555555,-103.3741,0.0,0.0,11346.544090431034
00000,25.549802777777,-103.3699052777,0.0,0.0,11346.525187067364
00000,25.5410284,-103.3679077,0.0,0.0,11346.425294954699
00000,25.6336916666667,-103.378225,0.0,0.0,11346.402200831808
00000,25.624931,-103.377161,0.0,0.0,11346.39577311893
00000,25.633388,-103.376879,0.0,0.0,11346.271427211841
00000,25.6126666666667,-103.37445,0.0,0.0,11346.264861005127
00000,25.6131525,-103.3739372222,0.0,0.0,11346.208191739403
00000,25.4986396,-103.3592519,0.0,0.0,11346.041129779886
00000,25.621944444444,-103.3725,0.0,0.0,11345.964882261085
00000,25.5377444444444,-103.361788888889,0.0,0.0,11345.851798960091
00000,25.554952222222,-103.3623891666,0.0,0.0,11345.71672787657
00000,25.5352402,-103.3594267,0.0,0.0,11345.644389511954
00000,25.490166666666,-103.3529722222,0.0,0.0,11345.509901137675
00000,25.3672317,-103.3386784,0.0,0.0,11345.467179618383
00000,25.538598,-103.357359,0.0,0.0,11345.39998832178
00000,25.537309,-103.357181,0.0,0.0,11345.39681793173
00000,27.745833333333,-103.6225,0.0,0.0,11345.347289632478
00000,27.745833333333,-103.6225,0.0,0.0,11345.347289632478
00000,25.368611111111,-103.3372222222,0.0,0.0,11345.306121727233
00000,25.3732513,-103.336246,0.0,0.0,11345.15640004568
00000,25.496944444444,-103.35,0.0,0.0,11345.136539234836
00000,25.372777777777,-103.3358333333,0.0,0.0,11345.120473335968
00000,25.459722222222,-103.3438888888,0.0,0.0,11344.946505536736
00000,25.459722222222,-103.3438888888,0.0,0.0,11344.946505536736
00000,25.3875,-103.3352777777,0.0,0.0,11344.899470903558
00000,25.3875,-103.3352777777,0.0,0.0,11344.899470903558
00000,25.600277777777,-103.3591666666,0.0,0.0,11344.881095035034
00000,25.360555555555,-103.3319444444,0.0,0.0,11344.869030786125
00000,25.449444444444,-103.3411111111,0.0,0.0,11344.784947828928
00000,25.441111111111,-103.3380555555,0.0,0.0,11344.57364037866
00000,25.665833333333,-103.3622222222,0.0,0.0,11344.440763333829
00000,25.600277777777,-103.3544444444,0.0,0.0,11344.410028098173
00000,25.6668972222222,-103.360711111111,0.0,0.0,11344.278003161724
00000,25.623055555555,-103.3541666666,0.0,0.0,11344.1237734745
00000,25.371111111111,-103.3236111111,0.0,0.0,11343.917510246925
00000,25.386666666666,-103.3230555555,0.0,0.0,11343.687312559976
00000,25.5206375,-103.3358161111,0.0,0.0,11343.452770200325
00000,25.416388888888,-103.3238888888,0.0,0.0,11343.436565510321
00000,25.416388888888,-103.3238888888,0.0,0.0,11343.436565510321
00000,25.416388888888,-103.3238888888,0.0,0.0,11343.436565510321
00000,25.601944444444,-103.3436111111,0.0,0.0,11343.310442955626
00000,25.601944444444,-103.3436111111,0.0,0.0,11343.310442955626
00000,25.641666666666,-103.3461111111,0.0,0.0,11343.109067846992
00000,25.523447,-103.332277,0.0,0.0,11343.067739603655
00000,25.674722222222,-103.3483333333,0.0,0.0,11342.955002330289
00000,25.593888888888,-103.3377777777,0.0,0.0,11342.819813775302
00000,25.400555555555,-103.3152777777,0.0,0.0,11342.754029092514
00000,25.7175,-103.3502777777,0.0,0.0,11342.6619550594
00000,25.565833333333,-103.3327777777,0.0,0.0,11342.638564092089
00000,25.565833333333,-103.3327777777,0.0,0.0,11342.638564092089
00000,25.565833333333,-103.3327777777,0.0,0.0,11342.638564092089
00000,25.3897268,-103.3123814,0.0,0.0,11342.586150250374
00000,25.6958,-103.343,0.0,0.0,11342.183638877339
00000,25.683333333333,-103.3411111111,0.0,0.0,11342.137128046978
00000,25.696111111111,-103.3408333333,0.0,0.0,11341.96414201285
00000,25.64031,-103.334113,0.0,0.0,11341.92800090813
00000,25.416859,-103.3075625,0.0,0.0,11341.799978300513
00000,25.435,-103.3094444444,0.0,0.0,11341.784187951102
00000,25.435,-103.3094444444,0.0,0.0,11341.784187951102
00000,25.4093,-103.305,0.0,0.0,11341.628800276098
00000,25.416388888888,-103.3055555555,0.0,0.0,11341.6047256368
00000,25.4125,-103.305,0.0,0.0,11341.592877140922
00000,25.4125,-103.305,0.0,0.0,11341.592877140922
00000,25.4775,-103.3122222222,0.0,0.0,11341.583538530935
00000,25.46,-103.31,0.0,0.0,11341.558558182433
00000,25.412305,-103.304563,0.0,0.0,11341.551400034461
00000,28.198888888888,-103.6411111111,0.0,0.0,11341.469568325829
00000,28.198888888888,-103.6411111111,0.0,0.0,11341.469568325829
00000,27.085,-103.4991666666,0.0,0.0,11341.358873695117
00000,27.085,-103.4991666666,0.0,0.0,11341.358873695117
00000,27.0850611111111,-103.498994444444,0.0,0.0,11341.34118623897
00000,27.248888888888,-103.5183333333,0.0,0.0,11341.256654678393
00000,27.248888888888,-103.5183333333,0.0,0.0,11341.256654678393
00000,27.248888888888,-103.5183333333,0.0,0.0,11341.256654678393
00000,25.642,-103.327,0.0,0.0,11341.199511445435
00000,28.286666666666,-103.6497222222,0.0,0.0,11341.193639816667
00000,25.368888888888,-103.2944444444,0.0,0.0,11341.026952682225
00000,25.607777777777,-103.3211111111,0.0,0.0,11340.999907624888
00000,25.607777777777,-103.3211111111,0.0,0.0,11340.999907624888
00000,25.3220722,-103.2884564,0.0,0.0,11340.952022293743
00000,25.3217111111111,-103.287427777778,0.0,0.0,11340.853192774975
00000,25.33,-103.2883333333,0.0,0.0,11340.85110685405
00000,25.33,-103.2883333333,0.0,0.0,11340.85110685405
00000,25.33,-103.2883333333,0.0,0.0,11340.85110685405
00000,25.53505,-103.31048,0.0,0.0,11340.760981300476
00000,25.712,-103.33,0.0,0.0,11340.703732363643
00000,25.711666666666,-103.3294444444,0.0,0.0,11340.65215574627
00000,25.711666666666,-103.3294444444,0.0,0.0,11340.65215574627
00000,24.9997781,-103.2464633,0.0,0.0,11340.321498110861
00000,24.998888888888,-103.2461111111,0.0,0.0,11340.295967818904
00000,24.9997,-103.246,0.0,0.0,11340.275897148784
00000,26.999444444444,-103.4775,0.0,0.0,11340.257039843129
00000,25.679166666666,-103.3211111111,0.0,0.0,11340.190722913592
00000,25.891666666666,-103.3408333333,0.0,0.0,11339.732170637812
00000,25.774444444444,-103.3252777777,0.0,0.0,11339.522547692994
00000,25.618611111111,-103.3069444444,0.0,0.0,11339.464223712912
00000,25.7742,-103.324,0.0,0.0,11339.3980582501
00000,25.946944444444,-103.3394444444,0.0,0.0,11338.960303623438
00000,25.591111111111,-103.2986111111,0.0,0.0,11338.94376279086
00000,25.591111111111,-103.2986111111,0.0,0.0,11338.94376279086
00000,25.591111111111,-103.2986111111,0.0,0.0,11338.94376279086
00000,25.88,-103.3302777777,0.0,0.0,11338.815361308893
00000,25.88,-103.3302777777,0.0,0.0,11338.815361308893
00000,25.8815831,-103.330455,0.0,0.0,11338.814886799406
00000,25.708418,-103.309214,0.0,0.0,11338.672845693263
00000,25.708055555555,-103.3083333333,0.0,0.0,11338.589188037322
00000,25.708055555555,-103.3083333333,0.0,0.0,11338.589188037322
00000,25.708055555555,-103.3083333333,0.0,0.0,11338.589188037322
00000,25.7125365,-103.3085476,0.0,0.0,11338.559679160473
00000,25.712482,-103.308457,0.0,0.0,11338.551268538906
00000,25.431944444444,-103.2761111111,0.0,0.0,11338.488302642187
00000,25.4825,-103.2808333333,0.0,0.0,11338.39265836789
00000,25.4825,-103.2808333333,0.0,0.0,11338.39265836789
00000,25.4825,-103.2808333333,0.0,0.0,11338.39265836789
00000,25.324,-103.263,0.0,0.0,11338.384799230753
00000,26.800555555555,-103.4338888888,0.0,0.0,11338.337630199221
00000,26.800555555555,-103.4338888888,0.0,0.0,11338.337630199221
00000,26.800555555555,-103.4338888888,0.0,0.0,11338.337630199221
00000,25.303293,-103.259361,0.0,0.0,11338.25170807604
00000,27.837777777777,-103.5611111111,0.0,0.0,11338.20131100887
00000,25.813888888888,-103.3158333333,0.0,0.0,11338.132486939543
00000,25.813888888888,-103.3158333333,0.0,0.0,11338.132486939543
00000,25.813888888888,-103.3158333333,0.0,0.0,11338.132486939543
00000,27.8353,-103.56,0.0,0.0,11338.123579906744
00000,25.723055555555,-103.3044444444,0.0,0.0,11338.03135563569
00000,27.9388921,-103.569764,0.0,0.0,11337.78541226219
00000,25.3991549,-103.2653391,0.0,0.0,11337.779117399063
00000,25.066592,-103.227233,0.0,0.0,11337.657738076065
00000,25.0666,-103.227,0.0,0.0,11337.634297174724
00000,25.745833333333,-103.3025,0.0,0.0,11337.578930285224
00000,25.745833333333,-103.3025,0.0,0.0,11337.578930285224
00000,25.745833333333,-103.3025,0.0,0.0,11337.578930285224
00000,25.299166666666,-103.2516666666,0.0,0.0,11337.528060977593
00000,25.566944444444,-103.2808333333,0.0,0.0,11337.442539444532
00000,25.566944444444,-103.2808333333,0.0,0.0,11337.442539444532
00000,28.350277777777,-103.6172222222,0.0,0.0,11337.224658636274
00000,28.350277777777,-103.6172222222,0.0,0.0,11337.224658636274
00000,25.8401209,-103.3094475,0.0,0.0,11337.197607253216
00000,25.53641,-103.274615,0.0,0.0,11337.165732599291
00000,25.776666666666,-103.3016666666,0.0,0.0,11337.145456394794
00000,25.718333333333,-103.2941666666,0.0,0.0,11337.06071025546
00000,25.718333333333,-103.2941666666,0.0,0.0,11337.06071025546
00000,25.718333333333,-103.2941666666,0.0,0.0,11337.06071025546
00000,25.367222222222,-103.2541666666,0.0,0.0,11337.019279093907
00000,25.742777777777,-103.2963888888,0.0,0.0,11337.004757202496
00000,25.742777777777,-103.2963888888,0.0,0.0,11337.004757202496
00000,25.570277777777,-103.2766666666,0.0,0.0,11336.989192855595
00000,25.7194591,-103.2923699,0.0,0.0,11336.868882551069
00000,25.536426666666,-103.2702286111,0.0,0.0,11336.727705719304
00000,25.8625,-103.305,0.0,0.0,11336.499619064542
00000,25.694444444444,-103.2855555555,0.0,0.0,11336.473194781245
00000,25.694444444444,-103.2855555555,0.0,0.0,11336.473194781245
00000,25.694444444444,-103.2855555555,0.0,0.0,11336.473194781245
00000,25.692104,-103.283088,0.0,0.0,11336.253729762246
00000,25.586388888888,-103.2702777777,0.0,0.0,11336.170181141206
00000,25.291111111111,-103.2369444444,0.0,0.0,11336.145042806034
00000,25.291111111111,-103.2369444444,0.0,0.0,11336.145042806034
00000,25.291111111111,-103.2369444444,0.0,0.0,11336.145042806034
00000,25.291111111111,-103.2369444444,0.0,0.0,11336.145042806034
00000,25.291111111111,-103.2369444444,0.0,0.0,11336.145042806034
00000,25.291111111111,-103.2369444444,0.0,0.0,11336.145042806034
00000,25.291111111111,-103.2369444444,0.0,0.0,11336.145042806034
00000,25.6968179,-103.2810474,0.0,0.0,11335.996955995939
00000,25.661666666666,-103.2752777777,0.0,0.0,11335.819394599073
00000,25.661666666666,-103.2752777777,0.0,0.0,11335.819394599073
00000,25.4508473,-103.2513487,0.0,0.0,11335.802752873074
00000,25.4527,-103.251,0.0,0.0,11335.747177398163
00000,25.6605235,-103.2738484,0.0,0.0,11335.689792313564
00000,25.6605114,-103.273843,0.0,0.0,11335.689390619062
00000,25.6605186,-103.273843,0.0,0.0,11335.689309255167
00000,25.306666666666,-103.2336111111,0.0,0.0,11335.638642201538
00000,25.306666666666,-103.2336111111,0.0,0.0,11335.638642201538
00000,25.931,-103.304,0.0,0.0,11335.61761524818
00000,27.0419102,-103.4351246,0.0,0.0,11335.573742196319
00000,25.370555555555,-103.24,0.0,0.0,11335.565912553897
00000,25.370555555555,-103.24,0.0,0.0,11335.565912553897
00000,25.370555555555,-103.24,0.0,0.0,11335.565912553897
00000,25.879166666666,-103.2975,0.0,0.0,11335.563030666252
00000,25.879166666666,-103.2975,0.0,0.0,11335.563030666252
00000,27.041944444444,-103.435,0.0,0.0,11335.561063016126
00000,25.932222222222,-103.3027777777,0.0,0.0,11335.482063803202
00000,25.6412,-103.268,0.0,0.0,11335.324841785801
00000,25.5842,-103.261,0.0,0.0,11335.269137116113
00000,27.054421,-103.43319,0.0,0.0,11335.23305065409
00000,27.054444444444,-103.4330555555,0.0,0.0,11335.219533292367
00000,27.054444444444,-103.4330555555,0.0,0.0,11335.219533292367
00000,25.641944444444,-103.2669444444,0.0,0.0,11335.211172149382
00000,25.641944444444,-103.2669444444,0.0,0.0,11335.211172149382
00000,25.641944444444,-103.2669444444,0.0,0.0,11335.211172149382
00000,25.6411823,-103.2660696,0.0,0.0,11335.132528786886
00000,25.584166666666,-103.2594444444,0.0,0.0,11335.114303488388
00000,25.584166666666,-103.2594444444,0.0,0.0,11335.114303488388
00000,25.584166666666,-103.2594444444,0.0,0.0,11335.114303488388
00000,25.446944444444,-103.2438888888,0.0,0.0,11335.101229596981
00000,25.583888888888,-103.2591666666,0.0,0.0,11335.089714443066
00000,25.6404908,-103.2646453,0.0,0.0,11334.998290828438
00000,25.8154288,-103.2832605,0.0,0.0,11334.87159981952
00000,25.8154336,-103.2832578,0.0,0.0,11334.871276388187
00000,25.8164037,-103.2825387,0.0,0.0,11334.788642142548
00000,25.8164037,-103.2825387,0.0,0.0,11334.788642142548
00000,25.7746694444444,-103.274936111111,0.0,0.0,11334.505580877643
00000,25.41285,-103.233430555556,0.0,0.0,11334.437355966042
00000,25.412777777777,-103.2333333333,0.0,0.0,11334.428447076412
00000,25.412777777777,-103.2333333333,0.0,0.0,11334.428447076412
00000,25.654722222222,-103.2602777777,0.0,0.0,11334.402147587722
00000,25.654722222222,-103.2602777777,0.0,0.0,11334.402147587722
00000,25.775,-103.2730555555,0.0,0.0,11334.314509024158
00000,25.775,-103.2730555555,0.0,0.0,11334.314509024158
00000,25.775,-103.2730555555,0.0,0.0,11334.314509024158
00000,25.775,-103.2730555555,0.0,0.0,11334.314509024158
00000,25.775,-103.2730555555,0.0,0.0,11334.314509024158
00000,25.775,-103.2730555555,0.0,0.0,11334.314509024158
00000,25.775,-103.2730555555,0.0,0.0,11334.314509024158
00000,25.775,-103.2730555555,0.0,0.0,11334.314509024158
00000,25.775,-103.2730555555,0.0,0.0,11334.314509024158
00000,25.775,-103.2730555555,0.0,0.0,11334.314509024158
00000,25.775,-103.2730555555,0.0,0.0,11334.314509024158
00000,25.775,-103.2730555555,0.0,0.0,11334.314509024158
00000,25.775,-103.2730555555,0.0,0.0,11334.314509024158
00000,25.775,-103.2730555555,0.0,0.0,11334.314509024158
00000,25.775,-103.2730555555,0.0,0.0,11334.314509024158
00000,25.775,-103.2730555555,0.0,0.0,11334.314509024158
00000,25.775,-103.2730555555,0.0,0.0,11334.314509024158
00000,25.775,-103.2730555555,0.0,0.0,11334.314509024158
00000,25.775,-103.2730555555,0.0,0.0,11334.314509024158
00000,25.775,-103.2730555555,0.0,0.0,11334.314509024158
00000,25.775,-103.2730555555,0.0,0.0,11334.314509024158
00000,25.775,-103.2730555555,0.0,0.0,11334.314509024158
00000,25.775,-103.2730555555,0.0,0.0,11334.314509024158
00000,25.775,-103.2730555555,0.0,0.0,11334.314509024158
00000,25.775,-103.273,0.0,0.0,11334.308975178092
00000,25.775,-103.273,0.0,0.0,11334.308975178092
00000,25.775,-103.273,0.0,0.0,11334.308975178092
00000,25.79998370081439,-103.27570885419848,0.0,0.0,11334.295143653988
00000,25.4174503,-103.2310744,0.0,0.0,11334.150553352898
00000,25.416944444444,-103.2308333333,0.0,0.0,11334.13211247941
00000,25.416944444444,-103.2308333333,0.0,0.0,11334.13211247941
00000,25.845833333333,-103.2783333333,0.0,0.0,11334.035178536584
00000,25.845833333333,-103.2783333333,0.0,0.0,11334.035178536584
00000,25.845833333333,-103.2783333333,0.0,0.0,11334.035178536584
00000,25.845833333333,-103.2783333333,0.0,0.0,11334.035178536584
00000,25.844,-103.278,0.0,0.0,11334.022857897688
00000,25.7697708,-103.2690303,0.0,0.0,11333.972863655437
00000,25.800816,-103.271864,0.0,0.0,11333.902793565372
00000,25.928055555555,-103.2861111111,0.0,0.0,11333.871828417758
00000,25.281388888888,-103.2130555555,0.0,0.0,11333.863221262467
00000,25.6517,-103.254,0.0,0.0,11333.810244970438
00000,25.6517,-103.254,0.0,0.0,11333.810244970438
00000,25.981944444444,-103.2913888888,0.0,0.0,11333.780580438857
00000,25.766825,-103.266544,0.0,0.0,11333.758591744652
00000,25.519721666666,-103.2381555555,0.0,0.0,11333.713557442403
00000,25.834444444444,-103.2733333333,0.0,0.0,11333.66696998449
00000,25.523861388888,-103.2378113888,0.0,0.0,11333.632779581789
00000,25.5182083333333,-103.235327777778,0.0,0.0,11333.448209742055
00000,25.5182083333333,-103.235327777778,0.0,0.0,11333.448209742055
00000,25.5182083333333,-103.235327777778,0.0,0.0,11333.448209742055
00000,25.9464932,-103.2831766,0.0,0.0,11333.369343803452
00000,25.528119444444,-103.2348644444,0.0,0.0,11333.290840451682
00000,25.946666666666,-103.2822222222,0.0,0.0,11333.272441909045
00000,25.946666666666,-103.2822222222,0.0,0.0,11333.272441909045
00000,25.9527,-103.282,0.0,0.0,11333.181408996448
00000,25.540471944444,-103.2347886111,0.0,0.0,11333.144733545409
00000,25.5217417,-103.2319294,0.0,0.0,11333.06932872529
00000,25.84806,-103.267799,0.0,0.0,11332.961196678507
00000,25.536565,-103.23249,0.0,0.0,11332.959108714984
00000,25.945555555555,-103.2788888888,0.0,0.0,11332.953606054722
00000,25.847211,-103.267546,0.0,0.0,11332.945665587584
00000,25.272777777777,-103.2027777777,0.0,0.0,11332.930434820863
00000,25.272936706060047,-103.20235446095468,0.0,0.0,11332.886320276775
00000,25.5281,-103.23,0.0,0.0,11332.805449991956
00000,25.5281,-103.23,0.0,0.0,11332.805449991956
00000,25.5281,-103.23,0.0,0.0,11332.805449991956
00000,25.8285023,-103.2639391,0.0,0.0,11332.799213747045
00000,25.530251666666,-103.2297102777,0.0,0.0,11332.752409934337
00000,25.529384722222,-103.2293561111,0.0,0.0,11332.72677206643
00000,25.521025833333,-103.2274272222,0.0,0.0,11332.627879089127
00000,25.527777777777,-103.2280555555,0.0,0.0,11332.614950260773
00000,25.527777777777,-103.2280555555,0.0,0.0,11332.614950260773
00000,25.527777777777,-103.2280555555,0.0,0.0,11332.614950260773
00000,25.527777777777,-103.2280555555,0.0,0.0,11332.614950260773
00000,25.527777777777,-103.2280555555,0.0,0.0,11332.614950260773
00000,25.527777777777,-103.2280555555,0.0,0.0,11332.614950260773
00000,25.527777777777,-103.2280555555,0.0,0.0,11332.614950260773
00000,25.527777777777,-103.2280555555,0.0,0.0,11332.614950260773
00000,25.527777777777,-103.2280555555,0.0,0.0,11332.614950260773
00000,25.527777777777,-103.2280555555,0.0,0.0,11332.614950260773
00000,25.527777777777,-103.2280555555,0.0,0.0,11332.614950260773
00000,25.527777777777,-103.2280555555,0.0,0.0,11332.614950260773
00000,25.527777777777,-103.2280555555,0.0,0.0,11332.614950260773
00000,25.527777777777,-103.2280555555,0.0,0.0,11332.614950260773
00000,25.527777777777,-103.2280555555,0.0,0.0,11332.614950260773
00000,25.527777777777,-103.2280555555,0.0,0.0,11332.614950260773
00000,25.527777777777,-103.2280555555,0.0,0.0,11332.614950260773
00000,25.527777777777,-103.2280555555,0.0,0.0,11332.614950260773
00000,25.527777777777,-103.2280555555,0.0,0.0,11332.614950260773
00000,25.527777777777,-103.2280555555,0.0,0.0,11332.614950260773
00000,25.527777777777,-103.2280555555,0.0,0.0,11332.614950260773
00000,25.527777777777,-103.2280555555,0.0,0.0,11332.614950260773
00000,25.527777777777,-103.2280555555,0.0,0.0,11332.614950260773
00000,25.527777777777,-103.2280555555,0.0,0.0,11332.614950260773
00000,25.527777777777,-103.2280555555,0.0,0.0,11332.614950260773
00000,25.527777777777,-103.2280555555,0.0,0.0,11332.614950260773
00000,25.527777777777,-103.2280555555,0.0,0.0,11332.614950260773
00000,25.527777777777,-103.2280555555,0.0,0.0,11332.614950260773
00000,25.527777777777,-103.2280555555,0.0,0.0,11332.614950260773
00000,25.527777777777,-103.2280555555,0.0,0.0,11332.614950260773
00000,25.527777777777,-103.2280555555,0.0,0.0,11332.614950260773
00000,25.527777777777,-103.2280555555,0.0,0.0,11332.614950260773
00000,25.775590833333,-103.2543675,0.0,0.0,11332.446296079503
00000,25.585535,-103.2322381,0.0,0.0,11332.38432947083
00000,25.733611111111,-103.2488888888,0.0,0.0,11332.375648276395
00000,25.042966,-103.171862,0.0,0.0,11332.367080492117
00000,25.53449,-103.22587,0.0,0.0,11332.32154999556
00000,25.451111111111,-103.2158333333,0.0,0.0,11332.25199584134
00000,25.723281,-103.24633,0.0,0.0,11332.237433061544
00000,25.7257,-103.245,0.0,0.0,11332.077551657254
00000,25.9014,-103.265,0.0,0.0,11332.07557474324
00000,25.725555555555,-103.2447222222,0.0,0.0,11332.051502204884
00000,25.725555555555,-103.2447222222,0.0,0.0,11332.051502204884
00000,25.901666666666,-103.2647222222,0.0,0.0,11332.044898738963
00000,25.901666666666,-103.2647222222,0.0,0.0,11332.044898738963
00000,25.901666666666,-103.2647222222,0.0,0.0,11332.044898738963
00000,25.901666666666,-103.2647222222,0.0,0.0,11332.044898738963
00000,25.531873055555,-103.2213033333,0.0,0.0,11331.895008139307
00000,25.429444444444,-103.2086111111,0.0,0.0,11331.772200127365
00000,25.429444444444,-103.2086111111,0.0,0.0,11331.772200127365
00000,25.429444444444,-103.2086111111,0.0,0.0,11331.772200127365
00000,25.393531,-103.203024,0.0,0.0,11331.613960931869
00000,25.7331916,-103.2411062,0.0,0.0,11331.604861074971
00000,25.90307,-103.260171,0.0,0.0,11331.57607804424
00000,25.903039,-103.260066,0.0,0.0,11331.565983765468
00000,25.414166666666,-103.2044444444,0.0,0.0,11331.526129916341
00000,25.7625333333333,-103.243027777778,0.0,0.0,11331.464517129822
00000,25.4149326,-103.2034569,0.0,0.0,11331.418913215039
00000,25.838611111111,-103.2511111111,0.0,0.0,11331.40726944532
00000,25.3925,-103.2002777777,0.0,0.0,11331.350956592627
00000,25.3925,-103.2002777777,0.0,0.0,11331.350956592627
00000,25.3925,-103.2002777777,0.0,0.0,11331.350956592627
00000,25.3925,-103.2002777777,0.0,0.0,11331.350956592627
00000,25.626944444444,-103.2241666666,0.0,0.0,11331.113731202953
00000,25.4537172,-103.2042956,0.0,0.0,11331.070341325822
00000,25.406944444444,-103.1977777777,0.0,0.0,11330.940338754275
00000,25.406944444444,-103.1977777777,0.0,0.0,11330.940338754275
00000,25.406944444444,-103.1977777777,0.0,0.0,11330.940338754275
00000,25.4559,-103.203,0.0,0.0,11330.916567229842
00000,25.035,-103.1563888888,0.0,0.0,11330.903082415816
00000,25.863888888888,-103.2486111111,0.0,0.0,11330.871332133294
00000,25.863888888888,-103.2486111111,0.0,0.0,11330.871332133294
00000,25.456666666666,-103.2016666666,0.0,0.0,11330.774824192047
00000,25.456666666666,-103.2016666666,0.0,0.0,11330.774824192047
00000,25.456666666666,-103.2016666666,0.0,0.0,11330.774824192047
00000,25.456666666666,-103.2016666666,0.0,0.0,11330.774824192047
00000,25.282222222222,-103.1816666666,0.0,0.0,11330.71371658661
00000,25.282222222222,-103.1816666666,0.0,0.0,11330.71371658661
00000,25.281111111111,-103.1813888888,0.0,0.0,11330.69822264851
00000,25.5787388,-103.2133728,0.0,0.0,11330.578196045382
00000,25.9659146,-103.2558949,0.0,0.0,11330.434444881785
00000,25.867777777777,-103.2441666666,0.0,0.0,11330.384792244882
00000,25.965277777777,-103.2552777777,0.0,0.0,11330.380341351734
00000,25.922777777777,-103.2466666666,0.0,0.0,11330.008163692766
00000,27.689722222222,-103.4519444444,0.0,0.0,11329.357266949351
00000,25.420555555555,-103.1827777777,0.0,0.0,11329.28991681304
00000,25.420555555555,-103.1827777777,0.0,0.0,11329.28991681304
00000,25.893611111111,-103.2358333333,0.0,0.0,11329.261996226356
00000,25.893611111111,-103.2358333333,0.0,0.0,11329.261996226356
00000,25.4209944444444,-103.181983333333,0.0,0.0,11329.205649674672
00000,27.0312,-103.367,0.0,0.0,11328.993916872534
00000,27.030555555555,-103.3666666666,0.0,0.0,11328.968785532234
00000,27.030555555555,-103.3666666666,0.0,0.0,11328.968785532234
00000,27.030555555555,-103.3666666666,0.0,0.0,11328.968785532234
00000,27.030555555555,-103.3666666666,0.0,0.0,11328.968785532234
00000,27.030555555555,-103.3666666666,0.0,0.0,11328.968785532234
00000,27.030555555555,-103.3666666666,0.0,0.0,11328.968785532234
00000,27.030555555555,-103.3666666666,0.0,0.0,11328.968785532234
00000,27.030555555555,-103.3666666666,0.0,0.0,11328.968785532234
00000,27.030555555555,-103.3666666666,0.0,0.0,11328.968785532234
00000,25.559722222222,-103.1936111111,0.0,0.0,11328.819112148078
00000,25.559722222222,-103.1936111111,0.0,0.0,11328.819112148078
00000,25.559722222222,-103.1936111111,0.0,0.0,11328.819112148078
00000,27.040833333333,-103.3661111111,0.0,0.0,11328.791359463306
00000,25.806111111111,-103.2211111111,0.0,0.0,11328.788472934039
00000,25.522222222222,-103.1883333333,0.0,0.0,11328.711528579133
00000,25.444722222222,-103.1752777777,0.0,0.0,11328.271681205646
00000,25.444722222222,-103.1752777777,0.0,0.0,11328.271681205646
00000,27.398888888888,-103.4041666666,0.0,0.0,11328.224151151253
00000,27.398888888888,-103.4041666666,0.0,0.0,11328.224151151253
00000,25.431944444444,-103.1725,0.0,0.0,11328.136286169713
00000,25.431944444444,-103.1725,0.0,0.0,11328.136286169713
00000,25.943333333333,-103.2297222222,0.0,0.0,11328.088729954337
00000,25.943333333333,-103.2297222222,0.0,0.0,11328.088729954337
00000,25.872353,-103.221013,0.0,0.0,11328.028402855969
00000,25.8735,-103.218,0.0,0.0,11327.715520259244
00000,25.255793,-103.148688,0.0,0.0,11327.705931421688
00000,25.2563919,-103.148386,0.0,0.0,11327.66910558742
00000,25.256388888888,-103.1483333333,0.0,0.0,11327.66386845208
00000,25.873888888888,-103.2175,0.0,0.0,11327.661347587818
00000,25.8726194444444,-103.21575,0.0,0.0,11327.501565403118
00000,25.87,-103.2141666666,0.0,0.0,11327.373666663201
00000,25.736388888888,-103.1983333333,0.0,0.0,11327.306517455481
00000,25.5071494,-103.170465,0.0,0.0,11327.095683240603
00000,25.426111,-103.159444,0.0,0.0,11326.896566040261
00000,25.425833333333,-103.1591666666,0.0,0.0,11326.871937943408
00000,25.7896689,-103.1992072,0.0,0.0,11326.792771693263
00000,25.516111111111,-103.1683333333,0.0,0.0,11326.78292508643
00000,25.516111111111,-103.1683333333,0.0,0.0,11326.78292508643
00000,25.9867,-103.218,0.0,0.0,11326.429489083948
00000,25.790277777777,-103.195,0.0,0.0,11326.366853102689
00000,25.7904,-103.195,0.0,0.0,11326.365473936065
00000,25.846111111111,-103.2005555555,0.0,0.0,11326.289269639517
00000,25.846111111111,-103.2005555555,0.0,0.0,11326.289269639517
00000,25.7798777777778,-103.192591666667,0.0,0.0,11326.244287997439
00000,25.7798777777778,-103.192591666667,0.0,0.0,11326.244287997439
00000,25.8206306,-103.1966746,0.0,0.0,11326.190913244769
00000,25.540555555555,-103.1641666666,0.0,0.0,11326.094317481784
00000,25.821944444444,-103.1947222222,0.0,0.0,11325.981662549506
00000,25.821944444444,-103.1947222222,0.0,0.0,11325.981662549506
00000,25.361388888888,-103.1430555555,0.0,0.0,11325.976032599407
00000,25.7626744,-103.1863694,0.0,0.0,11325.818338875892
00000,25.763055555555,-103.1858333333,0.0,0.0,11325.760638372583
00000,25.384722222222,-103.1433333333,0.0,0.0,11325.745486293525
00000,25.9275,-103.2016666666,0.0,0.0,11325.477841192864
00000,25.800833333333,-103.1858333333,0.0,0.0,11325.334782067996
00000,25.4975,-103.1516666666,0.0,0.0,11325.3260311638
00000,25.4975,-103.1516666666,0.0,0.0,11325.3260311638
00000,25.466944444444,-103.1469444444,0.0,0.0,11325.194178566027
00000,25.466944444444,-103.1469444444,0.0,0.0,11325.194178566027
00000,25.466944444444,-103.1469444444,0.0,0.0,11325.194178566027
00000,25.794722222222,-103.1822222222,0.0,0.0,11325.044045749632
00000,25.7943767,-103.1814951,0.0,0.0,11324.975520217748
00000,25.377777777777,-103.1347222222,0.0,0.0,11324.961573263166
00000,25.377777777777,-103.1347222222,0.0,0.0,11324.961573263166
00000,25.078611111111,-103.1016666666,0.0,0.0,11324.940896341266
00000,25.523888888888,-103.1483333333,0.0,0.0,11324.699435760951
00000,25.523888888888,-103.1483333333,0.0,0.0,11324.699435760951
00000,25.963333333333,-103.1955555555,0.0,0.0,11324.463295910085
00000,25.4897055555556,-103.141330555556,0.0,0.0,11324.380507263077
00000,25.4894,-103.141,0.0,0.0,11324.350891580583
00000,25.42875592104577,-103.13194379210476,0.0,0.0,11324.119336793201
00000,25.429166666666,-103.1319444444,0.0,0.0,11324.114849482698
00000,25.8564482,-103.1787484,0.0,0.0,11324.001536715863
00000,25.89,-103.1813888888,0.0,0.0,11323.885063874399
00000,25.8913138888889,-103.181119444444,0.0,0.0,11323.843386789338
00000,25.855,-103.1766666666,0.0,0.0,11323.810665930196
00000,25.855,-103.1766666666,0.0,0.0,11323.810665930196
00000,25.855,-103.1766666666,0.0,0.0,11323.810665930196
00000,25.464166666666,-103.1322222222,0.0,0.0,11323.754425881392
00000,25.8632,-103.176201,0.0,0.0,11323.671688871496
00000,25.865,-103.1763888888,0.0,0.0,11323.670055822837
00000,25.863112,-103.175971,0.0,0.0,11323.649788846496
00000,25.818888888888,-103.1680555555,0.0,0.0,11323.360758712555
00000,25.751111111111,-103.1588888888,0.0,0.0,11323.210463649266
00000,25.7238361111111,-103.155019444444,0.0,0.0,11323.131150976496
00000,25.724,-103.155,0.0,0.0,11323.127373863328
00000,25.510833333333,-103.1277777777,0.0,0.0,11322.792302303536
00000,25.510833333333,-103.1277777777,0.0,0.0,11322.792302303536
00000,25.510833333333,-103.1277777777,0.0,0.0,11322.792302303536
00000,25.910555555555,-103.1711111111,0.0,0.0,11322.62982959965
00000,25.789166666666,-103.1511111111,0.0,0.0,11322.007839115073
00000,25.914166666666,-103.1622222222,0.0,0.0,11321.70457416474
00000,25.421944444444,-103.1047222222,0.0,0.0,11321.474591764123
00000,25.421944444444,-103.1047222222,0.0,0.0,11321.474591764123
00000,25.453055555555,-103.1072222222,0.0,0.0,11321.380156878597
00000,25.4527363,-103.107045,0.0,0.0,11321.365986475173
00000,25.4223904,-103.1024885,0.0,0.0,11321.246444949717
00000,25.422777777777,-103.1019444444,0.0,0.0,11321.187794987803
00000,25.473055555555,-103.1047222222,0.0,0.0,11320.908926439739
00000,25.369166666666,-103.0930555555,0.0,0.0,11320.891209827158
00000,25.9402,-103.154,0.0,0.0,11320.592235154798
00000,25.4071881,-103.0934242,0.0,0.0,11320.508546631401
00000,25.407222222222,-103.0933333333,0.0,0.0,11320.499088302651
00000,25.940555555555,-103.1522222222,0.0,0.0,11320.411372627997
00000,25.894722222222,-103.1397222222,0.0,0.0,11319.685254791613
00000,25.894722222222,-103.1397222222,0.0,0.0,11319.685254791613
00000,25.894722222222,-103.1397222222,0.0,0.0,11319.685254791613
00000,25.474722222222,-103.0902777777,0.0,0.0,11319.447677955452
00000,25.6994,-103.115,0.0,0.0,11319.415857146954
00000,25.7001869,-103.113706,0.0,0.0,11319.278065770352
00000,27.175555555555,-103.2855555555,0.0,0.0,11319.256474957081
00000,25.779785,-103.122161,0.0,0.0,11319.229421734148
00000,25.915555555555,-103.1369444444,0.0,0.0,11319.17383954809
00000,25.899722222222,-103.1344444444,0.0,0.0,11319.103666545168
00000,25.7813679,-103.1157834,0.0,0.0,11318.576355504521
00000,25.862222222222,-103.1247222222,0.0,0.0,11318.558400573578
00000,25.862222222222,-103.1247222222,0.0,0.0,11318.558400573578
00000,25.776388888888,-103.115,0.0,0.0,11318.55412745415
00000,25.776388888888,-103.115,0.0,0.0,11318.55412745415
00000,25.776388888888,-103.115,0.0,0.0,11318.55412745415
00000,25.776388888888,-103.115,0.0,0.0,11318.55412745415
00000,25.776388888888,-103.115,0.0,0.0,11318.55412745415
00000,25.776388888888,-103.115,0.0,0.0,11318.55412745415
00000,25.7810825,-103.115379,0.0,0.0,11318.539270135796
00000,25.518888888888,-103.0833333333,0.0,0.0,11318.26516130021
00000,25.518888888888,-103.0833333333,0.0,0.0,11318.26516130021
00000,25.776263,-103.11148,0.0,0.0,11318.204872258264
00000,25.776865,-103.110974,0.0,0.0,11318.147718566039
00000,25.780687,-103.1101233,0.0,0.0,11318.020145544602
00000,25.7805179,-103.1095627,0.0,0.0,11317.96619480029
00000,28.582777777777,-103.4491666666,0.0,0.0,11317.9575238546
00000,25.378888888888,-103.0647222222,0.0,0.0,11317.951526194274
00000,25.954551,-103.124078,0.0,0.0,11317.453797096747
00000,25.954444444444,-103.1236111111,0.0,0.0,11317.408561409404
00000,25.954444444444,-103.1236111111,0.0,0.0,11317.408561409404
00000,25.954477,-103.123382,0.0,0.0,11317.385405728639
00000,25.791527,-103.104807,0.0,0.0,11317.36910426151
00000,25.869444444444,-103.1097222222,0.0,0.0,11316.984046066378
00000,25.869444444444,-103.1097222222,0.0,0.0,11316.984046066378
00000,25.483055555555,-103.0641666666,0.0,0.0,11316.74748466045
00000,25.4836888888889,-103.063772222222,0.0,0.0,11316.701091374134
00000,25.765,-103.095,0.0,0.0,11316.689120009492
00000,25.765,-103.095,0.0,0.0,11316.689120009492
00000,25.739601,-103.091407,0.0,0.0,11316.61505118445
00000,25.7398123,-103.0912001,0.0,0.0,11316.592071764264
00000,25.820177,-103.099931,0.0,0.0,11316.562333919639
00000,25.769091,-103.094125,0.0,0.0,11316.5561783996
00000,25.820277777777,-103.0997222222,0.0,0.0,11316.54041309256
00000,25.7371,-103.09,0.0,0.0,11316.502775849018
00000,25.820018,-103.099079,0.0,0.0,11316.479271323244
00000,25.735833333333,-103.0891666666,0.0,0.0,11316.433876461482
00000,25.737825,-103.089358333333,0.0,0.0,11316.430730646189
00000,25.71,-103.0841666666,0.0,0.0,11316.223881893995
00000,28.490555555555,-103.4166666666,0.0,0.0,11315.965699760107
00000,25.7954759,-103.0865894,0.0,0.0,11315.51027606832
00000,25.728611111111,-103.0747222222,0.0,0.0,11315.07492478768
00000,25.683611111111,-103.0686111111,0.0,0.0,11314.96713695808
00000,25.6839,-103.068,0.0,0.0,11314.90299032627
00000,28.7725,-103.4422222222,0.0,0.0,11314.879923103685
00000,28.772406,-103.441812,0.0,0.0,11314.841396709382
00000,28.7724221,-103.441776,0.0,0.0,11314.837706300312
00000,28.772222222222,-103.4416666666,0.0,0.0,11314.829659799492
00000,25.6846528,-103.0664813,0.0,0.0,11314.743189611523
00000,25.684827,-103.066214,0.0,0.0,11314.714599812907
00000,25.502222222222,-103.0452777777,0.0,0.0,11314.649354843667
00000,25.502222222222,-103.0452777777,0.0,0.0,11314.649354843667
00000,25.502222222222,-103.0452777777,0.0,0.0,11314.649354843667
00000,25.502222222222,-103.0452777777,0.0,0.0,11314.649354843667
00000,25.502222222222,-103.0452777777,0.0,0.0,11314.649354843667
00000,25.756666666666,-103.0711111111,0.0,0.0,11314.402020558227
00000,25.740555555555,-103.0597222222,0.0,0.0,11313.446828286462
00000,25.707777777777,-103.0502777777,0.0,0.0,11312.87046658057
00000,26.2097,-103.107,0.0,0.0,11312.86592530034
00000,25.666111111111,-103.0444444444,0.0,0.0,11312.751915673478
00000,25.6664,-103.044,0.0,0.0,11312.704387097601
00000,24.8118,-102.949,0.0,0.0,11312.50245916614
00000,24.812222222222,-102.9486111111,0.0,0.0,11312.458880833645
00000,25.770555555555,-103.0505555555,0.0,0.0,11312.198998721882
00000,25.692247,-103.0411623,0.0,0.0,11312.134374326737
00000,25.8184,-103.055,0.0,0.0,11312.107715027127
00000,25.8199707,-103.0538407,0.0,0.0,11311.974714075086
00000,24.779722222222,-102.9402777777,0.0,0.0,11311.968314983253
00000,24.779722222222,-102.9402777777,0.0,0.0,11311.968314983253
00000,24.7801,-102.94,0.0,0.0,11311.936373847424
00000,25.0959444444444,-102.971769444444,0.0,0.0,11311.733855149116
00000,25.724444444444,-103.0386111111,0.0,0.0,11311.52216781889
00000,25.7248,-103.038,0.0,0.0,11311.457303044734
00000,26.634772,-103.140247,0.0,0.0,11311.281578633885
00000,25.692222222222,-103.0294444444,0.0,0.0,11310.96637021437
00000,25.7264808,-103.0323551,0.0,0.0,11310.875979398057
00000,25.741944444444,-103.0188888888,0.0,0.0,11309.36201999347
00000,25.741944444444,-103.0188888888,0.0,0.0,11309.36201999347
00000,25.666944444444,-103.0088888888,0.0,0.0,11309.196937949808
00000,25.728055555555,-103.0152777777,0.0,0.0,11309.15637058054
00000,28.091944444444,-103.2908333333,0.0,0.0,11308.677800477657
00000,28.091944444444,-103.2908333333,0.0,0.0,11308.677800477657
00000,24.844444444444,-102.9125,0.0,0.0,11308.48764440016
00000,24.844444444444,-102.9125,0.0,0.0,11308.48764440016
00000,24.844444444444,-102.9125,0.0,0.0,11308.48764440016
00000,24.844444444444,-102.9125,0.0,0.0,11308.48764440016
00000,25.776666666666,-103.0133333333,0.0,0.0,11308.422509236689
00000,28.093055555555,-103.2872222222,0.0,0.0,11308.312082713614
00000,25.711703,-103.002234,0.0,0.0,11308.037579209846
00000,25.708055555555,-103.0011111111,0.0,0.0,11307.966063938791
00000,25.708055555555,-103.0011111111,0.0,0.0,11307.966063938791
00000,25.7083,-103.0,0.0,0.0,11307.852589043308
00000,25.7580728,-103.0000961,0.0,0.0,11307.310162689986
00000,25.754683,-102.999356,0.0,0.0,11307.27403838627
00000,25.754683,-102.999356,0.0,0.0,11307.27403838627
00000,25.754854444444,-102.9993641666,0.0,0.0,11307.272949409664
00000,24.846944444444,-102.9002777777,0.0,0.0,11307.233420061295
00000,25.801111111111,-103.0016666666,0.0,0.0,11306.988492642264
00000,25.399166666666,-102.9569444444,0.0,0.0,11306.95511049028
00000,25.399166666666,-102.9569444444,0.0,0.0,11306.95511049028
00000,24.764444444444,-102.8883333333,0.0,0.0,11306.910355757067
00000,25.765466944444,-102.9938941666,0.0,0.0,11306.610114456555
00000,25.751638055555,-102.9910677777,0.0,0.0,11306.481892545116
00000,25.758815555555,-102.9844436111,0.0,0.0,11305.742210222654
00000,25.758888888888,-102.9844444444,0.0,0.0,11305.74148020904
00000,25.758888888888,-102.9844444444,0.0,0.0,11305.74148020904
00000,25.758888888888,-102.9844444444,0.0,0.0,11305.74148020904
00000,25.758888888888,-102.9844444444,0.0,0.0,11305.74148020904
00000,25.758888888888,-102.9844444444,0.0,0.0,11305.74148020904
00000,25.758888888888,-102.9844444444,0.0,0.0,11305.74148020904
00000,25.758888888888,-102.9844444444,0.0,0.0,11305.74148020904
00000,25.758888888888,-102.9844444444,0.0,0.0,11305.74148020904
00000,25.758888888888,-102.9844444444,0.0,0.0,11305.74148020904
00000,25.758888888888,-102.9844444444,0.0,0.0,11305.74148020904
00000,25.758888888888,-102.9844444444,0.0,0.0,11305.74148020904
00000,25.758888888888,-102.9844444444,0.0,0.0,11305.74148020904
00000,25.758888888888,-102.9844444444,0.0,0.0,11305.74148020904
00000,25.758888888888,-102.9844444444,0.0,0.0,11305.74148020904
00000,25.758888888888,-102.9844444444,0.0,0.0,11305.74148020904
00000,25.758888888888,-102.9844444444,0.0,0.0,11305.74148020904
00000,25.758888888888,-102.9844444444,0.0,0.0,11305.74148020904
00000,25.758888888888,-102.9844444444,0.0,0.0,11305.74148020904
00000,25.758888888888,-102.9844444444,0.0,0.0,11305.74148020904
00000,25.758888888888,-102.9844444444,0.0,0.0,11305.74148020904
00000,25.758888888888,-102.9844444444,0.0,0.0,11305.74148020904
00000,25.758888888888,-102.9844444444,0.0,0.0,11305.74148020904
00000,25.758888888888,-102.9844444444,0.0,0.0,11305.74148020904
00000,25.758888888888,-102.9844444444,0.0,0.0,11305.74148020904
00000,25.758888888888,-102.9844444444,0.0,0.0,11305.74148020904
00000,25.758888888888,-102.9844444444,0.0,0.0,11305.74148020904
00000,25.758888888888,-102.9844444444,0.0,0.0,11305.74148020904
00000,25.758888888888,-102.9844444444,0.0,0.0,11305.74148020904
00000,25.758888888888,-102.9844444444,0.0,0.0,11305.74148020904
00000,25.758888888888,-102.9844444444,0.0,0.0,11305.74148020904
00000,25.758888888888,-102.9844444444,0.0,0.0,11305.74148020904
00000,25.758888888888,-102.9844444444,0.0,0.0,11305.74148020904
00000,25.758888888888,-102.9844444444,0.0,0.0,11305.74148020904
00000,25.758888888888,-102.9844444444,0.0,0.0,11305.74148020904
00000,25.758888888888,-102.9844444444,0.0,0.0,11305.74148020904
00000,25.758888888888,-102.9844444444,0.0,0.0,11305.74148020904
00000,25.758888888888,-102.9844444444,0.0,0.0,11305.74148020904
00000,25.755361388888,-102.9839830555,0.0,0.0,11305.734610067533
00000,25.755361388888,-102.9839830555,0.0,0.0,11305.734610067533
00000,25.742834,-102.982398,0.0,0.0,11305.715480380564
00000,25.7578,-102.983,0.0,0.0,11305.609617212895
00000,25.7578,-102.983,0.0,0.0,11305.609617212895
00000,25.7578,-102.983,0.0,0.0,11305.609617212895
00000,25.7578,-102.983,0.0,0.0,11305.609617212895
00000,25.7578,-102.983,0.0,0.0,11305.609617212895
00000,25.701666666666,-102.975,0.0,0.0,11305.43367359946
00000,25.701666666666,-102.975,0.0,0.0,11305.43367359946
00000,26.528611111111,-103.0686111111,0.0,0.0,11305.41937553919
00000,26.528611111111,-103.0686111111,0.0,0.0,11305.41937553919
00000,25.760386388888,-102.9812802777,0.0,0.0,11305.409582443157
00000,25.759268055555,-102.9800111111,0.0,0.0,11305.295510777309
00000,25.769513611111,-102.9791158333,0.0,0.0,11305.092731841394
00000,25.7128644,-102.9721452,0.0,0.0,11305.025257507472
00000,25.713888888888,-102.9719444444,0.0,0.0,11304.993915781417
00000,28.450277777777,-103.2983333333,0.0,0.0,11304.97606521187
00000,28.4496,-103.298,0.0,0.0,11304.9521137849
00000,25.768212777777,-102.9759077777,0.0,0.0,11304.787506154227
00000,26.372222222222,-103.0436111111,0.0,0.0,11304.730406423549
00000,27.323333333333,-103.1552777777,0.0,0.0,11304.69441655857
00000,27.323333333333,-103.1552777777,0.0,0.0,11304.69441655857
00000,25.4881725,-102.9439158,0.0,0.0,11304.680207317597
00000,25.489722222222,-102.9438888888,0.0,0.0,11304.6605582087
00000,25.489722222222,-102.9438888888,0.0,0.0,11304.6605582087
00000,25.489722222222,-102.9438888888,0.0,0.0,11304.6605582087
00000,26.526148,-103.057817,0.0,0.0,11304.37943842492
00000,25.6511908,-102.9583115,0.0,0.0,11304.326688766063
00000,25.651388888888,-102.9583333333,0.0,0.0,11304.326683231167
00000,25.6510771,-102.9581908,0.0,0.0,11304.315902958113
00000,25.726111111111,-102.9633333333,0.0,0.0,11304.000404127066
00000,25.726111111111,-102.9633333333,0.0,0.0,11304.000404127066
00000,25.7261207,-102.9632123,0.0,0.0,11303.988233898308
00000,25.7263,-102.963,0.0,0.0,11303.965090279842
00000,25.441111111111,-102.9286111111,0.0,0.0,11303.665474014544
00000,25.7210699,-102.9591143,0.0,0.0,11303.63557336192
00000,25.6537778,-102.9469913,0.0,0.0,11303.16908879308
00000,25.7868,-102.958,0.0,0.0,11302.797395278285
00000,25.786666666666,-102.9575,0.0,0.0,11302.749059778926
00000,25.786666666666,-102.9575,0.0,0.0,11302.749059778926
00000,25.784166666666,-102.9569444444,0.0,0.0,11302.721396646635
00000,26.478055555555,-103.0330555555,0.0,0.0,11302.478462223215
00000,26.477969,-103.032846,0.0,0.0,11302.45870315044
00000,25.6955,-102.942,0.0,0.0,11302.211614193917
00000,25.733055555555,-102.9441666666,0.0,0.0,11302.013248565638
00000,25.694914,-102.938854,0.0,0.0,11301.9043999136
00000,24.865833333333,-102.8438888888,0.0,0.0,11301.369342152604
00000,24.865833333333,-102.8438888888,0.0,0.0,11301.369342152604
00000,25.745833333333,-102.9386111111,0.0,0.0,11301.318455278164
00000,25.687777777777,-102.9288888888,0.0,0.0,11300.989396600327
00000,25.687777777777,-102.9288888888,0.0,0.0,11300.989396600327
00000,25.687777777777,-102.9288888888,0.0,0.0,11300.989396600327
00000,25.687777777777,-102.9288888888,0.0,0.0,11300.989396600327
00000,25.426388888888,-102.8969444444,0.0,0.0,11300.661277814077
00000,25.7077769,-102.9164571,0.0,0.0,11299.529720379995
00000,25.7077769,-102.9164571,0.0,0.0,11299.529720379995
00000,25.7075,-102.9161111111,0.0,0.0,11299.49827432072
00000,28.744722222222,-103.2780555555,0.0,0.0,11299.331151190674
00000,28.744437,-103.277878,0.0,0.0,11299.317527528796
00000,25.5,-102.8786111111,0.0,0.0,11298.028253758273
00000,25.5,-102.8786111111,0.0,0.0,11298.028253758273
00000,25.699166666666,-102.8833333333,0.0,0.0,11296.32186481998
00000,25.699166666666,-102.8833333333,0.0,0.0,11296.32186481998
00000,25.699166666666,-102.8833333333,0.0,0.0,11296.32186481998
00000,28.656666666666,-103.1991666666,0.0,0.0,11292.784706552164
00000,28.656666666666,-103.1991666666,0.0,0.0,11292.784706552164
00000,25.672222222222,-102.8447222222,0.0,0.0,11292.766688727697
00000,25.347519,-102.808268,0.0,0.0,11292.649203255962
00000,25.3425,-102.8066666666,0.0,0.0,11292.543092586184
00000,25.3425,-102.8066666666,0.0,0.0,11292.543092586184
00000,25.3425,-102.8066666666,0.0,0.0,11292.543092586184
00000,25.3425,-102.8066666666,0.0,0.0,11292.543092586184
00000,25.3425,-102.8066666666,0.0,0.0,11292.543092586184
00000,25.3425,-102.8066666666,0.0,0.0,11292.543092586184
00000,25.3425,-102.8066666666,0.0,0.0,11292.543092586184
00000,25.3425,-102.8066666666,0.0,0.0,11292.543092586184
00000,25.3425,-102.8066666666,0.0,0.0,11292.543092586184
00000,25.3425,-102.8066666666,0.0,0.0,11292.543092586184
00000,25.342616944444,-102.8065538888,0.0,0.0,11292.530553076898
00000,25.672,-102.842,0.0,0.0,11292.497621157041
00000,25.337588,-102.804758,0.0,0.0,11292.405064777844
00000,25.283333333333,-102.7830555555,0.0,0.0,11290.816674237436
00000,25.713333333333,-102.7936111111,0.0,0.0,11287.221239074235
00000,26.908888888888,-102.9233333333,0.0,0.0,11286.702865433681
00000,26.328611111111,-102.8261111111,0.0,0.0,11283.661957786995
00000,26.328611111111,-102.8261111111,0.0,0.0,11283.661957786995
00000,26.320833333333,-102.8244444444,0.0,0.0,11283.583563044684
00000,26.243055555555,-102.7988888888,0.0,0.0,11281.914956784738
00000,26.243055555555,-102.7988888888,0.0,0.0,11281.914956784738
00000,26.243055555555,-102.7988888888,0.0,0.0,11281.914956784738
00000,26.243055555555,-102.7988888888,0.0,0.0,11281.914956784738
00000,26.243055555555,-102.7988888888,0.0,0.0,11281.914956784738
00000,26.2281,-102.796,0.0,0.0,11281.794410828967
00000,26.232777777777,-102.795,0.0,0.0,11281.643214283364
00000,26.2296715,-102.7944306,0.0,0.0,11281.62120083827
00000,27.853055555555,-102.9791666666,0.0,0.0,11281.142737233406
00000,28.765277777777,-103.0680555555,0.0,0.0,11278.732549254784
00000,26.4375,-102.7883333333,0.0,0.0,11278.700934447386
00000,28.7656219,-103.0677205,0.0,0.0,11278.695844441554
00000,28.7655,-103.067688888889,0.0,0.0,11278.694286940123
00000,26.4361,-102.787,0.0,0.0,11278.584502123862
00000,25.1175,-102.6319444444,0.0,0.0,11277.44509246565
00000,26.169444444444,-102.7194444444,0.0,0.0,11274.842947454981
00000,25.064444444444,-102.5811111111,0.0,0.0,11272.905939433653
00000,28.4725,-102.9533333333,0.0,0.0,11271.183767621791
00000,28.4725,-102.9533333333,0.0,0.0,11271.183767621791
00000,28.4725,-102.9533333333,0.0,0.0,11271.183767621791
00000,25.622222222222,-102.6222222222,0.0,0.0,11271.110517788806
00000,29.1074453,-103.0272881,0.0,0.0,11270.550515684252
00000,25.451111111111,-102.5872222222,0.0,0.0,11269.44074868955
00000,28.234722222222,-102.9025,0.0,0.0,11269.104055471695
00000,28.6381,-102.947,0.0,0.0,11268.556990871888
00000,28.6378251,-102.9467591,0.0,0.0,11268.53697008434
00000,28.6378486,-102.9466197,0.0,0.0,11268.52316140353
00000,28.594722222222,-102.9366666666,0.0,0.0,11268.082067202513
00000,28.594722222222,-102.9366666666,0.0,0.0,11268.082067202513
00000,29.0275,-102.9869444444,0.0,0.0,11267.645421418738
00000,27.0425,-102.7386111111,0.0,0.0,11266.967589049083
00000,25.564166666666,-102.5655555555,0.0,0.0,11266.074128457152
00000,25.564444444444,-102.5652777777,0.0,0.0,11266.043435591557
00000,25.243055555555,-102.5177777777,0.0,0.0,11264.688988512846
00000,28.8655166666667,-102.929702777778,0.0,0.0,11264.103432440075
00000,28.865587451834983,-102.92962208390236,0.0,0.0,11264.09475530935
00000,29.169166666666,-102.9527777777,0.0,0.0,11262.593005187668
00000,28.713611111111,-102.8838888888,0.0,0.0,11261.518640090695
00000,28.713611111111,-102.8838888888,0.0,0.0,11261.518640090695
00000,28.713611111111,-102.8838888888,0.0,0.0,11261.518640090695
00000,28.445277777777,-102.8483333333,0.0,0.0,11261.308207407705
00000,28.445277777777,-102.8483333333,0.0,0.0,11261.308207407705
00000,28.445277777777,-102.8483333333,0.0,0.0,11261.308207407705
00000,28.445277777777,-102.8483333333,0.0,0.0,11261.308207407705
00000,29.187777777777,-102.9375,0.0,0.0,11260.888521295705
00000,27.025555555555,-102.6725,0.0,0.0,11260.645774971506
00000,29.1883,-102.935,0.0,0.0,11260.6408759034
00000,25.665833333333,-102.5047222222,0.0,0.0,11258.920910099218
00000,25.553055555555,-102.4702777777,0.0,0.0,11256.677800269978
00000,25.397222222222,-102.4425,0.0,0.0,11255.540839458465
00000,26.937222222222,-102.6086111111,0.0,0.0,11255.34172377535
00000,26.604166666666,-102.5552777777,0.0,0.0,11253.777979477716
00000,26.604166666666,-102.5552777777,0.0,0.0,11253.777979477716
00000,26.603888888888,-102.555,0.0,0.0,11253.753563880393
00000,28.175,-102.7258333333,0.0,0.0,11252.601113822015
00000,29.0957469,-102.8340817,0.0,0.0,11252.039367971385
00000,28.9681641,-102.8057355,0.0,0.0,11250.857328751008
00000,26.6425,-102.5216666666,0.0,0.0,11250.030619649164
00000,26.6425,-102.5216666666,0.0,0.0,11250.030619649164
00000,26.6425,-102.5216666666,0.0,0.0,11250.030619649164
00000,25.731104,-102.4140884,0.0,0.0,11249.188905987636
00000,28.476666666666,-102.7205555555,0.0,0.0,11248.514307884927
00000,28.476666666666,-102.7205555555,0.0,0.0,11248.514307884927
00000,29.409444444444,-102.8322222222,0.0,0.0,11248.000961374231
00000,29.409444444444,-102.8322222222,0.0,0.0,11248.000961374231
00000,28.831666666666,-102.7488888888,0.0,0.0,11247.009958448703
00000,28.831666666666,-102.7488888888,0.0,0.0,11247.009958448703
00000,25.542777777777,-102.3630555555,0.0,0.0,11246.077156731191
00000,25.542777777777,-102.3630555555,0.0,0.0,11246.077156731191
00000,25.542777777777,-102.3630555555,0.0,0.0,11246.077156731191
00000,26.286388888888,-102.4419444444,0.0,0.0,11246.020575402577
00000,25.133055555555,-102.3138888888,0.0,0.0,11245.403782515286
00000,25.133055555555,-102.3138888888,0.0,0.0,11245.403782515286
00000,25.533888888888,-102.3488888888,0.0,0.0,11244.755029735723
00000,25.667572487,-102.36156647,0.0,0.0,11244.61997378331
00000,25.6693,-102.359,0.0,0.0,11244.345756618508
00000,25.276666666666,-102.3022222222,0.0,0.0,11242.757686121386
00000,25.276666666666,-102.3022222222,0.0,0.0,11242.757686121386
00000,25.276666666666,-102.3022222222,0.0,0.0,11242.757686121386
00000,25.945314,-102.36818,0.0,0.0,11242.345022485766
00000,25.697777777777,-102.3083333333,0.0,0.0,11238.992405578641
00000,25.753333333333,-102.3055555555,0.0,0.0,11238.133007729113
00000,25.773611111111,-102.3002777777,0.0,0.0,11237.39405507038
00000,25.773611111111,-102.3002777777,0.0,0.0,11237.39405507038
00000,25.768055555555,-102.2916666666,0.0,0.0,11236.593902138662
00000,25.4825,-102.2580555555,0.0,0.0,11236.213634590353
00000,25.4825,-102.2580555555,0.0,0.0,11236.213634590353
00000,28.359166298,-102.57527141,0.0,0.0,11235.77387898378
00000,28.3586777,-102.5749785,0.0,0.0,11235.751101749009
00000,28.360277777777,-102.575,0.0,0.0,11235.734446679722
00000,28.3591781,-102.5748471,0.0,0.0,11235.73245304396
00000,28.358333333333,-102.5747222222,0.0,0.0,11235.730198924246
00000,28.3591734,-102.5747881,0.0,0.0,11235.726767088716
00000,25.381944444444,-102.2425,0.0,0.0,11235.696377847204
00000,28.358884,-102.57403,0.0,0.0,11235.656390214863
00000,25.712222222222,-102.275,0.0,0.0,11235.516406154047
00000,25.524829,-102.249693,0.0,0.0,11234.939768946428
00000,25.524829,-102.249693,0.0,0.0,11234.939768946428
00000,25.767812,-102.27268,0.0,0.0,11234.703626667993
00000,26.932222222222,-102.3980555555,0.0,0.0,11234.6288368481
00000,25.781713,-102.270699,0.0,0.0,11234.360595040798
00000,25.781944444444,-102.2705555555,0.0,0.0,11234.343872572786
00000,25.726388888888,-102.2647222222,0.0,0.0,11234.343329063238
00000,25.765277777777,-102.2633333333,0.0,0.0,11233.798332208065
00000,28.368333333333,-102.555,0.0,0.0,11233.6940981224
00000,28.368333333333,-102.555,0.0,0.0,11233.6940981224
00000,25.764444444444,-102.2458333333,0.0,0.0,11232.062341627996
00000,25.7641754,-102.2389506,0.0,0.0,11231.378952173787
00000,25.764166666666,-102.2388888888,0.0,0.0,11231.372890791581
00000,25.764166666666,-102.2388888888,0.0,0.0,11231.372890791581
00000,27.321944444444,-102.4058333333,0.0,0.0,11231.07131917114
00000,27.3197361111111,-102.398830555556,0.0,0.0,11230.407662594553
00000,27.3093708,-102.396798,0.0,0.0,11230.323541504766
00000,27.3112,-102.397,0.0,0.0,11230.322989420876
00000,27.313888888888,-102.3972222222,0.0,0.0,11230.314830087245
00000,27.313888888888,-102.3972222222,0.0,0.0,11230.314830087245
00000,27.313888888888,-102.3972222222,0.0,0.0,11230.314830087245
00000,27.313888888888,-102.3972222222,0.0,0.0,11230.314830087245
00000,27.313888888888,-102.3972222222,0.0,0.0,11230.314830087245
00000,27.313888888888,-102.3972222222,0.0,0.0,11230.314830087245
00000,25.440913888888,-102.1936022222,0.0,0.0,11230.199638408236
00000,25.496388888888,-102.1986111111,0.0,0.0,11230.129459669943
00000,26.319166666666,-102.2797222222,0.0,0.0,11229.573319485256
00000,25.437771388888,-102.1866119444,0.0,0.0,11229.53300951911
00000,25.436732777777,-102.1864683333,0.0,0.0,11229.529317362825
00000,25.499444444444,-102.1919444444,0.0,0.0,11229.4317650418
00000,25.440650555555,-102.1857161111,0.0,0.0,11229.413868838374
00000,25.44055,-102.1854,0.0,0.0,11229.383295820726
00000,25.438548055555,-102.1844758333,0.0,0.0,11229.311453502467
00000,25.4374,-102.184,0.0,0.0,11229.275666056034
00000,25.4374,-102.184,0.0,0.0,11229.275666056034
00000,25.430023333333,-102.1830916666,0.0,0.0,11229.26057494668
00000,25.436944444444,-102.1836111111,0.0,0.0,11229.241460145726
00000,25.436944444444,-102.1836111111,0.0,0.0,11229.241460145726
00000,25.436944444444,-102.1836111111,0.0,0.0,11229.241460145726
00000,25.436944444444,-102.1836111111,0.0,0.0,11229.241460145726
00000,25.436944444444,-102.1836111111,0.0,0.0,11229.241460145726
00000,25.436944444444,-102.1836111111,0.0,0.0,11229.241460145726
00000,25.436944444444,-102.1836111111,0.0,0.0,11229.241460145726
00000,25.436944444444,-102.1836111111,0.0,0.0,11229.241460145726
00000,25.436944444444,-102.1836111111,0.0,0.0,11229.241460145726
00000,25.436944444444,-102.1836111111,0.0,0.0,11229.241460145726
00000,25.436944444444,-102.1836111111,0.0,0.0,11229.241460145726
00000,25.436944444444,-102.1836111111,0.0,0.0,11229.241460145726
00000,25.436944444444,-102.1836111111,0.0,0.0,11229.241460145726
00000,25.436944444444,-102.1836111111,0.0,0.0,11229.241460145726
00000,25.436944444444,-102.1836111111,0.0,0.0,11229.241460145726
00000,25.436944444444,-102.1836111111,0.0,0.0,11229.241460145726
00000,25.436944444444,-102.1836111111,0.0,0.0,11229.241460145726
00000,25.436944444444,-102.1836111111,0.0,0.0,11229.241460145726
00000,25.436944444444,-102.1836111111,0.0,0.0,11229.241460145726
00000,25.436944444444,-102.1836111111,0.0,0.0,11229.241460145726
00000,25.436944444444,-102.1836111111,0.0,0.0,11229.241460145726
00000,25.436944444444,-102.1836111111,0.0,0.0,11229.241460145726
00000,25.436944444444,-102.1836111111,0.0,0.0,11229.241460145726
00000,25.436944444444,-102.1836111111,0.0,0.0,11229.241460145726
00000,25.436944444444,-102.1836111111,0.0,0.0,11229.241460145726
00000,25.436944444444,-102.1836111111,0.0,0.0,11229.241460145726
00000,25.436944444444,-102.1836111111,0.0,0.0,11229.241460145726
00000,25.436944444444,-102.1836111111,0.0,0.0,11229.241460145726
00000,25.436944444444,-102.1836111111,0.0,0.0,11229.241460145726
00000,25.436944444444,-102.1836111111,0.0,0.0,11229.241460145726
00000,25.436944444444,-102.1836111111,0.0,0.0,11229.241460145726
00000,25.436944444444,-102.1836111111,0.0,0.0,11229.241460145726
00000,25.436944444444,-102.1836111111,0.0,0.0,11229.241460145726
00000,25.436944444444,-102.1836111111,0.0,0.0,11229.241460145726
00000,25.436944444444,-102.1836111111,0.0,0.0,11229.241460145726
00000,25.436944444444,-102.1836111111,0.0,0.0,11229.241460145726
00000,25.436944444444,-102.1836111111,0.0,0.0,11229.241460145726
00000,25.436944444444,-102.1836111111,0.0,0.0,11229.241460145726
00000,25.436944444444,-102.1836111111,0.0,0.0,11229.241460145726
00000,25.436944444444,-102.1836111111,0.0,0.0,11229.241460145726
00000,25.436944444444,-102.1836111111,0.0,0.0,11229.241460145726
00000,25.436944444444,-102.1836111111,0.0,0.0,11229.241460145726
00000,25.436944444444,-102.1836111111,0.0,0.0,11229.241460145726
00000,25.436944444444,-102.1836111111,0.0,0.0,11229.241460145726
00000,25.436944444444,-102.1836111111,0.0,0.0,11229.241460145726
00000,25.436944444444,-102.1836111111,0.0,0.0,11229.241460145726
00000,25.43673,-102.183125,0.0,0.0,11229.195057353367
00000,25.444705,-102.183681,0.0,0.0,11229.168752870262
00000,25.43966,-102.183074,0.0,0.0,11229.159873486406
00000,25.435503,-102.18197,0.0,0.0,11229.092169065307
00000,25.438482222222,-102.1821416666,0.0,0.0,11229.078747425147
00000,25.4367444444444,-102.181725,0.0,0.0,11229.054927582923
00000,25.435879444444,-102.180745,0.0,0.0,11228.965819743911
00000,25.439097777777,-102.1791066666,0.0,0.0,11228.768973342148
00000,25.460562,-102.18052,0.0,0.0,11228.689849793942
00000,25.4605963,-102.1802766,0.0,0.0,11228.665165587505
00000,25.4606254,-102.1802766,0.0,0.0,11228.66486662215
00000,25.444668888888,-102.1763894444,0.0,0.0,11228.440113245386
00000,25.446022,-102.174724,0.0,0.0,11228.259714093938
00000,25.439132848768267,-102.17364951968192,0.0,0.0,11228.222979750844
00000,25.4420583333333,-102.172930555556,0.0,0.0,11228.12107861918
00000,25.4423394,-102.1729142,0.0,0.0,11228.11655945752
00000,25.331666666666,-102.16,0.0,0.0,11227.957406704181
00000,25.331666666666,-102.16,0.0,0.0,11227.957406704181
00000,25.489166666666,-102.1730555555,0.0,0.0,11227.649803796296
00000,25.489166666666,-102.1730555555,0.0,0.0,11227.649803796296
00000,29.345277777777,-102.6108333333,0.0,0.0,11227.46497065301
00000,25.437382,-102.16419,0.0,0.0,11227.29511213004
00000,25.7204,-102.189,0.0,0.0,11226.85350552413
00000,28.5330196,-102.5029782,0.0,0.0,11226.708500931129
00000,28.5330715,-102.5029728,0.0,0.0,11226.707368466328
00000,25.595,-102.1702777777,0.0,0.0,11226.28258045788
00000,25.545833333333,-102.1647222222,0.0,0.0,11226.234329531311
00000,25.545833333333,-102.1647222222,0.0,0.0,11226.234329531311
00000,26.892777777777,-102.2983333333,0.0,0.0,11225.221812680611
00000,26.6176,-102.266,0.0,0.0,11225.01133574698
00000,26.615277777777,-102.2647222222,0.0,0.0,11224.909940668593
00000,27.7164,-102.388,0.0,0.0,11224.88989999612
00000,26.0992826,-102.2066361,0.0,0.0,11224.647837887302
00000,25.629722222222,-102.1572222222,0.0,0.0,11224.620965758544
00000,26.0996,-102.206,0.0,0.0,11224.581261159581
00000,25.7725,-102.1577777777,0.0,0.0,11223.199548992628
00000,25.731666666666,-102.1508333333,0.0,0.0,11222.930103593257
00000,29.26,-102.5475,0.0,0.0,11222.389495651985
00000,29.26,-102.5475,0.0,0.0,11222.389495651985
00000,26.165259,-102.188432,0.0,0.0,11222.143407831632
00000,26.165555555555,-102.1883333333,0.0,0.0,11222.130478599689
00000,26.010555555555,-102.1716666666,0.0,0.0,11222.102084780108
00000,25.450555555555,-102.1133333333,0.0,0.0,11222.075486862983
00000,25.6325895,-102.1295045,0.0,0.0,11221.824590567729
00000,25.6325,-102.1291666666,0.0,0.0,11221.791788850684
00000,26.921388888888,-102.2658333333,0.0,0.0,11221.702802835827
00000,25.544229326,-102.11919325,0.0,0.0,11221.702632577053
00000,25.5453,-102.119,0.0,0.0,11221.67235045055
00000,25.641709,-102.113078,0.0,0.0,11220.091105022217
00000,25.6418288,-102.1130786,0.0,0.0,11220.08993300534
00000,25.644166666666,-102.1119444444,0.0,0.0,11219.952688658814
00000,25.6458838,-102.1113593,0.0,0.0,11219.876627045254
00000,25.423611111111,-102.0819444444,0.0,0.0,11219.211497296092
00000,26.6292,-102.205,0.0,0.0,11218.85129788949
00000,25.406944444444,-102.0638888888,0.0,0.0,11217.575112468827
00000,27.193333333333,-102.2455555555,0.0,0.0,11216.731061348237
00000,27.193333333333,-102.2455555555,0.0,0.0,11216.731061348237
00000,25.146666666666,-102.0252777777,0.0,0.0,11216.33474992923
00000,25.1468,-102.025,0.0,0.0,11216.30556718444
00000,25.275948,-102.035597,0.0,0.0,11216.069031608937
00000,25.14784044,-102.02192605,0.0,0.0,11215.986987941913
00000,25.721666666666,-102.0633333333,0.0,0.0,11214.305834565897
00000,25.446666666666,-102.0275,0.0,0.0,11213.533045030594
00000,25.446666666666,-102.0275,0.0,0.0,11213.533045030594
00000,29.1006416666667,-102.433911111111,0.0,0.0,11213.328495501364
00000,29.1006416666667,-102.433911111111,0.0,0.0,11213.328495501364
00000,27.084444444444,-102.1969444444,0.0,0.0,11213.134631105042
00000,26.548333333333,-102.1366666666,0.0,0.0,11212.952002857262
00000,25.643333333333,-102.04,0.0,0.0,11212.780057198006
00000,27.123888888888,-102.1958333333,0.0,0.0,11212.595339154625
00000,27.123888888888,-102.1958333333,0.0,0.0,11212.595339154625
00000,27.123888888888,-102.1958333333,0.0,0.0,11212.595339154625
00000,25.407126269,-102.00479734,0.0,0.0,11211.662761465997
00000,25.407777777777,-102.0025,0.0,0.0,11211.426389096698
00000,25.407777777777,-102.0025,0.0,0.0,11211.426389096698
00000,25.4077,-102.002,0.0,0.0,11211.377162422887
00000,29.032075,-102.402181,0.0,0.0,11211.073099015777
00000,29.031711,-102.40211,0.0,0.0,11211.070530173087
00000,29.198888888888,-102.4075,0.0,0.0,11209.61299833954
00000,29.199722,-102.407019,0.0,0.0,11209.55669098274
00000,25.2172,-101.96,0.0,0.0,11209.086703020013
00000,25.218541335,-101.96008601,0.0,0.0,11209.081913864908
00000,25.481944444444,-101.9838888888,0.0,0.0,11208.815819212485
00000,26.141944444444,-102.0455555555,0.0,0.0,11208.190532607363
00000,27.041388888888,-102.1341666666,0.0,0.0,11207.41539601024
00000,27.041388888888,-102.1341666666,0.0,0.0,11207.41539601024
00000,25.704722222222,-101.9783333333,0.0,0.0,11205.999627765625
00000,25.652222222222,-101.9694444444,0.0,0.0,11205.646809970842
00000,25.652222222222,-101.9694444444,0.0,0.0,11205.646809970842
00000,25.652222222222,-101.9694444444,0.0,0.0,11205.646809970842
00000,25.508888888888,-101.9547222222,0.0,0.0,11205.628302051453
00000,25.826388888888,-101.9869444444,0.0,0.0,11205.615436238368
00000,25.508831,-101.954481,0.0,0.0,11205.604778589044
00000,25.826111111111,-101.9866666666,0.0,0.0,11205.590596754591
00000,27.026666666666,-102.1130555555,0.0,0.0,11205.49341122724
00000,25.554444444444,-101.9461111111,0.0,0.0,11204.30767714569
00000,25.651388888888,-101.9505555555,0.0,0.0,11203.769840886624
00000,25.406944444444,-101.9219444444,0.0,0.0,11203.376986887717
00000,29.333333333333,-102.3569444444,0.0,0.0,11203.141719807214
00000,26.985833333333,-102.0666666666,0.0,0.0,11201.358803225134
00000,26.985833333333,-102.0666666666,0.0,0.0,11201.358803225134
00000,26.985833333333,-102.0666666666,0.0,0.0,11201.358803225134
00000,26.985833333333,-102.0666666666,0.0,0.0,11201.358803225134
00000,26.985833333333,-102.0666666666,0.0,0.0,11201.358803225134
00000,26.985833333333,-102.0666666666,0.0,0.0,11201.358803225134
00000,26.985833333333,-102.0666666666,0.0,0.0,11201.358803225134
00000,26.985833333333,-102.0666666666,0.0,0.0,11201.358803225134
00000,26.985833333333,-102.0666666666,0.0,0.0,11201.358803225134
00000,26.985833333333,-102.0666666666,0.0,0.0,11201.358803225134
00000,26.985833333333,-102.0666666666,0.0,0.0,11201.358803225134
00000,26.985833333333,-102.0666666666,0.0,0.0,11201.358803225134
00000,26.985833333333,-102.0666666666,0.0,0.0,11201.358803225134
00000,26.985833333333,-102.0666666666,0.0,0.0,11201.358803225134
00000,26.985833333333,-102.0666666666,0.0,0.0,11201.358803225134
00000,26.986771111111,-102.0651525,0.0,0.0,11201.199401730499
00000,25.5747,-101.916,0.0,0.0,11201.09522215492
00000,25.5768277777778,-101.914225,0.0,0.0,11200.896460972215
00000,26.976680277777,-102.0602113888,0.0,0.0,11200.820347846608
00000,26.986576,-102.058056,0.0,0.0,11200.501606211621
00000,25.654166666666,-101.9075,0.0,0.0,11199.443976837423
00000,27.757777777777,-102.1308333333,0.0,0.0,11199.245627494081
00000,27.757777777777,-102.1308333333,0.0,0.0,11199.245627494081
00000,25.464201,-101.86872,0.0,0.0,11197.480443953036
00000,25.46386,-101.868391,0.0,0.0,11197.450960899807
00000,25.796944444444,-101.9016666666,0.0,0.0,11197.415322886649
00000,26.7844321,-102.0017179,0.0,0.0,11197.096065889615
00000,26.527222222222,-101.9711111111,0.0,0.0,11196.780032029565
00000,26.527222222222,-101.9711111111,0.0,0.0,11196.780032029565
00000,25.5372,-101.869,0.0,0.0,11196.776975031225
00000,25.4733663,-101.8564286,0.0,0.0,11196.159844926553
00000,25.3355,-101.839,0.0,0.0,11195.790417833143
00000,25.3949648,-101.8430882,0.0,0.0,11195.608041390456
00000,25.3393,-101.836555555556,0.0,0.0,11195.507988235448
00000,25.394722222222,-101.8419444444,0.0,0.0,11195.496028010515
00000,25.0025,-101.7977777777,0.0,0.0,11194.940394613366
00000,25.0025,-101.7977777777,0.0,0.0,11194.940394613366
00000,25.371388888888,-101.8216666666,0.0,0.0,11193.69914021077
00000,25.371388888888,-101.8216666666,0.0,0.0,11193.69914021077
00000,27.356666666666,-102.0252777777,0.0,0.0,11193.284501582146
00000,26.987777777777,-101.9822222222,0.0,0.0,11193.009467678994
00000,26.987777777777,-101.9822222222,0.0,0.0,11193.009467678994
00000,25.659444444444,-101.8427777777,0.0,0.0,11192.93028040928
00000,25.578055555555,-101.8338888888,0.0,0.0,11192.859553111231
00000,25.578055555555,-101.8338888888,0.0,0.0,11192.859553111231
00000,25.578055555555,-101.8338888888,0.0,0.0,11192.859553111231
00000,25.375076,-101.813251,0.0,0.0,11192.820396557541
00000,25.649166666666,-101.8361111111,0.0,0.0,11192.368087387456
00000,25.661388888888,-101.8169444444,0.0,0.0,11190.332099238953
00000,25.083872348,-101.75970203,0.0,0.0,11190.323872934692
00000,25.0841,-101.759,0.0,0.0,11190.25122137386
00000,25.083055555555,-101.7569444444,0.0,0.0,11190.055219787817
00000,25.451169025,-101.78195287,0.0,0.0,11188.934133264202
00000,25.4503,-101.78,0.0,0.0,11188.747466302848
00000,25.450277777777,-101.7791666666,0.0,0.0,11188.664350479157
00000,25.03,-101.7175,0.0,0.0,11186.614370247244
00000,25.03,-101.7175,0.0,0.0,11186.614370247244
00000,29.27039,-102.167388,0.0,0.0,11185.604253552588
00000,25.6532109,-101.7648354,0.0,0.0,11185.21221335171
00000,25.653351993,-101.76439739,0.0,0.0,11185.167078178041
00000,25.693055555555,-101.7666666666,0.0,0.0,11184.99681430896
00000,25.6507,-101.762,0.0,0.0,11184.954221342745
00000,27.631499,-101.970386,0.0,0.0,11184.912153270923
00000,25.648888888888,-101.7613888888,0.0,0.0,11184.91128993708
00000,27.631526,-101.970339,0.0,0.0,11184.907251588671
00000,25.4725,-101.7433333333,0.0,0.0,11184.860889595719
00000,29.494722222222,-102.1863888888,0.0,0.0,11184.808764582509
00000,27.631666666666,-101.9691666666,0.0,0.0,11184.790785296358
00000,25.5825,-101.7522222222,0.0,0.0,11184.657444308436
00000,25.5825,-101.7522222222,0.0,0.0,11184.657444308436
00000,25.5825,-101.7522222222,0.0,0.0,11184.657444308436
00000,27.001026,-101.894267,0.0,0.0,11184.193962143725
00000,26.675277777777,-101.8488888888,0.0,0.0,11183.134078581352
00000,26.675277777777,-101.8488888888,0.0,0.0,11183.134078581352
00000,26.675277777777,-101.8488888888,0.0,0.0,11183.134078581352
00000,28.956388888888,-102.1036111111,0.0,0.0,11183.075236130875
00000,26.953234,-101.873706,0.0,0.0,11182.670698469758
00000,26.953234,-101.873706,0.0,0.0,11182.670698469758
00000,26.953333333333,-101.8736111111,0.0,0.0,11182.660287955136
00000,25.110277777777,-101.6858333333,0.0,0.0,11182.656730023102
00000,25.9416798,-101.7600608,0.0,0.0,11181.841326591062
00000,25.941666666666,-101.76,0.0,0.0,11181.835404647418
00000,25.941388888888,-101.7597222222,0.0,0.0,11181.810545126156
00000,26.029722222222,-101.7563888888,0.0,0.0,11180.58667434845
00000,25.513611111111,-101.7027777777,0.0,0.0,11180.399859482197
00000,25.715277777777,-101.7216666666,0.0,0.0,11180.284499343654
00000,26.045277777777,-101.7397222222,0.0,0.0,11178.771165608066
00000,25.186111111111,-101.64,0.0,0.0,11177.324189592155
00000,25.186111111111,-101.64,0.0,0.0,11177.324189592155
00000,25.355833333333,-101.6461111111,0.0,0.0,11176.282620449449
00000,25.355833333333,-101.6461111111,0.0,0.0,11176.282620449449
00000,25.382251877,-101.64652419,0.0,0.0,11176.065552194848
00000,25.3827,-101.645,0.0,0.0,11175.90863962064
00000,25.383888888888,-101.6441666666,0.0,0.0,11175.813614269897
00000,25.716666666666,-101.6644444444,0.0,0.0,11174.561040793207
00000,25.716666666666,-101.6644444444,0.0,0.0,11174.561040793207
00000,27.384444444444,-101.8372222222,0.0,0.0,11174.502967162032
00000,27.384444444444,-101.8372222222,0.0,0.0,11174.502967162032
00000,29.017777777777,-102.0180555555,0.0,0.0,11174.094838848778
00000,29.017777777777,-102.0180555555,0.0,0.0,11174.094838848778
00000,27.333888888888,-101.8269444444,0.0,0.0,11174.031369264123
00000,27.049444444444,-101.7938888888,0.0,0.0,11173.78531103758
00000,27.049444444444,-101.7938888888,0.0,0.0,11173.78531103758
00000,27.049444444444,-101.7938888888,0.0,0.0,11173.78531103758
00000,26.213611111111,-101.6938888888,0.0,0.0,11172.512005270268
00000,26.213611111111,-101.6938888888,0.0,0.0,11172.512005270268
00000,26.090833333333,-101.6802777777,0.0,0.0,11172.398647069522
00000,26.090833333333,-101.6802777777,0.0,0.0,11172.398647069522
00000,24.889492,-101.557075,0.0,0.0,11171.855409568274
00000,24.889444444444,-101.5566666666,0.0,0.0,11171.814827184575
00000,28.768888888888,-101.9508333333,0.0,0.0,11170.408410963435
00000,28.768888888888,-101.9508333333,0.0,0.0,11170.408410963435
00000,28.768888888888,-101.9508333333,0.0,0.0,11170.408410963435
00000,28.768888888888,-101.9508333333,0.0,0.0,11170.408410963435
00000,28.768888888888,-101.9508333333,0.0,0.0,11170.408410963435
00000,29.482222222222,-102.0305555555,0.0,0.0,11169.955016412288
00000,25.367533,-101.5826197,0.0,0.0,11169.813609885794
00000,24.830833333333,-101.5280555555,0.0,0.0,11169.496292632977
00000,27.218888888888,-101.7655555555,0.0,0.0,11169.210166430066
00000,27.218888888888,-101.7655555555,0.0,0.0,11169.210166430066
00000,27.218888888888,-101.7655555555,0.0,0.0,11169.210166430066
00000,25.081111111111,-101.5458333333,0.0,0.0,11168.893943317247
00000,25.081111111111,-101.5458333333,0.0,0.0,11168.893943317247
00000,25.448611111111,-101.5791666666,0.0,0.0,11168.678484621125
00000,25.448611111111,-101.5791666666,0.0,0.0,11168.678484621125
00000,25.441526,-101.578452,0.0,0.0,11168.67608605857
00000,25.441388888888,-101.5783333333,0.0,0.0,11168.665553095372
00000,24.753055555555,-101.5030555555,0.0,0.0,11167.717951079301
00000,26.1925103,-101.6425672,0.0,0.0,11167.625967004074
00000,26.1925,-101.6425,0.0,0.0,11167.619393280329
00000,26.192222222222,-101.6422222222,0.0,0.0,11167.594588797545
00000,26.192858,-101.641987,0.0,0.0,11167.564812731804
00000,26.191026,-101.641217,0.0,0.0,11167.506748201782
00000,27.0039527777778,-101.725183333333,0.0,0.0,11167.486522360035
00000,27.0039527777778,-101.725183333333,0.0,0.0,11167.486522360035
00000,27.003888888888,-101.7241666666,0.0,0.0,11167.386909949064
00000,25.3875,-101.5552777777,0.0,0.0,11166.883172471611
00000,25.3875,-101.5552777777,0.0,0.0,11166.883172471611
00000,27.228055555555,-101.7247222222,0.0,0.0,11165.094286543015
00000,27.228055555555,-101.7247222222,0.0,0.0,11165.094286543015
00000,27.228055555555,-101.7247222222,0.0,0.0,11165.094286543015
00000,27.227835,-101.724139,0.0,0.0,11165.0391976528
00000,25.172439,-101.512842,0.0,0.0,11164.708680065147
00000,25.346207,-101.528777,0.0,0.0,11164.630851457714
00000,25.346388888888,-101.5280555555,0.0,0.0,11164.556868311785
00000,25.346388888888,-101.5280555555,0.0,0.0,11164.556868311785
00000,25.170833333333,-101.5102777777,0.0,0.0,11164.466999087956
00000,25.171111111111,-101.51,0.0,0.0,11164.436483658628
00000,25.620833333333,-101.5497222222,0.0,0.0,11164.053029526454
00000,29.426666666666,-101.9580555555,0.0,0.0,11163.615238781933
00000,29.426666666666,-101.9580555555,0.0,0.0,11163.615238781933
00000,25.0626,-101.491,0.0,0.0,11163.568818178672
00000,27.212777777777,-101.7072222222,0.0,0.0,11163.532038953103
00000,27.212777777777,-101.7072222222,0.0,0.0,11163.532038953103
00000,25.0625,-101.4902777777,0.0,0.0,11163.497294215429
00000,27.045277777777,-101.6888888888,0.0,0.0,11163.47650693436
00000,24.775277777777,-101.4613888888,0.0,0.0,11163.316545578931
00000,24.775277777777,-101.4613888888,0.0,0.0,11163.316545578931
00000,24.775277777777,-101.4613888888,0.0,0.0,11163.316545578931
00000,24.775277777777,-101.4613888888,0.0,0.0,11163.316545578931
00000,24.775277777777,-101.4613888888,0.0,0.0,11163.316545578931
00000,27.4170982,-101.7186119,0.0,0.0,11162.500486493982
00000,27.417222222222,-101.7183333333,0.0,0.0,11162.471803854933
00000,27.308518,-101.695988,0.0,0.0,11161.42111769854
00000,27.309722222222,-101.6961111111,0.0,0.0,11161.420565871542
00000,26.4995,-101.61,0.0,0.0,11161.290267050123
00000,27.220555555555,-101.6844444444,0.0,0.0,11161.208194830797
00000,27.044722222222,-101.6655555555,0.0,0.0,11161.181589434931
00000,25.409444444444,-101.5002777777,0.0,0.0,11161.166926913618
00000,26.498055555555,-101.6077777777,0.0,0.0,11161.084710116069
00000,26.498055555555,-101.6077777777,0.0,0.0,11161.084710116069
00000,25.399166666666,-101.4938888888,0.0,0.0,11160.626983937504
00000,25.630277777777,-101.5119444444,0.0,0.0,11160.187870102625
00000,25.630277777777,-101.5119444444,0.0,0.0,11160.187870102625
00000,25.630277777777,-101.5119444444,0.0,0.0,11160.187870102625
00000,27.2633,-101.676,0.0,0.0,11159.929303900355
00000,25.3821861111111,-101.483733333333,0.0,0.0,11159.774601858027
00000,25.363947,-101.481513,0.0,0.0,11159.728241050832
00000,25.3639619,-101.4814664,0.0,0.0,11159.723432866087
00000,25.334722222222,-101.4780555555,0.0,0.0,11159.66360199949
00000,27.024444444444,-101.6461111111,0.0,0.0,11159.474618415654
00000,27.024605,-101.645984,0.0,0.0,11159.46041778967
00000,25.378724,-101.479715,0.0,0.0,11159.405821291532
00000,25.3799,-101.479,0.0,0.0,11159.322921418488
00000,25.3799,-101.479,0.0,0.0,11159.322921418488
00000,25.376453,-101.476478,0.0,0.0,11159.103733962856
00000,26.7532,-101.613,0.0,0.0,11159.000295891612
00000,25.376388888888,-101.475,0.0,0.0,11158.95642205471
00000,25.376388888888,-101.475,0.0,0.0,11158.95642205471
00000,25.376388888888,-101.475,0.0,0.0,11158.95642205471
00000,25.376388888888,-101.475,0.0,0.0,11158.95642205471
00000,25.376388888888,-101.475,0.0,0.0,11158.95642205471
00000,25.376388888888,-101.475,0.0,0.0,11158.95642205471
00000,25.376388888888,-101.475,0.0,0.0,11158.95642205471
00000,25.376388888888,-101.475,0.0,0.0,11158.95642205471
00000,25.376388888888,-101.475,0.0,0.0,11158.95642205471
00000,25.377637,-101.474501,0.0,0.0,11158.894450064048
00000,26.753888888888,-101.6116666666,0.0,0.0,11158.861414070794
00000,25.065555555555,-101.4427777777,0.0,0.0,11158.70137053809
00000,25.065555555555,-101.4427777777,0.0,0.0,11158.70137053809
00000,25.065555555555,-101.4427777777,0.0,0.0,11158.70137053809
00000,25.065555555555,-101.4427777777,0.0,0.0,11158.70137053809
00000,25.153055555555,-101.4508333333,0.0,0.0,11158.676548481373
00000,25.153055555555,-101.4508333333,0.0,0.0,11158.676548481373
00000,25.153055555555,-101.4508333333,0.0,0.0,11158.676548481373
00000,25.960833333333,-101.5225,0.0,0.0,11157.994051447871
00000,25.198611111111,-101.4425,0.0,0.0,11157.406325766899
00000,25.198611111111,-101.4425,0.0,0.0,11157.406325766899
00000,25.2,-101.4419444444,0.0,0.0,11157.337376461419
00000,27.581666666666,-101.6794444444,0.0,0.0,11156.913174668696
00000,26.629444444444,-101.5777777777,0.0,0.0,11156.778830856298
00000,25.403611111111,-101.455,0.0,0.0,11156.69263876733
00000,25.479166666666,-101.4563888888,0.0,0.0,11156.102949115093
00000,25.479166666666,-101.4563888888,0.0,0.0,11156.102949115093
00000,25.338888888888,-101.4408333333,0.0,0.0,11155.896766550019
00000,25.3380721,-101.440377,0.0,0.0,11155.858913945265
00000,25.435277777777,-101.4483333333,0.0,0.0,11155.720595375175
00000,27.1253016,-101.6177531,0.0,0.0,11155.632974733757
00000,25.445,-101.4463888888,0.0,0.0,11155.432399528232
00000,25.089166666666,-101.4113888888,0.0,0.0,11155.32752972552
00000,25.089166666666,-101.4113888888,0.0,0.0,11155.32752972552
00000,28.010277777777,-101.7088888888,0.0,0.0,11155.217176045131
00000,27.03168,-101.601739,0.0,0.0,11155.023726663687
00000,25.542222222222,-101.4491666666,0.0,0.0,11154.771457559096
00000,25.5434487,-101.44806,0.0,0.0,11154.648986020957
00000,27.214055,-101.616768,0.0,0.0,11154.613555232736
00000,25.311388888888,-101.4252777777,0.0,0.0,11154.602660918936
00000,27.212777777777,-101.6155555555,0.0,0.0,11154.507479068649
00000,27.212777777777,-101.6155555555,0.0,0.0,11154.507479068649
00000,27.212777777777,-101.6155555555,0.0,0.0,11154.507479068649
00000,27.028287222222,-101.59458,0.0,0.0,11154.352734921084
00000,24.827423,-101.376568,0.0,0.0,11154.295855686774
00000,24.8275,-101.3761111111,0.0,0.0,11154.249190316586
00000,24.8275828,-101.37606,0.0,0.0,11154.243275545237
00000,28.689166666666,-101.7738888888,0.0,0.0,11154.132820414625
00000,28.689166666666,-101.7738888888,0.0,0.0,11154.132820414625
00000,27.029,-101.592,0.0,0.0,11154.090931850578
00000,27.029166666666,-101.5916666666,0.0,0.0,11154.056337700407
00000,27.029166666666,-101.5916666666,0.0,0.0,11154.056337700407
00000,27.029166666666,-101.5916666666,0.0,0.0,11154.056337700407
00000,27.029166666666,-101.5916666666,0.0,0.0,11154.056337700407
00000,26.911388888888,-101.5780555555,0.0,0.0,11153.925596034727
00000,26.911388888888,-101.5780555555,0.0,0.0,11153.925596034727
00000,25.460555555555,-101.4325,0.0,0.0,11153.89330990758
00000,25.460555555555,-101.4325,0.0,0.0,11153.89330990758
00000,25.4911639,-101.4253155,0.0,0.0,11152.879979416877
00000,25.491388888888,-101.4252777777,0.0,0.0,11152.874039706116
00000,25.071666666666,-101.3852777777,0.0,0.0,11152.873100192017
00000,25.071666666666,-101.3852777777,0.0,0.0,11152.873100192017
00000,25.455833333333,-101.4158333333,0.0,0.0,11152.271729275037
00000,25.455833333333,-101.4158333333,0.0,0.0,11152.271729275037
00000,25.380555555555,-101.4077777777,0.0,0.0,11152.188220581998
00000,25.380555555555,-101.4077777777,0.0,0.0,11152.188220581998
00000,25.568611111111,-101.4258333333,0.0,0.0,11152.184476742068
00000,25.294722222222,-101.3988888888,0.0,0.0,11152.118982146636
00000,26.288333333333,-101.4938888888,0.0,0.0,11151.897378870734
00000,27.9669131,-101.670107,0.0,0.0,11151.893022094251
00000,27.966944444444,-101.67,0.0,0.0,11151.88222661562
00000,27.966944444444,-101.67,0.0,0.0,11151.88222661562
00000,27.9675,-101.6697222222,0.0,0.0,11151.849117662929
00000,26.966111111111,-101.5558333333,0.0,0.0,11151.17033787647
00000,25.298333333333,-101.3888888888,0.0,0.0,11151.082916515068
00000,25.298333333333,-101.3888888888,0.0,0.0,11151.082916515068
00000,25.298333333333,-101.3888888888,0.0,0.0,11151.082916515068
00000,24.993333333333,-101.36,0.0,0.0,11151.074179243029
00000,25.313333333333,-101.3877777777,0.0,0.0,11150.828557943432
00000,25.313333333333,-101.3877777777,0.0,0.0,11150.828557943432
00000,25.313333333333,-101.3877777777,0.0,0.0,11150.828557943432
00000,25.5525,-101.4102777777,0.0,0.0,11150.785474600503
00000,25.360833333333,-101.3836111111,0.0,0.0,11149.957873441244
00000,27.060279,-101.550675,0.0,0.0,11149.693487360297
00000,27.0603,-101.55,0.0,0.0,11149.626718205991
00000,27.0603,-101.55,0.0,0.0,11149.626718205991
00000,26.953888888888,-101.5383333333,0.0,0.0,11149.56864284026
00000,26.953888888888,-101.5383333333,0.0,0.0,11149.56864284026
00000,26.953888888888,-101.5383333333,0.0,0.0,11149.56864284026
00000,27.060103055555,-101.5490069444,0.0,0.0,11149.530832868704
00000,27.059722222222,-101.5483333333,0.0,0.0,11149.468336052863
00000,27.059722222222,-101.5483333333,0.0,0.0,11149.468336052863
00000,27.059722222222,-101.5483333333,0.0,0.0,11149.468336052863
00000,27.059722222222,-101.5483333333,0.0,0.0,11149.468336052863
00000,27.059722222222,-101.5483333333,0.0,0.0,11149.468336052863
00000,27.059722222222,-101.5483333333,0.0,0.0,11149.468336052863
00000,27.059722222222,-101.5483333333,0.0,0.0,11149.468336052863
00000,27.059722222222,-101.5483333333,0.0,0.0,11149.468336052863
00000,27.059722222222,-101.5483333333,0.0,0.0,11149.468336052863
00000,27.059722222222,-101.5483333333,0.0,0.0,11149.468336052863
00000,27.059722222222,-101.5483333333,0.0,0.0,11149.468336052863
00000,27.059722222222,-101.5483333333,0.0,0.0,11149.468336052863
00000,27.059722222222,-101.5483333333,0.0,0.0,11149.468336052863
00000,27.059722222222,-101.5483333333,0.0,0.0,11149.468336052863
00000,27.059722222222,-101.5483333333,0.0,0.0,11149.468336052863
00000,25.518333333333,-101.3891666666,0.0,0.0,11149.00425277539
00000,25.518333333333,-101.3891666666,0.0,0.0,11149.00425277539
00000,25.518333333333,-101.3891666666,0.0,0.0,11149.00425277539
00000,25.518333333333,-101.3891666666,0.0,0.0,11149.00425277539
00000,25.518333333333,-101.3891666666,0.0,0.0,11149.00425277539
00000,25.69657333,-101.40493756,0.0,0.0,11148.85944458832
00000,25.5172,-101.387,0.0,0.0,11148.798539709807
00000,25.6977,-101.403,0.0,0.0,11148.655128334984
00000,25.697222222222,-101.4027777777,0.0,0.0,11148.637575465347
00000,25.512456,-101.38438,0.0,0.0,11148.582190607307
00000,25.943972222222,-101.4256111111,0.0,0.0,11148.510811058535
00000,25.439166666666,-101.3725,0.0,0.0,11148.09687471434
00000,25.439166666666,-101.3725,0.0,0.0,11148.09687471434
00000,25.033611111111,-101.3308333333,0.0,0.0,11147.76709230448
00000,25.033611111111,-101.3308333333,0.0,0.0,11147.76709230448
00000,25.033611111111,-101.3308333333,0.0,0.0,11147.76709230448
00000,25.3757,-101.361,0.0,0.0,11147.552537138308
00000,25.3771583333333,-101.360780555556,0.0,0.0,11147.516659817586
00000,25.375833333333,-101.3594444444,0.0,0.0,11147.395560222069
00000,24.951666666666,-101.3169444444,0.0,0.0,11147.140495580903
00000,24.951666666666,-101.3169444444,0.0,0.0,11147.140495580903
00000,27.974722222222,-101.6219444444,0.0,0.0,11147.10157119881
00000,27.974722222222,-101.6219444444,0.0,0.0,11147.10157119881
00000,25.0769786,-101.3278016,0.0,0.0,11147.055104020617
00000,25.076944444444,-101.3277777777,0.0,0.0,11147.053034696579
00000,25.076944444444,-101.3277777777,0.0,0.0,11147.053034696579
00000,24.9517,-101.316,0.0,0.0,11147.045305772328
00000,25.362222222222,-101.3513888888,0.0,0.0,11146.71892708975
00000,25.362222222222,-101.3513888888,0.0,0.0,11146.71892708975
00000,25.362222222222,-101.3513888888,0.0,0.0,11146.71892708975
00000,27.139166666666,-101.5280555555,0.0,0.0,11146.651728973991
00000,27.139166666666,-101.5280555555,0.0,0.0,11146.651728973991
00000,25.275277777777,-101.3419444444,0.0,0.0,11146.599717686287
00000,25.444444444444,-101.3577777777,0.0,0.0,11146.573587915735
00000,25.444444444444,-101.3577777777,0.0,0.0,11146.573587915735
00000,24.834444444444,-101.2955555555,0.0,0.0,11146.083801498102
00000,26.1825,-101.4244444444,0.0,0.0,11146.048956831013
00000,25.565277777777,-101.3633333333,0.0,0.0,11145.970990996164
00000,25.274444444444,-101.3327777777,0.0,0.0,11145.689269444505
00000,25.274444444444,-101.3327777777,0.0,0.0,11145.689269444505
00000,25.349444444444,-101.3394444444,0.0,0.0,11145.644753291708
00000,25.349444444444,-101.3394444444,0.0,0.0,11145.644753291708
00000,25.4525,-101.3480555555,0.0,0.0,11145.524038328214
00000,26.995277777777,-101.4977777777,0.0,0.0,11145.143140504344
00000,25.505833333333,-101.3452777777,0.0,0.0,11144.736201880813
00000,25.368055555555,-101.3308333333,0.0,0.0,11144.60565673958
00000,25.368055555555,-101.3308333333,0.0,0.0,11144.60565673958
00000,25.368055555555,-101.3308333333,0.0,0.0,11144.60565673958
00000,26.3727,-101.428,0.0,0.0,11144.517163883947
00000,26.636388888888,-101.4544444444,0.0,0.0,11144.500472278904
00000,26.372222222222,-101.4277777777,0.0,0.0,11144.499865522803
00000,25.583611111111,-101.3502777777,0.0,0.0,11144.490313255237
00000,26.695555555555,-101.4575,0.0,0.0,11144.206958665669
00000,25.452222222222,-101.3313888888,0.0,0.0,11143.859492971967
00000,27.889444444444,-101.5758333333,0.0,0.0,11143.499858485144
00000,25.301666666666,-101.3127777777,0.0,0.0,11143.427833256976
00000,25.584166666666,-101.3311111111,0.0,0.0,11142.569875210726
00000,25.584166666666,-101.3311111111,0.0,0.0,11142.569875210726
00000,26.856666666666,-101.4555555555,0.0,0.0,11142.385881508902
00000,26.856666666666,-101.4555555555,0.0,0.0,11142.385881508902
00000,26.856666666666,-101.4555555555,0.0,0.0,11142.385881508902
00000,27.958333333333,-101.5702777777,0.0,0.0,11142.225290298862
00000,27.958333333333,-101.5702777777,0.0,0.0,11142.225290298862
00000,25.283611111111,-101.2975,0.0,0.0,11142.068303044325
00000,25.283611111111,-101.2975,0.0,0.0,11142.068303044325
00000,25.283611111111,-101.2975,0.0,0.0,11142.068303044325
00000,25.048055555555,-101.2725,0.0,0.0,11141.775932400946
00000,25.048055555555,-101.2725,0.0,0.0,11141.775932400946
00000,25.2925,-101.2947222222,0.0,0.0,11141.706006832952
00000,26.925108,-101.454782,0.0,0.0,11141.614900023376
00000,25.3775,-101.3016666666,0.0,0.0,11141.596303357304
00000,25.377222222222,-101.3013888888,0.0,0.0,11141.571134044298
00000,26.944791,-101.455281,0.0,0.0,11141.46410636109
00000,26.060278,-101.365,0.0,0.0,11141.338580992782
00000,26.926111111111,-101.4494444444,0.0,0.0,11141.077753282108
00000,26.926111111111,-101.4494444444,0.0,0.0,11141.077753282108
00000,26.926111111111,-101.4494444444,0.0,0.0,11141.077753282108
00000,26.926111111111,-101.4494444444,0.0,0.0,11141.077753282108
00000,26.926111111111,-101.4494444444,0.0,0.0,11141.077753282108
00000,26.926111111111,-101.4494444444,0.0,0.0,11141.077753282108
00000,26.926111111111,-101.4494444444,0.0,0.0,11141.077753282108
00000,26.926111111111,-101.4494444444,0.0,0.0,11141.077753282108
00000,26.926111111111,-101.4494444444,0.0,0.0,11141.077753282108
00000,26.926111111111,-101.4494444444,0.0,0.0,11141.077753282108
00000,26.926111111111,-101.4494444444,0.0,0.0,11141.077753282108
00000,26.926111111111,-101.4494444444,0.0,0.0,11141.077753282108
00000,26.926111111111,-101.4494444444,0.0,0.0,11141.077753282108
00000,26.926111111111,-101.4494444444,0.0,0.0,11141.077753282108
00000,26.926111111111,-101.4494444444,0.0,0.0,11141.077753282108
00000,26.926111111111,-101.4494444444,0.0,0.0,11141.077753282108
00000,26.926111111111,-101.4494444444,0.0,0.0,11141.077753282108
00000,26.926111111111,-101.4494444444,0.0,0.0,11141.077753282108
00000,26.926111111111,-101.4494444444,0.0,0.0,11141.077753282108
00000,26.926111111111,-101.4494444444,0.0,0.0,11141.077753282108
00000,26.926111111111,-101.4494444444,0.0,0.0,11141.077753282108
00000,26.926111111111,-101.4494444444,0.0,0.0,11141.077753282108
00000,26.926111111111,-101.4494444444,0.0,0.0,11141.077753282108
00000,26.926111111111,-101.4494444444,0.0,0.0,11141.077753282108
00000,26.926111111111,-101.4494444444,0.0,0.0,11141.077753282108
00000,26.926111111111,-101.4494444444,0.0,0.0,11141.077753282108
00000,26.926111111111,-101.4494444444,0.0,0.0,11141.077753282108
00000,26.926111111111,-101.4494444444,0.0,0.0,11141.077753282108
00000,26.926111111111,-101.4494444444,0.0,0.0,11141.077753282108
00000,26.926111111111,-101.4494444444,0.0,0.0,11141.077753282108
00000,26.926111111111,-101.4494444444,0.0,0.0,11141.077753282108
00000,26.926111111111,-101.4494444444,0.0,0.0,11141.077753282108
00000,26.926111111111,-101.4494444444,0.0,0.0,11141.077753282108
00000,26.926111111111,-101.4494444444,0.0,0.0,11141.077753282108
00000,26.926111111111,-101.4494444444,0.0,0.0,11141.077753282108
00000,26.925838,-101.449025,0.0,0.0,11141.039116692566
00000,26.9261,-101.449,0.0,0.0,11141.033987864701
00000,26.9261,-101.449,0.0,0.0,11141.033987864701
00000,26.9261,-101.449,0.0,0.0,11141.033987864701
00000,27.891944444444,-101.5488888888,0.0,0.0,11140.83735443633
00000,26.856277222222,-101.4395,0.0,0.0,11140.803713470183
00000,25.2888235,-101.2841798,0.0,0.0,11140.68467386933
00000,26.7853,-101.431,0.0,0.0,11140.681052165888
00000,26.7853,-101.431,0.0,0.0,11140.681052165888
00000,26.7853,-101.431,0.0,0.0,11140.681052165888
00000,25.2893,-101.284,0.0,0.0,11140.662162468489
00000,26.785277777777,-101.4305555555,0.0,0.0,11140.637341115076
00000,26.785277777777,-101.4305555555,0.0,0.0,11140.637341115076
00000,26.785277777777,-101.4305555555,0.0,0.0,11140.637341115076
00000,26.785277777777,-101.4305555555,0.0,0.0,11140.637341115076
00000,26.785277777777,-101.4305555555,0.0,0.0,11140.637341115076
00000,26.785277777777,-101.4305555555,0.0,0.0,11140.637341115076
00000,26.785277777777,-101.4305555555,0.0,0.0,11140.637341115076
00000,26.785277777777,-101.4305555555,0.0,0.0,11140.637341115076
00000,26.785277777777,-101.4305555555,0.0,0.0,11140.637341115076
00000,26.785277777777,-101.4305555555,0.0,0.0,11140.637341115076
00000,26.785277777777,-101.4305555555,0.0,0.0,11140.637341115076
00000,26.785277777777,-101.4305555555,0.0,0.0,11140.637341115076
00000,26.785277777777,-101.4305555555,0.0,0.0,11140.637341115076
00000,27.917777777777,-101.5494444444,0.0,0.0,11140.618231542114
00000,25.288888888888,-101.2830555555,0.0,0.0,11140.571434718478
00000,25.288888888888,-101.2830555555,0.0,0.0,11140.571434718478
00000,25.3507,-101.288786,0.0,0.0,11140.560855704516
00000,25.348611111111,-101.2875,0.0,0.0,11140.451875020322
00000,26.925278333333,-101.4418380555,0.0,0.0,11140.335253883937
00000,26.855726,-101.434678,0.0,0.0,11140.332925451012
00000,26.871301,-101.435678,0.0,0.0,11140.27407222138
00000,26.944138055555,-101.4421758333,0.0,0.0,11140.17713632441
00000,26.8977833333333,-101.437127777778,0.0,0.0,11140.149005488016
00000,26.795868888888,-101.4265011111,0.0,0.0,11140.129696646549
00000,26.943481388888,-101.4414083333,0.0,0.0,11140.108044285495
00000,25.295446,-101.278605,0.0,0.0,11140.063698329312
00000,26.919981666666,-101.4381552777,0.0,0.0,11140.025393225364
00000,26.763333333333,-101.4197222222,0.0,0.0,11139.787535067264
00000,25.869796,-101.330343,0.0,0.0,11139.741067661498
00000,25.869166666666,-101.3297222222,0.0,0.0,11139.685288076913
00000,29.309575,-101.69587,0.0,0.0,11139.671207748284
00000,25.224166666666,-101.2677777777,0.0,0.0,11139.650553995278
00000,26.781163,-101.419179,0.0,0.0,11139.554186761
00000,26.765899166666,-101.4162333333,0.0,0.0,11139.416733391787
00000,26.805361388888,-101.4194863888,0.0,0.0,11139.340589100448
00000,26.928086666666,-101.4312494444,0.0,0.0,11139.261389012561
00000,26.901607,-101.428491,0.0,0.0,11139.257374236331
00000,26.9016142,-101.4280887,0.0,0.0,11139.217574289683
00000,26.899105555555,-101.4275611111,0.0,0.0,11139.190880072372
00000,26.902133333333,-101.4277197222,0.0,0.0,11139.175880199973
00000,26.908340277777,-101.4259013888,0.0,0.0,11138.933461936189
00000,25.6875,-101.3033333333,0.0,0.0,11138.80436849669
00000,25.6875,-101.3033333333,0.0,0.0,11138.80436849669
00000,25.19,-101.2561111111,0.0,0.0,11138.802056032111
00000,25.19,-101.2561111111,0.0,0.0,11138.802056032111
00000,26.760646,-101.408296,0.0,0.0,11138.684803332379
00000,26.920425,-101.424216666667,0.0,0.0,11138.644701713867
00000,26.920185,-101.423855,0.0,0.0,11138.611424584615
00000,26.888581,-101.420496,0.0,0.0,11138.599675428582
00000,25.292222222222,-101.2619444444,0.0,0.0,11138.425187742723
00000,26.901233,-101.418157,0.0,0.0,11138.24067497671
00000,26.9406916666667,-101.421708333333,0.0,0.0,11138.191701035705
00000,26.9011725,-101.4176413888,0.0,0.0,11138.190370089897
00000,26.902958,-101.417552,0.0,0.0,11138.16347616266
00000,26.924691388888,-101.4196433333,0.0,0.0,11138.149953761693
00000,27.434166666666,-101.4725,0.0,0.0,11138.139006112655
00000,27.434166666666,-101.4725,0.0,0.0,11138.139006112655
00000,26.9012,-101.417,0.0,0.0,11138.12675409656
00000,26.9012,-101.417,0.0,0.0,11138.12675409656
00000,26.9012,-101.417,0.0,0.0,11138.12675409656
00000,26.9012,-101.417,0.0,0.0,11138.12675409656
00000,26.9012,-101.417,0.0,0.0,11138.12675409656
00000,26.9012,-101.417,0.0,0.0,11138.12675409656
00000,26.9012,-101.417,0.0,0.0,11138.12675409656
00000,26.9012,-101.417,0.0,0.0,11138.12675409656
00000,26.9012,-101.417,0.0,0.0,11138.12675409656
00000,26.9012,-101.417,0.0,0.0,11138.12675409656
00000,26.9012,-101.417,0.0,0.0,11138.12675409656
00000,26.9012,-101.417,0.0,0.0,11138.12675409656
00000,26.9012,-101.417,0.0,0.0,11138.12675409656
00000,26.9012,-101.417,0.0,0.0,11138.12675409656
00000,26.9012,-101.417,0.0,0.0,11138.12675409656
00000,26.9012,-101.417,0.0,0.0,11138.12675409656
00000,26.9012,-101.417,0.0,0.0,11138.12675409656
00000,26.9012,-101.417,0.0,0.0,11138.12675409656
00000,26.21067101,-101.34746289,0.0,0.0,11138.121027675454
00000,26.900833333333,-101.4166666666,0.0,0.0,11138.09754681742
00000,26.900833333333,-101.4166666666,0.0,0.0,11138.09754681742
00000,26.900833333333,-101.4166666666,0.0,0.0,11138.09754681742
00000,26.900833333333,-101.4166666666,0.0,0.0,11138.09754681742
00000,26.900833333333,-101.4166666666,0.0,0.0,11138.09754681742
00000,26.900833333333,-101.4166666666,0.0,0.0,11138.09754681742
00000,26.900833333333,-101.4166666666,0.0,0.0,11138.09754681742
00000,26.900833333333,-101.4166666666,0.0,0.0,11138.09754681742
00000,26.900833333333,-101.4166666666,0.0,0.0,11138.09754681742
00000,26.900833333333,-101.4166666666,0.0,0.0,11138.09754681742
00000,26.900833333333,-101.4166666666,0.0,0.0,11138.09754681742
00000,26.900833333333,-101.4166666666,0.0,0.0,11138.09754681742
00000,26.900833333333,-101.4166666666,0.0,0.0,11138.09754681742
00000,26.900833333333,-101.4166666666,0.0,0.0,11138.09754681742
00000,26.900833333333,-101.4166666666,0.0,0.0,11138.09754681742
00000,26.900833333333,-101.4166666666,0.0,0.0,11138.09754681742
00000,26.900833333333,-101.4166666666,0.0,0.0,11138.09754681742
00000,26.900833333333,-101.4166666666,0.0,0.0,11138.09754681742
00000,26.900833333333,-101.4166666666,0.0,0.0,11138.09754681742
00000,26.900833333333,-101.4166666666,0.0,0.0,11138.09754681742
00000,26.900833333333,-101.4166666666,0.0,0.0,11138.09754681742
00000,26.900833333333,-101.4166666666,0.0,0.0,11138.09754681742
00000,26.900833333333,-101.4166666666,0.0,0.0,11138.09754681742
00000,26.900833333333,-101.4166666666,0.0,0.0,11138.09754681742
00000,26.900833333333,-101.4166666666,0.0,0.0,11138.09754681742
00000,26.900833333333,-101.4166666666,0.0,0.0,11138.09754681742
00000,26.900833333333,-101.4166666666,0.0,0.0,11138.09754681742
00000,26.900833333333,-101.4166666666,0.0,0.0,11138.09754681742
00000,26.900833333333,-101.4166666666,0.0,0.0,11138.09754681742
00000,26.900833333333,-101.4166666666,0.0,0.0,11138.09754681742
00000,26.900833333333,-101.4166666666,0.0,0.0,11138.09754681742
00000,26.900833333333,-101.4166666666,0.0,0.0,11138.09754681742
00000,26.900833333333,-101.4166666666,0.0,0.0,11138.09754681742
00000,26.900833333333,-101.4166666666,0.0,0.0,11138.09754681742
00000,26.900833333333,-101.4166666666,0.0,0.0,11138.09754681742
00000,26.900833333333,-101.4166666666,0.0,0.0,11138.09754681742
00000,26.900833333333,-101.4166666666,0.0,0.0,11138.09754681742
00000,26.900833333333,-101.4166666666,0.0,0.0,11138.09754681742
00000,26.900833333333,-101.4166666666,0.0,0.0,11138.09754681742
00000,26.900833333333,-101.4166666666,0.0,0.0,11138.09754681742
00000,26.900833333333,-101.4166666666,0.0,0.0,11138.09754681742
00000,26.900833333333,-101.4166666666,0.0,0.0,11138.09754681742
00000,26.900833333333,-101.4166666666,0.0,0.0,11138.09754681742
00000,26.900833333333,-101.4166666666,0.0,0.0,11138.09754681742
00000,26.900833333333,-101.4166666666,0.0,0.0,11138.09754681742
00000,26.900833333333,-101.4166666666,0.0,0.0,11138.09754681742
00000,26.900833333333,-101.4166666666,0.0,0.0,11138.09754681742
00000,26.900833333333,-101.4166666666,0.0,0.0,11138.09754681742
00000,26.900833333333,-101.4166666666,0.0,0.0,11138.09754681742
00000,26.900833333333,-101.4166666666,0.0,0.0,11138.09754681742
00000,26.900833333333,-101.4166666666,0.0,0.0,11138.09754681742
00000,26.900833333333,-101.4166666666,0.0,0.0,11138.09754681742
00000,26.900833333333,-101.4166666666,0.0,0.0,11138.09754681742
00000,26.900833333333,-101.4166666666,0.0,0.0,11138.09754681742
00000,26.900833333333,-101.4166666666,0.0,0.0,11138.09754681742
00000,26.900833333333,-101.4166666666,0.0,0.0,11138.09754681742
00000,26.900833333333,-101.4166666666,0.0,0.0,11138.09754681742
00000,26.900833333333,-101.4166666666,0.0,0.0,11138.09754681742
00000,26.900833333333,-101.4166666666,0.0,0.0,11138.09754681742
00000,26.900833333333,-101.4166666666,0.0,0.0,11138.09754681742
00000,26.900833333333,-101.4166666666,0.0,0.0,11138.09754681742
00000,26.900833333333,-101.4166666666,0.0,0.0,11138.09754681742
00000,26.900833333333,-101.4166666666,0.0,0.0,11138.09754681742
00000,26.900833333333,-101.4166666666,0.0,0.0,11138.09754681742
00000,26.900833333333,-101.4166666666,0.0,0.0,11138.09754681742
00000,26.900833333333,-101.4166666666,0.0,0.0,11138.09754681742
00000,26.900833333333,-101.4166666666,0.0,0.0,11138.09754681742
00000,26.900833333333,-101.4166666666,0.0,0.0,11138.09754681742
00000,26.900833333333,-101.4166666666,0.0,0.0,11138.09754681742
00000,26.900833333333,-101.4166666666,0.0,0.0,11138.09754681742
00000,26.900833333333,-101.4166666666,0.0,0.0,11138.09754681742
00000,26.900833333333,-101.4166666666,0.0,0.0,11138.09754681742
00000,26.900833333333,-101.4166666666,0.0,0.0,11138.09754681742
00000,26.900833333333,-101.4166666666,0.0,0.0,11138.09754681742
00000,26.900833333333,-101.4166666666,0.0,0.0,11138.09754681742
00000,26.900833333333,-101.4166666666,0.0,0.0,11138.09754681742
00000,26.900833333333,-101.4166666666,0.0,0.0,11138.09754681742
00000,26.900833333333,-101.4166666666,0.0,0.0,11138.09754681742
00000,26.900833333333,-101.4166666666,0.0,0.0,11138.09754681742
00000,26.900833333333,-101.4166666666,0.0,0.0,11138.09754681742
00000,26.900833333333,-101.4166666666,0.0,0.0,11138.09754681742
00000,26.900833333333,-101.4166666666,0.0,0.0,11138.09754681742
00000,26.900833333333,-101.4166666666,0.0,0.0,11138.09754681742
00000,26.900833333333,-101.4166666666,0.0,0.0,11138.09754681742
00000,26.900833333333,-101.4166666666,0.0,0.0,11138.09754681742
00000,26.900833333333,-101.4166666666,0.0,0.0,11138.09754681742
00000,26.900833333333,-101.4166666666,0.0,0.0,11138.09754681742
00000,26.900833333333,-101.4166666666,0.0,0.0,11138.09754681742
00000,26.900833333333,-101.4166666666,0.0,0.0,11138.09754681742
00000,26.900833333333,-101.4166666666,0.0,0.0,11138.09754681742
00000,26.900833333333,-101.4166666666,0.0,0.0,11138.09754681742
00000,26.900833333333,-101.4166666666,0.0,0.0,11138.09754681742
00000,26.900833333333,-101.4166666666,0.0,0.0,11138.09754681742
00000,26.900833333333,-101.4166666666,0.0,0.0,11138.09754681742
00000,26.900833333333,-101.4166666666,0.0,0.0,11138.09754681742
00000,26.900833333333,-101.4166666666,0.0,0.0,11138.09754681742
00000,26.900833333333,-101.4166666666,0.0,0.0,11138.09754681742
00000,26.900833333333,-101.4166666666,0.0,0.0,11138.09754681742
00000,26.900833333333,-101.4166666666,0.0,0.0,11138.09754681742
00000,26.900833333333,-101.4166666666,0.0,0.0,11138.09754681742
00000,26.900833333333,-101.4166666666,0.0,0.0,11138.09754681742
00000,26.900833333333,-101.4166666666,0.0,0.0,11138.09754681742
00000,26.900833333333,-101.4166666666,0.0,0.0,11138.09754681742
00000,26.900833333333,-101.4166666666,0.0,0.0,11138.09754681742
00000,26.900833333333,-101.4166666666,0.0,0.0,11138.09754681742
00000,26.900833333333,-101.4166666666,0.0,0.0,11138.09754681742
00000,26.900833333333,-101.4166666666,0.0,0.0,11138.09754681742
00000,26.900833333333,-101.4166666666,0.0,0.0,11138.09754681742
00000,26.900833333333,-101.4166666666,0.0,0.0,11138.09754681742
00000,26.900833333333,-101.4166666666,0.0,0.0,11138.09754681742
00000,26.900833333333,-101.4166666666,0.0,0.0,11138.09754681742
00000,26.900833333333,-101.4166666666,0.0,0.0,11138.09754681742
00000,26.900833333333,-101.4166666666,0.0,0.0,11138.09754681742
00000,26.900833333333,-101.4166666666,0.0,0.0,11138.09754681742
00000,26.900833333333,-101.4166666666,0.0,0.0,11138.09754681742
00000,26.900833333333,-101.4166666666,0.0,0.0,11138.09754681742
00000,26.900833333333,-101.4166666666,0.0,0.0,11138.09754681742
00000,26.900833333333,-101.4166666666,0.0,0.0,11138.09754681742
00000,26.900833333333,-101.4166666666,0.0,0.0,11138.09754681742
00000,26.900833333333,-101.4166666666,0.0,0.0,11138.09754681742
00000,26.900833333333,-101.4166666666,0.0,0.0,11138.09754681742
00000,26.900833333333,-101.4166666666,0.0,0.0,11138.09754681742
00000,26.900833333333,-101.4166666666,0.0,0.0,11138.09754681742
00000,26.900833333333,-101.4166666666,0.0,0.0,11138.09754681742
00000,26.900833333333,-101.4166666666,0.0,0.0,11138.09754681742
00000,26.900833333333,-101.4166666666,0.0,0.0,11138.09754681742
00000,26.900833333333,-101.4166666666,0.0,0.0,11138.09754681742
00000,26.900833333333,-101.4166666666,0.0,0.0,11138.09754681742
00000,26.900833333333,-101.4166666666,0.0,0.0,11138.09754681742
00000,26.900833333333,-101.4166666666,0.0,0.0,11138.09754681742
00000,26.900833333333,-101.4166666666,0.0,0.0,11138.09754681742
00000,26.900833333333,-101.4166666666,0.0,0.0,11138.09754681742
00000,26.900833333333,-101.4166666666,0.0,0.0,11138.09754681742
00000,26.900833333333,-101.4166666666,0.0,0.0,11138.09754681742
00000,26.900833333333,-101.4166666666,0.0,0.0,11138.09754681742
00000,26.900833333333,-101.4166666666,0.0,0.0,11138.09754681742
00000,26.900833333333,-101.4166666666,0.0,0.0,11138.09754681742
00000,26.900833333333,-101.4166666666,0.0,0.0,11138.09754681742
00000,26.900833333333,-101.4166666666,0.0,0.0,11138.09754681742
00000,26.900833333333,-101.4166666666,0.0,0.0,11138.09754681742
00000,26.900833333333,-101.4166666666,0.0,0.0,11138.09754681742
00000,26.900833333333,-101.4166666666,0.0,0.0,11138.09754681742
00000,26.900833333333,-101.4166666666,0.0,0.0,11138.09754681742
00000,26.900833333333,-101.4166666666,0.0,0.0,11138.09754681742
00000,26.900833333333,-101.4166666666,0.0,0.0,11138.09754681742
00000,26.900833333333,-101.4166666666,0.0,0.0,11138.09754681742
00000,26.900833333333,-101.4166666666,0.0,0.0,11138.09754681742
00000,26.900833333333,-101.4166666666,0.0,0.0,11138.09754681742
00000,26.900833333333,-101.4166666666,0.0,0.0,11138.09754681742
00000,26.900833333333,-101.4166666666,0.0,0.0,11138.09754681742
00000,26.900833333333,-101.4166666666,0.0,0.0,11138.09754681742
00000,26.900833333333,-101.4166666666,0.0,0.0,11138.09754681742
00000,26.900833333333,-101.4166666666,0.0,0.0,11138.09754681742
00000,26.900833333333,-101.4166666666,0.0,0.0,11138.09754681742
00000,26.900833333333,-101.4166666666,0.0,0.0,11138.09754681742
00000,26.900833333333,-101.4166666666,0.0,0.0,11138.09754681742
00000,26.2103,-101.347,0.0,0.0,11138.078671584217
00000,27.882623611111,-101.5186505555,0.0,0.0,11137.977400571272
00000,26.897978888888,-101.4146194444,0.0,0.0,11137.924253506435
00000,27.8775,-101.517,0.0,0.0,11137.869945710605
00000,27.8775,-101.517,0.0,0.0,11137.869945710605
00000,27.8775,-101.517,0.0,0.0,11137.869945710605
00000,26.911977222222,-101.4154413888,0.0,0.0,11137.863793339284
00000,25.821666666666,-101.3063888888,0.0,0.0,11137.81820766194
00000,27.8775,-101.5144444444,0.0,0.0,11137.61989051522
00000,27.8775,-101.5144444444,0.0,0.0,11137.61989051522
00000,27.8775,-101.5144444444,0.0,0.0,11137.61989051522
00000,27.8775,-101.5144444444,0.0,0.0,11137.61989051522
00000,27.8775,-101.5144444444,0.0,0.0,11137.61989051522
00000,27.8775,-101.5144444444,0.0,0.0,11137.61989051522
00000,27.8775,-101.5144444444,0.0,0.0,11137.61989051522
00000,27.8775,-101.5144444444,0.0,0.0,11137.61989051522
00000,27.8775,-101.5144444444,0.0,0.0,11137.61989051522
00000,27.8775,-101.5144444444,0.0,0.0,11137.61989051522
00000,27.8775,-101.5144444444,0.0,0.0,11137.61989051522
00000,27.8775,-101.5144444444,0.0,0.0,11137.61989051522
00000,27.8775,-101.5144444444,0.0,0.0,11137.61989051522
00000,27.8775,-101.5144444444,0.0,0.0,11137.61989051522
00000,27.8775,-101.5144444444,0.0,0.0,11137.61989051522
00000,27.8775,-101.5144444444,0.0,0.0,11137.61989051522
00000,27.8775,-101.5144444444,0.0,0.0,11137.61989051522
00000,27.8775,-101.5144444444,0.0,0.0,11137.61989051522
00000,27.8775,-101.5144444444,0.0,0.0,11137.61989051522
00000,27.8775,-101.5144444444,0.0,0.0,11137.61989051522
00000,27.8775,-101.5144444444,0.0,0.0,11137.61989051522
00000,27.8775,-101.5144444444,0.0,0.0,11137.61989051522
00000,27.8775,-101.5144444444,0.0,0.0,11137.61989051522
00000,27.8775,-101.5144444444,0.0,0.0,11137.61989051522
00000,27.8775,-101.5144444444,0.0,0.0,11137.61989051522
00000,27.8775,-101.5144444444,0.0,0.0,11137.61989051522
00000,27.8775,-101.5144444444,0.0,0.0,11137.61989051522
00000,27.8775,-101.5144444444,0.0,0.0,11137.61989051522
00000,27.8775,-101.5144444444,0.0,0.0,11137.61989051522
00000,27.8775,-101.5144444444,0.0,0.0,11137.61989051522
00000,27.8775,-101.5144444444,0.0,0.0,11137.61989051522
00000,25.269277777777,-101.2510555555,0.0,0.0,11137.550367535969
00000,27.884086944444,-101.5144416666,0.0,0.0,11137.550158608503
00000,25.835833333333,-101.3047222222,0.0,0.0,11137.515335094124
00000,25.389078,-101.261437,0.0,0.0,11137.45982789026
00000,25.389166666666,-101.2613888888,0.0,0.0,11137.4541736936
00000,25.262222222222,-101.2475,0.0,0.0,11137.260474148088
00000,26.295833333333,-101.3472222222,0.0,0.0,11137.259811466587
00000,26.957691,-101.413936,0.0,0.0,11137.252223636899
00000,26.320277777777,-101.3480555555,0.0,0.0,11137.10174497341
00000,26.895964,-101.404937,0.0,0.0,11136.988430931791
00000,29.295833333333,-101.6661111111,0.0,0.0,11136.954060336284
00000,26.948428055555,-101.4090944444,0.0,0.0,11136.868180445448
00000,26.930808055555,-101.4053572222,0.0,0.0,11136.677606254225
00000,26.671944444444,-101.3772222222,0.0,0.0,11136.50088152804
00000,26.889425,-101.399219444444,0.0,0.0,11136.489819587134
00000,26.921960277777,-101.4024027777,0.0,0.0,11136.475408201955
00000,25.726666666666,-101.2836111111,0.0,0.0,11136.459932620728
00000,26.9059058,-101.3999159,0.0,0.0,11136.392128789821
00000,24.890277777777,-101.2041666666,0.0,0.0,11136.378305793474
00000,25.264722222222,-101.2388888888,0.0,0.0,11136.374143451952
00000,24.9492198,-101.2088635,0.0,0.0,11136.305075096621
00000,26.9052719,-101.3989007,0.0,0.0,11136.298284081655
00000,27.8930084,-101.5018176,0.0,0.0,11136.220996346596
00000,27.181944444444,-101.4263888888,0.0,0.0,11136.197424215177
00000,27.873623055555,-101.4994758333,0.0,0.0,11136.19605805136
00000,26.929195833333,-101.4002775,0.0,0.0,11136.192413128225
00000,27.1804,-101.426036111111,0.0,0.0,11136.178465234756
00000,26.888828055555,-101.3955641666,0.0,0.0,11136.134839035623
00000,26.910222222222,-101.397545,0.0,0.0,11136.114400064123
00000,26.902716,-101.3951543,0.0,0.0,11135.95414386313
00000,25.406944444444,-101.2472222222,0.0,0.0,11135.868211678615
00000,26.679444444444,-101.3711111111,0.0,0.0,11135.821134313146
00000,26.750833333333,-101.3752777777,0.0,0.0,11135.518404637196
00000,26.750833333333,-101.3752777777,0.0,0.0,11135.518404637196
00000,26.641111111111,-101.3630555555,0.0,0.0,11135.406810346
00000,26.641111111111,-101.3630555555,0.0,0.0,11135.406810346
00000,26.972514166666,-101.3962136111,0.0,0.0,11135.352984199042
00000,24.7925,-101.185,0.0,0.0,11135.351762223641
00000,24.949166666666,-101.1975,0.0,0.0,11135.163893883979
00000,24.949166666666,-101.1975,0.0,0.0,11135.163893883979
00000,24.949166666666,-101.1975,0.0,0.0,11135.163893883979
00000,25.375277777777,-101.2363888888,0.0,0.0,11135.082915899078
00000,26.930873888888,-101.3880036111,0.0,0.0,11134.963693641554
00000,27.5835,-101.455,0.0,0.0,11134.87204577646
00000,26.929381111111,-101.3860833333,0.0,0.0,11134.789188398394
00000,27.583055555555,-101.4538888888,0.0,0.0,11134.767633946156
00000,25.860555555555,-101.2758333333,0.0,0.0,11134.396933303447
00000,27.234722222222,-101.4125,0.0,0.0,11134.290057998918
00000,27.234722222222,-101.4125,0.0,0.0,11134.290057998918
00000,25.441944444444,-101.2325,0.0,0.0,11134.064229342448
00000,25.441944444444,-101.2325,0.0,0.0,11134.064229342448
00000,25.454166666666,-101.2325,0.0,0.0,11133.94867519429
00000,25.904166666666,-101.275,0.0,0.0,11133.893424068026
00000,25.904166666666,-101.275,0.0,0.0,11133.893424068026
00000,25.904166666666,-101.275,0.0,0.0,11133.893424068026
00000,24.750833333333,-101.16,0.0,0.0,11133.218390705984
00000,27.787222222222,-101.4575,0.0,0.0,11132.993572289113
00000,24.731716,-101.154985,0.0,0.0,11132.888531808607
00000,24.7317,-101.154976,0.0,0.0,11132.887772200733
00000,24.731944444444,-101.1541666666,0.0,0.0,11132.804075041873
00000,24.731944444444,-101.1541666666,0.0,0.0,11132.804075041873
00000,25.420555555555,-101.2152777777,0.0,0.0,11132.542952636015
00000,25.420555555555,-101.2152777777,0.0,0.0,11132.542952636015
00000,25.301111111111,-101.2022222222,0.0,0.0,11132.359112025562
00000,25.301111111111,-101.2022222222,0.0,0.0,11132.359112025562
00000,25.301111111111,-101.2022222222,0.0,0.0,11132.359112025562
00000,25.301111111111,-101.2022222222,0.0,0.0,11132.359112025562
00000,25.301111111111,-101.2022222222,0.0,0.0,11132.359112025562
00000,26.0775,-101.2763888888,0.0,0.0,11132.354095701949
00000,26.0775,-101.2763888888,0.0,0.0,11132.354095701949
00000,26.0775,-101.2763888888,0.0,0.0,11132.354095701949
00000,24.829722222222,-101.1572222222,0.0,0.0,11132.215879498317
00000,24.829722222222,-101.1572222222,0.0,0.0,11132.215879498317
00000,25.369722222222,-101.2072222222,0.0,0.0,11132.215426617033
00000,25.369722222222,-101.2072222222,0.0,0.0,11132.215426617033
00000,24.82937,-101.156998,0.0,0.0,11132.196561652609
00000,25.554166666666,-101.2225,0.0,0.0,11132.001782687252
00000,25.379444444444,-101.2044444444,0.0,0.0,11131.845900301942
00000,25.379444444444,-101.2044444444,0.0,0.0,11131.845900301942
00000,25.553845,-101.220486,0.0,0.0,11131.803528443292
00000,26.67,-101.3261111111,0.0,0.0,11131.462194593933
00000,27.0644078,-101.3631676,0.0,0.0,11131.162703911688
00000,27.037222222222,-101.3591666666,0.0,0.0,11131.043216733564
00000,26.691111111111,-101.3222222222,0.0,0.0,11130.867133015146
00000,27.946111111111,-101.4516666666,0.0,0.0,11130.75684371562
00000,26.619444444444,-101.3130555555,0.0,0.0,11130.67246774321
00000,26.619444444444,-101.3130555555,0.0,0.0,11130.67246774321
00000,26.639166666666,-101.315,0.0,0.0,11130.669097166574
00000,25.977627,-101.247064,0.0,0.0,11130.401806348375
00000,25.975833333333,-101.2461111111,0.0,0.0,11130.32421957583
00000,24.967222222222,-101.1505555555,0.0,0.0,11130.2809632385
00000,24.967222222222,-101.1505555555,0.0,0.0,11130.2809632385
00000,28.0011658,-101.4492061,0.0,0.0,11129.937266865023
00000,27.789887,-101.422822,0.0,0.0,11129.569502922424
00000,27.791075,-101.422702,0.0,0.0,11129.545361261891
00000,27.790555555555,-101.4225,0.0,0.0,11129.530995397665
00000,27.790555555555,-101.4225,0.0,0.0,11129.530995397665
00000,26.726111111111,-101.3116666666,0.0,0.0,11129.474203081578
00000,26.726111111111,-101.3116666666,0.0,0.0,11129.474203081578
00000,27.2003972222222,-101.358158333333,0.0,0.0,11129.289280487312
00000,25.394722222222,-101.1794444444,0.0,0.0,11129.199869634856
00000,25.394722222222,-101.1794444444,0.0,0.0,11129.199869634856
00000,26.722777777777,-101.305,0.0,0.0,11128.847948007502
00000,26.722777777777,-101.305,0.0,0.0,11128.847948007502
00000,26.722777777777,-101.305,0.0,0.0,11128.847948007502
00000,28.003611111111,-101.4363888888,0.0,0.0,11128.658829719145
00000,27.8903,-101.424,0.0,0.0,11128.63587004353
00000,27.8903,-101.424,0.0,0.0,11128.63587004353
00000,27.889722222222,-101.4233333333,0.0,0.0,11128.576686888551
00000,27.889722222222,-101.4233333333,0.0,0.0,11128.576686888551
00000,27.889722222222,-101.4233333333,0.0,0.0,11128.576686888551
00000,27.889722222222,-101.4233333333,0.0,0.0,11128.576686888551
00000,27.889722222222,-101.4233333333,0.0,0.0,11128.576686888551
00000,27.889722222222,-101.4233333333,0.0,0.0,11128.576686888551
00000,27.889722222222,-101.4233333333,0.0,0.0,11128.576686888551
00000,27.889722222222,-101.4233333333,0.0,0.0,11128.576686888551
00000,27.889722222222,-101.4233333333,0.0,0.0,11128.576686888551
00000,27.889722222222,-101.4233333333,0.0,0.0,11128.576686888551
00000,27.889722222222,-101.4233333333,0.0,0.0,11128.576686888551
00000,24.6626219,-101.1047381,0.0,0.0,11128.458872728785
00000,25.373611111111,-101.17,0.0,0.0,11128.452555453347
00000,25.574211,-101.1878531,0.0,0.0,11128.349171495458
00000,25.573611111111,-101.1877777777,0.0,0.0,11128.347318473237
00000,25.717777777777,-101.2013888888,0.0,0.0,11128.3386353914
00000,27.8948491,-101.4202339,0.0,0.0,11128.219793680188
00000,26.494722222222,-101.2741666666,0.0,0.0,11128.05314908683
00000,26.494722222222,-101.2741666666,0.0,0.0,11128.05314908683
00000,26.494722222222,-101.2741666666,0.0,0.0,11128.05314908683
00000,27.9849416666667,-101.427833333333,0.0,0.0,11128.018728687784
00000,27.984444444444,-101.4277777777,0.0,0.0,11128.018518649073
00000,27.984444444444,-101.4277777777,0.0,0.0,11128.018518649073
00000,25.38071,-101.163983,0.0,0.0,11127.783662609167
00000,25.394722222222,-101.1652777777,0.0,0.0,11127.7818953728
00000,27.8930023,-101.4153263,0.0,0.0,11127.758950558915
00000,27.9843,-101.425,0.0,0.0,11127.748493731671
00000,25.569722222222,-101.1808333333,0.0,0.0,11127.690064375849
00000,25.569722222222,-101.1808333333,0.0,0.0,11127.690064375849
00000,25.569722222222,-101.1808333333,0.0,0.0,11127.690064375849
00000,25.380878912,-101.16280591,0.0,0.0,11127.664247179027
00000,25.380833333333,-101.1627777777,0.0,0.0,11127.661858149604
00000,27.438888888888,-101.3658333333,0.0,0.0,11127.608931044395
00000,25.3814,-101.162,0.0,0.0,11127.57868856107
00000,27.5880055555556,-101.376291666667,0.0,0.0,11127.102060645519
00000,25.453055555555,-101.1630555555,0.0,0.0,11127.011913527542
00000,27.9221881,-101.4075483,0.0,0.0,11126.692813872352
00000,26.337777777777,-101.2447222222,0.0,0.0,11126.672021860499
00000,25.531388888888,-101.1661111111,0.0,0.0,11126.58027757256
00000,25.393333333333,-101.1530555555,0.0,0.0,11126.571545393483
00000,25.393333333333,-101.1530555555,0.0,0.0,11126.571545393483
00000,24.855277777777,-101.1,0.0,0.0,11126.227408140334
00000,27.816944444444,-101.3911111111,0.0,0.0,11126.182312251683
00000,24.852032,-101.099174,0.0,0.0,11126.17400865972
00000,24.906111111111,-101.1025,0.0,0.0,11126.013695107435
00000,24.906111111111,-101.1025,0.0,0.0,11126.013695107435
00000,26.531388888888,-101.2566666666,0.0,0.0,11125.957613640549
00000,26.531388888888,-101.2566666666,0.0,0.0,11125.957613640549
00000,27.978888888888,-101.4058333333,0.0,0.0,11125.931539648827
00000,27.526111111111,-101.3569444444,0.0,0.0,11125.84033333094
00000,25.3077295,-101.1362737,0.0,0.0,11125.691184234327
00000,25.457777777777,-101.1502777777,0.0,0.0,11125.689256578917
00000,25.457777777777,-101.1502777777,0.0,0.0,11125.689256578917
00000,26.929444444444,-101.2858333333,0.0,0.0,11124.890726837333
00000,26.912222222222,-101.2816666666,0.0,0.0,11124.651592984083
00000,24.8375,-101.0825,0.0,0.0,11124.629856101736
00000,25.3689,-101.13,0.0,0.0,11124.492086348248
00000,25.368896,-101.129796,0.0,0.0,11124.47169980692
00000,25.368379626,-101.12947172,0.0,0.0,11124.444056235698
00000,25.368333333333,-101.1294444444,0.0,0.0,11124.441757789873
00000,25.368333333333,-101.1294444444,0.0,0.0,11124.441757789873
00000,25.368333333333,-101.1294444444,0.0,0.0,11124.441757789873
00000,25.368333333333,-101.1294444444,0.0,0.0,11124.441757789873
00000,26.534166666666,-101.24,0.0,0.0,11124.278722461358
00000,25.087778,-101.098889,0.0,0.0,11123.981930383581
00000,26.713611111111,-101.2547222222,0.0,0.0,11123.96523161012
00000,24.690555555555,-101.0613888888,0.0,0.0,11123.840247982145
00000,25.801111111111,-101.1630555555,0.0,0.0,11123.720672192074
00000,25.398888888888,-101.1225,0.0,0.0,11123.461161809875
00000,25.398888888888,-101.1225,0.0,0.0,11123.461161809875
00000,25.398888888888,-101.1225,0.0,0.0,11123.461161809875
00000,27.742777777777,-101.3525,0.0,0.0,11123.170049539389
00000,27.742777777777,-101.3525,0.0,0.0,11123.170049539389
00000,27.742777777777,-101.3525,0.0,0.0,11123.170049539389
00000,27.742777777777,-101.3525,0.0,0.0,11123.170049539389
00000,27.742777777777,-101.3525,0.0,0.0,11123.170049539389
00000,25.644722222222,-101.1425,0.0,0.0,11123.151553474749
00000,27.7427,-101.352,0.0,0.0,11123.12186145296
00000,26.339166666666,-101.2086111111,0.0,0.0,11123.073815707336
00000,24.8775402,-101.0689767,0.0,0.0,11122.904910558056
00000,27.647222222222,-101.3397222222,0.0,0.0,11122.904053578492
00000,27.647222222222,-101.3397222222,0.0,0.0,11122.904053578492
00000,24.877777777777,-101.0680555555,0.0,0.0,11122.810134696785
00000,27.7431472222222,-101.348394444444,0.0,0.0,11122.763942034851
00000,28.756944444444,-101.4575,0.0,0.0,11122.689443006097
00000,28.756944444444,-101.4575,0.0,0.0,11122.689443006097
00000,27.335555555555,-101.305,0.0,0.0,11122.6831788977
00000,27.335555555555,-101.305,0.0,0.0,11122.6831788977
00000,25.001666666666,-101.0766666666,0.0,0.0,11122.542543254729
00000,25.001388888888,-101.0763888888,0.0,0.0,11122.517192273286
00000,25.0869824,-101.0836326,0.0,0.0,11122.458141774774
00000,25.193055555555,-101.0933333333,0.0,0.0,11122.452617869094
00000,25.193055555555,-101.0933333333,0.0,0.0,11122.452617869094
00000,25.193055555555,-101.0933333333,0.0,0.0,11122.452617869094
00000,25.1919,-101.093,0.0,0.0,11122.42988120397
00000,24.895555555555,-101.0647222222,0.0,0.0,11122.312881418753
00000,24.8954052,-101.0638074,0.0,0.0,11122.22229291528
00000,25.863333333333,-101.1533333333,0.0,0.0,11122.158738921718
00000,26.018888888888,-101.1675,0.0,0.0,11122.082785736926
00000,25.951388888888,-101.1580555555,0.0,0.0,11121.78879622052
00000,25.951388888888,-101.1580555555,0.0,0.0,11121.78879622052
00000,25.951388888888,-101.1580555555,0.0,0.0,11121.78879622052
00000,25.951388888888,-101.1580555555,0.0,0.0,11121.78879622052
00000,25.18465,-101.082469,0.0,0.0,11121.44090308499
00000,25.73912,-101.133862,0.0,0.0,11121.396450656908
00000,25.175277777777,-101.0811111111,0.0,0.0,11121.391276449318
00000,25.739166666666,-101.1336111111,0.0,0.0,11121.37097046207
00000,25.739166666666,-101.1336111111,0.0,0.0,11121.37097046207
00000,25.6478444444444,-101.124922222222,0.0,0.0,11121.366442852037
00000,25.6486027777778,-101.124616666667,0.0,0.0,11121.328773411553
00000,25.794722222222,-101.1375,0.0,0.0,11121.232314629196
00000,25.794722222222,-101.1375,0.0,0.0,11121.232314629196
00000,25.794722222222,-101.1375,0.0,0.0,11121.232314629196
00000,25.584444444444,-101.1175,0.0,0.0,11121.221914332375
00000,24.823055555555,-101.0461111111,0.0,0.0,11121.101416145177
00000,24.823055555555,-101.0461111111,0.0,0.0,11121.101416145177
00000,24.823055555555,-101.0461111111,0.0,0.0,11121.101416145177
00000,25.917403,-101.145643,0.0,0.0,11120.876768285481
00000,25.068333333333,-101.0655555555,0.0,0.0,11120.815224557939
00000,27.536111111111,-101.3058333333,0.0,0.0,11120.71953847409
00000,25.287777777777,-101.0847222222,0.0,0.0,11120.712326256227
00000,27.443888888888,-101.2958333333,0.0,0.0,11120.679223364768
00000,26.4412093,-101.1939281,0.0,0.0,11120.622034270225
00000,27.4427,-101.295,0.0,0.0,11120.609452677278
00000,25.9225,-101.1427777777,0.0,0.0,11120.542652578284
00000,25.9194457,-101.1393903,0.0,0.0,11120.23425394476
00000,27.44252453,-101.29115404,0.0,0.0,11120.233309005936
00000,25.9194,-101.139,0.0,0.0,11120.195799649282
00000,25.9177944444444,-101.137916666667,0.0,0.0,11120.103161465357
00000,25.9177944444444,-101.137916666667,0.0,0.0,11120.103161465357
00000,25.665277777777,-101.1136111111,0.0,0.0,11120.072425930268
00000,25.454444444444,-101.0936111111,0.0,0.0,11120.051359731395
00000,25.454444444444,-101.0936111111,0.0,0.0,11120.051359731395
00000,25.9172408,-101.1373036,0.0,0.0,11120.047351435906
00000,25.653333333333,-101.1105555555,0.0,0.0,11119.879824571684
00000,28.071666666666,-101.3530555555,0.0,0.0,11119.802840551087
00000,25.983333333333,-101.1394444444,0.0,0.0,11119.629771276148
00000,25.859722222222,-101.1244444444,0.0,0.0,11119.31311231749
00000,25.737845,-101.1115055,0.0,0.0,11119.177338982889
00000,25.219722222222,-101.0613888888,0.0,0.0,11119.003517955463
00000,25.219722222222,-101.0613888888,0.0,0.0,11119.003517955463
00000,25.219722222222,-101.0613888888,0.0,0.0,11119.003517955463
00000,27.6867235,-101.3018045,0.0,0.0,11118.779357489493
00000,27.6868137,-101.3017401,0.0,0.0,11118.772116258684
00000,25.834444444444,-101.1141666666,0.0,0.0,11118.528324434274
00000,25.834444444444,-101.1141666666,0.0,0.0,11118.528324434274
00000,24.968611111111,-101.0330555555,0.0,0.0,11118.46420732706
00000,24.968611111111,-101.0330555555,0.0,0.0,11118.46420732706
00000,25.78,-101.1077777777,0.0,0.0,11118.406808523176
00000,25.78,-101.1077777777,0.0,0.0,11118.406808523176
00000,25.78,-101.1077777777,0.0,0.0,11118.406808523176
00000,26.496666666666,-101.1752777777,0.0,0.0,11118.23141060822
00000,25.585555555555,-101.0855555555,0.0,0.0,11118.01915797727
00000,25.585555555555,-101.0855555555,0.0,0.0,11118.01915797727
00000,26.026388888888,-101.1272222222,0.0,0.0,11118.001273571364
00000,25.320833333333,-101.0597222222,0.0,0.0,11117.901558867306
00000,27.652258888888,-101.2869811111,0.0,0.0,11117.67970582053
00000,27.653411944444,-101.2868563888,0.0,0.0,11117.65564813996
00000,27.6522,-101.285,0.0,0.0,11117.486013075371
00000,26.30159,-101.148339,0.0,0.0,11117.454300790416
00000,26.302229,-101.146807,0.0,0.0,11117.295984580687
00000,26.301666666666,-101.1466666666,0.0,0.0,11117.28748732161
00000,25.4515181,-101.0637478,0.0,0.0,11117.090865248818
00000,25.4515666,-101.0636942,0.0,0.0,11117.085050947653
00000,25.193055555555,-101.0369444444,0.0,0.0,11116.798442191843
00000,27.648888888888,-101.2775,0.0,0.0,11116.784377969918
00000,27.648888888888,-101.2775,0.0,0.0,11116.784377969918
00000,27.648888888888,-101.2775,0.0,0.0,11116.784377969918
00000,27.648888888888,-101.2775,0.0,0.0,11116.784377969918
00000,27.648888888888,-101.2775,0.0,0.0,11116.784377969918
00000,27.648888888888,-101.2775,0.0,0.0,11116.784377969918
00000,27.648888888888,-101.2775,0.0,0.0,11116.784377969918
00000,27.648888888888,-101.2775,0.0,0.0,11116.784377969918
00000,27.648888888888,-101.2775,0.0,0.0,11116.784377969918
00000,27.648888888888,-101.2775,0.0,0.0,11116.784377969918
00000,27.648888888888,-101.2775,0.0,0.0,11116.784377969918
00000,25.378611111111,-101.0527777777,0.0,0.0,11116.670551631258
00000,25.575555555555,-101.0702777777,0.0,0.0,11116.58598090061
00000,25.575555555555,-101.0702777777,0.0,0.0,11116.58598090061
00000,25.229444444444,-101.0377777777,0.0,0.0,11116.54695720556
00000,26.532334,-101.161777,0.0,0.0,11116.545062362951
00000,26.532334,-101.161777,0.0,0.0,11116.545062362951
00000,27.6443124,-101.2744619,0.0,0.0,11116.533279733683
00000,27.928394,-101.304304,0.0,0.0,11116.529294776665
00000,27.928394,-101.304304,0.0,0.0,11116.529294776665
00000,27.928333333333,-101.3038888888,0.0,0.0,11116.489318781765
00000,27.928333333333,-101.3038888888,0.0,0.0,11116.489318781765
00000,27.928333333333,-101.3038888888,0.0,0.0,11116.489318781765
00000,27.928333333333,-101.3038888888,0.0,0.0,11116.489318781765
00000,27.928333333333,-101.3038888888,0.0,0.0,11116.489318781765
00000,27.928333333333,-101.3038888888,0.0,0.0,11116.489318781765
00000,27.928333333333,-101.3038888888,0.0,0.0,11116.489318781765
00000,27.928333333333,-101.3038888888,0.0,0.0,11116.489318781765
00000,27.928333333333,-101.3038888888,0.0,0.0,11116.489318781765
00000,27.928393611111,-101.3033744444,0.0,0.0,11116.43837273748
00000,27.9294,-101.303,0.0,0.0,11116.391315258366
00000,27.930896388888,-101.3026336111,0.0,0.0,11116.33996743479
00000,27.220277777777,-101.2266666666,0.0,0.0,11116.139005860463
00000,27.9424861111111,-101.300208333333,0.0,0.0,11115.982619949786
00000,27.9424861111111,-101.300208333333,0.0,0.0,11115.982619949786
00000,27.24,-101.225,0.0,0.0,11115.776553036785
00000,27.24,-101.225,0.0,0.0,11115.776553036785
00000,25.6354512,-101.0643794,0.0,0.0,11115.435629166248
00000,27.936944444444,-101.2905555555,0.0,0.0,11115.095929174582
00000,25.702777777777,-101.0666666666,0.0,0.0,11115.032102186145
00000,25.59,-101.0544444444,0.0,0.0,11114.86851030414
00000,25.405224166666,-101.0356544444,0.0,0.0,11114.709642929494
00000,25.4578669,-101.0401283,0.0,0.0,11114.668706369697
00000,25.433687222222,-101.0377266666,0.0,0.0,11114.652980631448
00000,27.9625,-101.2883333333,0.0,0.0,11114.613877821788
00000,27.962725,-101.288255,0.0,0.0,11114.603886475981
00000,25.547222222222,-101.0447222222,0.0,0.0,11114.296241902155
00000,24.9975,-100.9933333333,0.0,0.0,11114.210877632842
00000,24.9975,-100.9933333333,0.0,0.0,11114.210877632842
00000,25.4325277777778,-101.032694444444,0.0,0.0,11114.160174306164
00000,27.961388888888,-101.2833333333,0.0,0.0,11114.136454437536
00000,25.555833333333,-101.0427777777,0.0,0.0,11114.021541517228
00000,26.265555555555,-101.11,0.0,0.0,11113.994089767788
00000,26.2660563,-101.1090773,0.0,0.0,11113.897608602292
00000,26.2661,-101.109,0.0,0.0,11113.889508996082
00000,25.353611111111,-101.0208333333,0.0,0.0,11113.703570998907
00000,25.353611111111,-101.0208333333,0.0,0.0,11113.703570998907
00000,24.912722994,-100.98036703,0.0,0.0,11113.677632164818
00000,24.913333333333,-100.9794444444,0.0,0.0,11113.57937223109
00000,25.4284493,-101.0260043,0.0,0.0,11113.528510268394
00000,25.3892055555556,-101.022247222222,0.0,0.0,11113.515964051485
00000,25.427948055555,-101.0256636111,0.0,0.0,11113.499063286245
00000,25.388995,-101.021709,0.0,0.0,11113.46403280661
00000,24.9116,-100.978,0.0,0.0,11113.449883777272
00000,25.265555555555,-101.01,0.0,0.0,11113.430355496419
00000,25.265555555555,-101.01,0.0,0.0,11113.430355496419
00000,25.265555555555,-101.01,0.0,0.0,11113.430355496419
00000,25.4181611,-101.0234899,0.0,0.0,11113.372226852505
00000,25.368413,-101.0187785,0.0,0.0,11113.361008290922
00000,25.530277777777,-101.0333333333,0.0,0.0,11113.315519332755
00000,25.530277777777,-101.0333333333,0.0,0.0,11113.315519332755
00000,25.530277777777,-101.0333333333,0.0,0.0,11113.315519332755
00000,25.820833333333,-101.0602777777,0.0,0.0,11113.283011177627
00000,25.4224513,-101.0227504,0.0,0.0,11113.258466237052
00000,25.4210966,-101.0210785,0.0,0.0,11113.103695668737
00000,26.472223,-101.120824,0.0,0.0,11113.070617300287
00000,25.440879444444,-101.0224775,0.0,0.0,11113.060346068569
00000,25.439943055555,-101.0218402777,0.0,0.0,11113.005265527248
00000,25.349296,-101.013265,0.0,0.0,11112.985542411625
00000,25.447513333333,-101.0207997222,0.0,0.0,11112.830955789897
00000,24.8525,-100.9655555555,0.0,0.0,11112.733004215555
00000,24.8525,-100.9655555555,0.0,0.0,11112.733004215555
00000,24.8525,-100.9655555555,0.0,0.0,11112.733004215555
00000,24.6249659,-100.9450262,0.0,0.0,11112.70931833884
00000,25.3485083333333,-101.010125,0.0,0.0,11112.678368459368
00000,25.391680833333,-101.0139161111,0.0,0.0,11112.6590706425
00000,25.40359,-101.0142663888,0.0,0.0,11112.583970815045
00000,25.476158888888,-101.0200494444,0.0,0.0,11112.490139853804
00000,25.439443,-101.015321,0.0,0.0,11112.357556375073
00000,25.440108333333,-101.0153166666,0.0,0.0,11112.350958099047
00000,25.384831666666,-101.0101269444,0.0,0.0,11112.343066455933
00000,25.3859699,-101.0100739,0.0,0.0,11112.327235790797
00000,25.011388888888,-100.9738888888,0.0,0.0,11112.131688283136
00000,25.011388888888,-100.9738888888,0.0,0.0,11112.131688283136
00000,25.403884722222,-101.0096755555,0.0,0.0,11112.121724982158
00000,25.4441366,-101.0130461,0.0,0.0,11112.086437365811
00000,25.4426834,-101.0123961,0.0,0.0,11112.034860910413
00000,25.389946,-101.007499,0.0,0.0,11112.032717024358
00000,25.3600213,-101.0045401,0.0,0.0,11112.012847469738
00000,25.3600213,-101.0045401,0.0,0.0,11112.012847469738
00000,25.374249722222,-101.0049636111,0.0,0.0,11111.923895980677
00000,25.406540277777,-101.0078416666,0.0,0.0,11111.913604574347
00000,25.4379638888889,-101.010463888889,0.0,0.0,11111.88523052136
00000,26.1263804,-101.0753424,0.0,0.0,11111.883448801027
00000,25.379750277777,-101.0050113888,0.0,0.0,11111.877879053916
00000,25.4132555555556,-101.008005555556,0.0,0.0,11111.867897904192
00000,26.126388888888,-101.075,0.0,0.0,11111.849311005686
00000,25.430171,-101.007812,0.0,0.0,11111.692006917932
00000,25.541111111111,-101.0180555555,0.0,0.0,11111.687207999712
00000,25.541111111111,-101.0180555555,0.0,0.0,11111.687207999712
00000,25.541111111111,-101.0180555555,0.0,0.0,11111.687207999712
00000,25.3881907,-101.0038235,0.0,0.0,11111.680989448263
00000,25.5403,-101.017,0.0,0.0,11111.589221009639
00000,25.420134,-101.005139,0.0,0.0,11111.517373480025
00000,25.414132777777,-101.0044575,0.0,0.0,11111.504670770944
00000,25.3866845,-101.0013755,0.0,0.0,11111.449834006567
00000,25.388658,-101.00152,0.0,0.0,11111.446072433397
00000,26.183055555555,-101.0763888888,0.0,0.0,11111.44573827091
00000,26.183055555555,-101.0763888888,0.0,0.0,11111.44573827091
00000,27.9490006,-101.2538606,0.0,0.0,11111.382294308638
00000,27.946944444444,-101.2530555555,0.0,0.0,11111.324787930125
00000,27.946944444444,-101.2530555555,0.0,0.0,11111.324787930125
00000,25.422403333333,-101.0023544444,0.0,0.0,11111.217703735767
00000,25.422403333333,-101.0023544444,0.0,0.0,11111.217703735767
00000,25.420769,-101.002122,0.0,0.0,11111.209555231819
00000,25.53898446,-101.01299471,0.0,0.0,11111.201012000936
00000,24.609444444444,-100.9266666666,0.0,0.0,11110.997825766497
00000,25.4217,-101.0,0.0,0.0,11110.988574872754
00000,25.4217,-101.0,0.0,0.0,11110.988574872754
00000,25.4217,-101.0,0.0,0.0,11110.988574872754
00000,25.4217,-101.0,0.0,0.0,11110.988574872754
00000,25.4217,-101.0,0.0,0.0,11110.988574872754
00000,25.4217,-101.0,0.0,0.0,11110.988574872754
00000,25.4217,-101.0,0.0,0.0,11110.988574872754
00000,25.4217,-101.0,0.0,0.0,11110.988574872754
00000,25.4217,-101.0,0.0,0.0,11110.988574872754
00000,25.4217,-101.0,0.0,0.0,11110.988574872754
00000,25.4217,-101.0,0.0,0.0,11110.988574872754
00000,25.4217,-101.0,0.0,0.0,11110.988574872754
00000,25.4217,-101.0,0.0,0.0,11110.988574872754
00000,25.4217,-101.0,0.0,0.0,11110.988574872754
00000,25.417050277777,-100.9994319444,0.0,0.0,11110.974710483159
00000,25.438701388888,-101.0008822222,0.0,0.0,11110.919606356932
00000,25.190555555555,-100.9780555555,0.0,0.0,11110.916247584935
00000,25.190555555555,-100.9780555555,0.0,0.0,11110.916247584935
00000,25.433333,-101.0,0.0,0.0,11110.880989748737
00000,25.433333,-101.0,0.0,0.0,11110.880989748737
00000,25.433333,-101.0,0.0,0.0,11110.880989748737
00000,25.433333,-101.0,0.0,0.0,11110.880989748737
00000,25.433333333333,-101.0,0.0,0.0,11110.88098666533
00000,25.433333333333,-101.0,0.0,0.0,11110.88098666533
00000,25.433333333333,-101.0,0.0,0.0,11110.88098666533
00000,25.433333333333,-101.0,0.0,0.0,11110.88098666533
00000,25.433333333333,-101.0,0.0,0.0,11110.88098666533
00000,25.433333333333,-101.0,0.0,0.0,11110.88098666533
00000,25.433333333333,-101.0,0.0,0.0,11110.88098666533
00000,25.433333333333,-101.0,0.0,0.0,11110.88098666533
00000,25.433333333333,-101.0,0.0,0.0,11110.88098666533
00000,25.433333333333,-101.0,0.0,0.0,11110.88098666533
00000,25.433333333333,-101.0,0.0,0.0,11110.88098666533
00000,25.433333333333,-101.0,0.0,0.0,11110.88098666533
00000,25.433333333333,-101.0,0.0,0.0,11110.88098666533
00000,25.433333333333,-101.0,0.0,0.0,11110.88098666533
00000,25.433333333333,-101.0,0.0,0.0,11110.88098666533
00000,25.433333333333,-101.0,0.0,0.0,11110.88098666533
00000,25.433333333333,-101.0,0.0,0.0,11110.88098666533
00000,25.433333333333,-101.0,0.0,0.0,11110.88098666533
00000,25.433333333333,-101.0,0.0,0.0,11110.88098666533
00000,25.433333333333,-101.0,0.0,0.0,11110.88098666533
00000,25.433333333333,-101.0,0.0,0.0,11110.88098666533
00000,25.433333333333,-101.0,0.0,0.0,11110.88098666533
00000,25.433333333333,-101.0,0.0,0.0,11110.88098666533
00000,25.433333333333,-101.0,0.0,0.0,11110.88098666533
00000,25.433333333333,-101.0,0.0,0.0,11110.88098666533
00000,25.433333333333,-101.0,0.0,0.0,11110.88098666533
00000,25.433333333333,-101.0,0.0,0.0,11110.88098666533
00000,25.433333333333,-101.0,0.0,0.0,11110.88098666533
00000,25.433333333333,-101.0,0.0,0.0,11110.88098666533
00000,25.433333333333,-101.0,0.0,0.0,11110.88098666533
00000,25.433333333333,-101.0,0.0,0.0,11110.88098666533
00000,25.433333333333,-101.0,0.0,0.0,11110.88098666533
00000,25.433333333333,-101.0,0.0,0.0,11110.88098666533
00000,25.433333333333,-101.0,0.0,0.0,11110.88098666533
00000,25.433333333333,-101.0,0.0,0.0,11110.88098666533
00000,25.433333333333,-101.0,0.0,0.0,11110.88098666533
00000,25.433333333333,-101.0,0.0,0.0,11110.88098666533
00000,25.433333333333,-101.0,0.0,0.0,11110.88098666533
00000,25.433333333333,-101.0,0.0,0.0,11110.88098666533
00000,25.433333333333,-101.0,0.0,0.0,11110.88098666533
00000,25.433333333333,-101.0,0.0,0.0,11110.88098666533
00000,25.433333333333,-101.0,0.0,0.0,11110.88098666533
00000,25.433333333333,-101.0,0.0,0.0,11110.88098666533
00000,25.433333333333,-101.0,0.0,0.0,11110.88098666533
00000,25.433333333333,-101.0,0.0,0.0,11110.88098666533
00000,25.433333333333,-101.0,0.0,0.0,11110.88098666533
00000,25.433333333333,-101.0,0.0,0.0,11110.88098666533
00000,25.433333333333,-101.0,0.0,0.0,11110.88098666533
00000,25.433333333333,-101.0,0.0,0.0,11110.88098666533
00000,25.433333333333,-101.0,0.0,0.0,11110.88098666533
00000,25.433333333333,-101.0,0.0,0.0,11110.88098666533
00000,25.433333333333,-101.0,0.0,0.0,11110.88098666533
00000,25.433333333333,-101.0,0.0,0.0,11110.88098666533
00000,25.433333333333,-101.0,0.0,0.0,11110.88098666533
00000,25.433333333333,-101.0,0.0,0.0,11110.88098666533
00000,25.433333333333,-101.0,0.0,0.0,11110.88098666533
00000,25.433333333333,-101.0,0.0,0.0,11110.88098666533
00000,25.433333333333,-101.0,0.0,0.0,11110.88098666533
00000,25.433333333333,-101.0,0.0,0.0,11110.88098666533
00000,25.433333333333,-101.0,0.0,0.0,11110.88098666533
00000,25.433333333333,-101.0,0.0,0.0,11110.88098666533
00000,25.433333333333,-101.0,0.0,0.0,11110.88098666533
00000,25.433333333333,-101.0,0.0,0.0,11110.88098666533
00000,25.433333333333,-101.0,0.0,0.0,11110.88098666533
00000,25.433333333333,-101.0,0.0,0.0,11110.88098666533
00000,25.433333333333,-101.0,0.0,0.0,11110.88098666533
00000,25.433333333333,-101.0,0.0,0.0,11110.88098666533
00000,25.433333333333,-101.0,0.0,0.0,11110.88098666533
00000,25.433333333333,-101.0,0.0,0.0,11110.88098666533
00000,25.433333333333,-101.0,0.0,0.0,11110.88098666533
00000,25.433333333333,-101.0,0.0,0.0,11110.88098666533
00000,25.433333333333,-101.0,0.0,0.0,11110.88098666533
00000,25.433333333333,-101.0,0.0,0.0,11110.88098666533
00000,25.433333333333,-101.0,0.0,0.0,11110.88098666533
00000,25.433333333333,-101.0,0.0,0.0,11110.88098666533
00000,25.433333333333,-101.0,0.0,0.0,11110.88098666533
00000,25.433333333333,-101.0,0.0,0.0,11110.88098666533
00000,25.433333333333,-101.0,0.0,0.0,11110.88098666533
00000,25.433333333333,-101.0,0.0,0.0,11110.88098666533
00000,25.433333333333,-101.0,0.0,0.0,11110.88098666533
00000,25.433333333333,-101.0,0.0,0.0,11110.88098666533
00000,25.433333333333,-101.0,0.0,0.0,11110.88098666533
00000,25.433333333333,-101.0,0.0,0.0,11110.88098666533
00000,25.433333333333,-101.0,0.0,0.0,11110.88098666533
00000,25.433333333333,-101.0,0.0,0.0,11110.88098666533
00000,25.433333333333,-101.0,0.0,0.0,11110.88098666533
00000,25.433333333333,-101.0,0.0,0.0,11110.88098666533
00000,25.433333333333,-101.0,0.0,0.0,11110.88098666533
00000,25.433333333333,-101.0,0.0,0.0,11110.88098666533
00000,25.433333333333,-101.0,0.0,0.0,11110.88098666533
00000,25.433333333333,-101.0,0.0,0.0,11110.88098666533
00000,25.433333333333,-101.0,0.0,0.0,11110.88098666533
00000,25.433333333333,-101.0,0.0,0.0,11110.88098666533
00000,25.433333333333,-101.0,0.0,0.0,11110.88098666533
00000,25.433333333333,-101.0,0.0,0.0,11110.88098666533
00000,25.433333333333,-101.0,0.0,0.0,11110.88098666533
00000,25.433333333333,-101.0,0.0,0.0,11110.88098666533
00000,25.433333333333,-101.0,0.0,0.0,11110.88098666533
00000,25.433333333333,-101.0,0.0,0.0,11110.88098666533
00000,25.433333333333,-101.0,0.0,0.0,11110.88098666533
00000,25.433333333333,-101.0,0.0,0.0,11110.88098666533
00000,25.433333333333,-101.0,0.0,0.0,11110.88098666533
00000,25.433333333333,-101.0,0.0,0.0,11110.88098666533
00000,25.433333333333,-101.0,0.0,0.0,11110.88098666533
00000,25.433333333333,-101.0,0.0,0.0,11110.88098666533
00000,25.433333333333,-101.0,0.0,0.0,11110.88098666533
00000,25.433333333333,-101.0,0.0,0.0,11110.88098666533
00000,25.433333333333,-101.0,0.0,0.0,11110.88098666533
00000,25.433333333333,-101.0,0.0,0.0,11110.88098666533
00000,25.433333333333,-101.0,0.0,0.0,11110.88098666533
00000,25.433333333333,-101.0,0.0,0.0,11110.88098666533
00000,25.433333333333,-101.0,0.0,0.0,11110.88098666533
00000,25.433333333333,-101.0,0.0,0.0,11110.88098666533
00000,25.433333333333,-101.0,0.0,0.0,11110.88098666533
00000,25.433333333333,-101.0,0.0,0.0,11110.88098666533
00000,25.433333333333,-101.0,0.0,0.0,11110.88098666533
00000,25.433333333333,-101.0,0.0,0.0,11110.88098666533
00000,25.433333333333,-101.0,0.0,0.0,11110.88098666533
00000,25.433333333333,-101.0,0.0,0.0,11110.88098666533
00000,25.433333333333,-101.0,0.0,0.0,11110.88098666533
00000,25.433333333333,-101.0,0.0,0.0,11110.88098666533
00000,25.433333333333,-101.0,0.0,0.0,11110.88098666533
00000,25.433333333333,-101.0,0.0,0.0,11110.88098666533
00000,25.433333333333,-101.0,0.0,0.0,11110.88098666533
00000,25.433333333333,-101.0,0.0,0.0,11110.88098666533
00000,25.433333333333,-101.0,0.0,0.0,11110.88098666533
00000,25.433333333333,-101.0,0.0,0.0,11110.88098666533
00000,25.433333333333,-101.0,0.0,0.0,11110.88098666533
00000,25.433333333333,-101.0,0.0,0.0,11110.88098666533
00000,25.433333333333,-101.0,0.0,0.0,11110.88098666533
00000,25.433333333333,-101.0,0.0,0.0,11110.88098666533
00000,25.433333333333,-101.0,0.0,0.0,11110.88098666533
00000,25.433333333333,-101.0,0.0,0.0,11110.88098666533
00000,25.433333333333,-101.0,0.0,0.0,11110.88098666533
00000,25.433333333333,-101.0,0.0,0.0,11110.88098666533
00000,25.433333333333,-101.0,0.0,0.0,11110.88098666533
00000,25.433333333333,-101.0,0.0,0.0,11110.88098666533
00000,25.433333333333,-101.0,0.0,0.0,11110.88098666533
00000,25.433333333333,-101.0,0.0,0.0,11110.88098666533
00000,25.433333333333,-101.0,0.0,0.0,11110.88098666533
00000,25.433333333333,-101.0,0.0,0.0,11110.88098666533
00000,25.433333333333,-101.0,0.0,0.0,11110.88098666533
00000,25.433333333333,-101.0,0.0,0.0,11110.88098666533
00000,25.433333333333,-101.0,0.0,0.0,11110.88098666533
00000,25.433333333333,-101.0,0.0,0.0,11110.88098666533
00000,25.433333333333,-101.0,0.0,0.0,11110.88098666533
00000,25.433333333333,-101.0,0.0,0.0,11110.88098666533
00000,25.433333333333,-101.0,0.0,0.0,11110.88098666533
00000,25.433333333333,-101.0,0.0,0.0,11110.88098666533
00000,25.433333333333,-101.0,0.0,0.0,11110.88098666533
00000,25.433333333333,-101.0,0.0,0.0,11110.88098666533
00000,25.433333333333,-101.0,0.0,0.0,11110.88098666533
00000,25.433333333333,-101.0,0.0,0.0,11110.88098666533
00000,25.433333333333,-101.0,0.0,0.0,11110.88098666533
00000,25.433333333333,-101.0,0.0,0.0,11110.88098666533
00000,25.433333333333,-101.0,0.0,0.0,11110.88098666533
00000,25.433333333333,-101.0,0.0,0.0,11110.88098666533
00000,25.433333333333,-101.0,0.0,0.0,11110.88098666533
00000,25.433333333333,-101.0,0.0,0.0,11110.88098666533
00000,25.433333333333,-101.0,0.0,0.0,11110.88098666533
00000,25.433333333333,-101.0,0.0,0.0,11110.88098666533
00000,25.433333333333,-101.0,0.0,0.0,11110.88098666533
00000,25.433333333333,-101.0,0.0,0.0,11110.88098666533
00000,25.433333333333,-101.0,0.0,0.0,11110.88098666533
00000,25.433333333333,-101.0,0.0,0.0,11110.88098666533
00000,25.433333333333,-101.0,0.0,0.0,11110.88098666533
00000,25.433333333333,-101.0,0.0,0.0,11110.88098666533
00000,25.433333333333,-101.0,0.0,0.0,11110.88098666533
00000,25.433333333333,-101.0,0.0,0.0,11110.88098666533
00000,25.433333333333,-101.0,0.0,0.0,11110.88098666533
00000,25.433333333333,-101.0,0.0,0.0,11110.88098666533
00000,25.433333333333,-101.0,0.0,0.0,11110.88098666533
00000,25.433333333333,-101.0,0.0,0.0,11110.88098666533
00000,25.433333333333,-101.0,0.0,0.0,11110.88098666533
00000,25.433333333333,-101.0,0.0,0.0,11110.88098666533
00000,25.433333333333,-101.0,0.0,0.0,11110.88098666533
00000,25.433333333333,-101.0,0.0,0.0,11110.88098666533
00000,25.433333333333,-101.0,0.0,0.0,11110.88098666533
00000,25.433333333333,-101.0,0.0,0.0,11110.88098666533
00000,25.433333333333,-101.0,0.0,0.0,11110.88098666533
00000,25.433333333333,-101.0,0.0,0.0,11110.88098666533
00000,25.433333333333,-101.0,0.0,0.0,11110.88098666533
00000,25.433333333333,-101.0,0.0,0.0,11110.88098666533
00000,25.433333333333,-101.0,0.0,0.0,11110.88098666533
00000,25.433333333333,-101.0,0.0,0.0,11110.88098666533
00000,25.433333333333,-101.0,0.0,0.0,11110.88098666533
00000,25.433333333333,-101.0,0.0,0.0,11110.88098666533
00000,25.433333333333,-101.0,0.0,0.0,11110.88098666533
00000,25.433333333333,-101.0,0.0,0.0,11110.88098666533
00000,25.433333333333,-101.0,0.0,0.0,11110.88098666533
00000,25.433333333333,-101.0,0.0,0.0,11110.88098666533
00000,25.433333333333,-101.0,0.0,0.0,11110.88098666533
00000,25.433333333333,-101.0,0.0,0.0,11110.88098666533
00000,25.433333333333,-101.0,0.0,0.0,11110.88098666533
00000,25.433333333333,-101.0,0.0,0.0,11110.88098666533
00000,25.433333333333,-101.0,0.0,0.0,11110.88098666533
00000,25.433333333333,-101.0,0.0,0.0,11110.88098666533
00000,25.433333333333,-101.0,0.0,0.0,11110.88098666533
00000,25.433333333333,-101.0,0.0,0.0,11110.88098666533
00000,25.433333333333,-101.0,0.0,0.0,11110.88098666533
00000,25.433333333333,-101.0,0.0,0.0,11110.88098666533
00000,25.433333333333,-101.0,0.0,0.0,11110.88098666533
00000,25.433333333333,-101.0,0.0,0.0,11110.88098666533
00000,25.433333333333,-101.0,0.0,0.0,11110.88098666533
00000,25.433333333333,-101.0,0.0,0.0,11110.88098666533
00000,25.433333333333,-101.0,0.0,0.0,11110.88098666533
00000,25.433333333333,-101.0,0.0,0.0,11110.88098666533
00000,25.433333333333,-101.0,0.0,0.0,11110.88098666533
00000,25.433333333333,-101.0,0.0,0.0,11110.88098666533
00000,25.433333333333,-101.0,0.0,0.0,11110.88098666533
00000,25.433333333333,-101.0,0.0,0.0,11110.88098666533
00000,25.433333333333,-101.0,0.0,0.0,11110.88098666533
00000,25.433333333333,-101.0,0.0,0.0,11110.88098666533
00000,25.433333333333,-101.0,0.0,0.0,11110.88098666533
00000,25.433333333333,-101.0,0.0,0.0,11110.88098666533
00000,25.433333333333,-101.0,0.0,0.0,11110.88098666533
00000,25.433333333333,-101.0,0.0,0.0,11110.88098666533
00000,25.433333333333,-101.0,0.0,0.0,11110.88098666533
00000,25.433333333333,-101.0,0.0,0.0,11110.88098666533
00000,25.433333333333,-101.0,0.0,0.0,11110.88098666533
00000,25.433333333333,-101.0,0.0,0.0,11110.88098666533
00000,25.433333333333,-101.0,0.0,0.0,11110.88098666533
00000,25.433333333333,-101.0,0.0,0.0,11110.88098666533
00000,25.433333333333,-101.0,0.0,0.0,11110.88098666533
00000,25.433333333333,-101.0,0.0,0.0,11110.88098666533
00000,25.433333333333,-101.0,0.0,0.0,11110.88098666533
00000,25.433333333333,-101.0,0.0,0.0,11110.88098666533
00000,25.433333333333,-101.0,0.0,0.0,11110.88098666533
00000,25.433333333333,-101.0,0.0,0.0,11110.88098666533
00000,25.433333333333,-101.0,0.0,0.0,11110.88098666533
00000,25.433333333333,-101.0,0.0,0.0,11110.88098666533
00000,25.433333333333,-101.0,0.0,0.0,11110.88098666533
00000,25.433333333333,-101.0,0.0,0.0,11110.88098666533
00000,25.433333333333,-101.0,0.0,0.0,11110.88098666533
00000,25.433333333333,-101.0,0.0,0.0,11110.88098666533
00000,25.433333333333,-101.0,0.0,0.0,11110.88098666533
00000,25.433333333333,-101.0,0.0,0.0,11110.88098666533
00000,25.433333333333,-101.0,0.0,0.0,11110.88098666533
00000,25.433333333333,-101.0,0.0,0.0,11110.88098666533
00000,25.433333333333,-101.0,0.0,0.0,11110.88098666533
00000,25.433333333333,-101.0,0.0,0.0,11110.88098666533
00000,25.433333333333,-101.0,0.0,0.0,11110.88098666533
00000,25.433333333333,-101.0,0.0,0.0,11110.88098666533
00000,25.433333333333,-101.0,0.0,0.0,11110.88098666533
00000,25.433333333333,-101.0,0.0,0.0,11110.88098666533
00000,25.433333333333,-101.0,0.0,0.0,11110.88098666533
00000,25.433333333333,-101.0,0.0,0.0,11110.88098666533
00000,25.433333333333,-101.0,0.0,0.0,11110.88098666533
00000,25.433333333333,-101.0,0.0,0.0,11110.88098666533
00000,25.433333333333,-101.0,0.0,0.0,11110.88098666533
00000,25.433333333333,-101.0,0.0,0.0,11110.88098666533
00000,25.433333333333,-101.0,0.0,0.0,11110.88098666533
00000,25.433333333333,-101.0,0.0,0.0,11110.88098666533
00000,25.433333333333,-101.0,0.0,0.0,11110.88098666533
00000,25.433333333333,-101.0,0.0,0.0,11110.88098666533
00000,25.433333333333,-101.0,0.0,0.0,11110.88098666533
00000,25.433333333333,-101.0,0.0,0.0,11110.88098666533
00000,25.433333333333,-101.0,0.0,0.0,11110.88098666533
00000,25.433333333333,-101.0,0.0,0.0,11110.88098666533
00000,25.433333333333,-101.0,0.0,0.0,11110.88098666533
00000,25.433333333333,-101.0,0.0,0.0,11110.88098666533
00000,25.433333333333,-101.0,0.0,0.0,11110.88098666533
00000,25.435939444444,-100.9955930555,0.0,0.0,11110.41588262361
00000,25.720433,-101.021871,0.0,0.0,11110.394588334193
00000,25.4700111111111,-100.998444444444,0.0,0.0,11110.38586562267
00000,25.40181,-100.9916737,0.0,0.0,11110.338973788284
00000,25.721111111111,-101.0211111111,0.0,0.0,11110.31238398904
00000,25.721111111111,-101.0211111111,0.0,0.0,11110.31238398904
00000,25.42933,-100.99338,0.0,0.0,11110.25552516742
00000,27.874722222222,-101.2338888888,0.0,0.0,11110.193650004261
00000,27.874722222222,-101.2338888888,0.0,0.0,11110.193650004261
00000,25.439441944444,-100.9932569444,0.0,0.0,11110.149727417553
00000,25.424203,-100.991528,0.0,0.0,11110.11756483706
00000,27.8754,-101.233,0.0,0.0,11110.099684374887
00000,27.8754,-101.233,0.0,0.0,11110.099684374887
00000,25.4412225,-100.9915147222,0.0,0.0,11109.95892887611
00000,25.414638,-100.988715,0.0,0.0,11109.92438409899
00000,25.414638,-100.988715,0.0,0.0,11109.92438409899
00000,25.414638,-100.988715,0.0,0.0,11109.92438409899
00000,25.414638,-100.988715,0.0,0.0,11109.92438409899
00000,25.414638,-100.988715,0.0,0.0,11109.92438409899
00000,25.414638,-100.988715,0.0,0.0,11109.92438409899
00000,24.776666666666,-100.9308333333,0.0,0.0,11109.922364372589
00000,25.4209375,-100.9891336111,0.0,0.0,11109.90810144923
00000,25.942499,-101.037044,0.0,0.0,11109.81812309604
00000,27.9243361111111,-101.234608333333,0.0,0.0,11109.753504415523
00000,27.4213826,-101.1820074,0.0,0.0,11109.720514507906
00000,27.4209635,-101.1815783,0.0,0.0,11109.682560962063
00000,25.453665,-100.9895508,0.0,0.0,11109.647366494102
00000,25.400198333333,-100.9837175,0.0,0.0,11109.557440597278
00000,25.413576,-100.984872,0.0,0.0,11109.549551684622
00000,25.4110083,-100.9844368,0.0,0.0,11109.529692653925
00000,25.3840388888889,-100.981786111111,0.0,0.0,11109.513111183092
00000,25.413259722222,-100.9842163888,0.0,0.0,11109.48685188149
00000,25.441166666666,-100.9864722222,0.0,0.0,11109.454870020347
00000,25.380093,-100.979934,0.0,0.0,11109.364053726486
00000,25.4528777777778,-100.986297222222,0.0,0.0,11109.329111609637
00000,27.9496425,-101.2327911111,0.0,0.0,11109.315038002978
00000,27.886666666666,-101.2261111111,0.0,0.0,11109.309674305468
00000,27.886666666666,-101.2261111111,0.0,0.0,11109.309674305468
00000,25.4251444444444,-100.983061111111,0.0,0.0,11109.261514075706
00000,25.434549,-100.983645,0.0,0.0,11109.233097207358
00000,25.402550833333,-100.9804913888,0.0,0.0,11109.212810417146
00000,25.4668194444444,-100.986402777778,0.0,0.0,11109.210747091025
00000,25.429,-100.982441,0.0,0.0,11109.163855528766
00000,25.429,-100.982441,0.0,0.0,11109.163855528766
00000,25.429,-100.982441,0.0,0.0,11109.163855528766
00000,25.429,-100.982441,0.0,0.0,11109.163855528766
00000,25.429,-100.982441,0.0,0.0,11109.163855528766
00000,25.429,-100.982441,0.0,0.0,11109.163855528766
00000,25.429,-100.982441,0.0,0.0,11109.163855528766
00000,25.429,-100.982441,0.0,0.0,11109.163855528766
00000,25.429,-100.982441,0.0,0.0,11109.163855528766
00000,25.429,-100.982441,0.0,0.0,11109.163855528766
00000,25.429,-100.982441,0.0,0.0,11109.163855528766
00000,25.429,-100.982441,0.0,0.0,11109.163855528766
00000,25.459063,-100.984662,0.0,0.0,11109.108319334082
00000,25.4304138,-100.9819626,0.0,0.0,11109.102925073465
00000,25.5192126,-100.9897534,0.0,0.0,11109.060709658623
00000,25.519166666666,-100.9897222222,0.0,0.0,11109.058017774189
00000,25.519166666666,-100.9897222222,0.0,0.0,11109.058017774189
00000,25.3876333,-100.9774915,0.0,0.0,11109.050038363292
00000,25.429690984816386,-100.98057478666308,0.0,0.0,11108.970714199193
00000,25.428828,-100.979902,0.0,0.0,11108.911351952724
00000,25.43054364461681,-100.97990155220032,0.0,0.0,11108.895468650271
00000,25.4305166666667,-100.979780555556,0.0,0.0,11108.883609073977
00000,25.377179,-100.974575,0.0,0.0,11108.85436243072
00000,25.4277611111111,-100.979125,0.0,0.0,11108.843441278425
00000,25.4277611111111,-100.979125,0.0,0.0,11108.843441278425
00000,25.4277611111111,-100.979125,0.0,0.0,11108.843441278425
00000,25.4273222222222,-100.979041666667,0.0,0.0,11108.839152658496
00000,25.4273222222222,-100.979041666667,0.0,0.0,11108.839152658496
00000,25.4273222222222,-100.979041666667,0.0,0.0,11108.839152658496
00000,25.4273222222222,-100.979041666667,0.0,0.0,11108.839152658496
00000,25.4273222222222,-100.979041666667,0.0,0.0,11108.839152658496
00000,25.4273222222222,-100.979041666667,0.0,0.0,11108.839152658496
00000,25.4272972222222,-100.978994444444,0.0,0.0,11108.83465755764
00000,25.693888888888,-101.0033333333,0.0,0.0,11108.792173174743
00000,25.693888888888,-101.0033333333,0.0,0.0,11108.792173174743
00000,25.405691111111,-100.9765080555,0.0,0.0,11108.785131717905
00000,24.804444444444,-100.9219444444,0.0,0.0,11108.778770386565
00000,25.428546,-100.978386,0.0,0.0,11108.762240156037
00000,25.428546,-100.978386,0.0,0.0,11108.762240156037
00000,25.430213,-100.978499,0.0,0.0,11108.758161499714
00000,26.891944444444,-101.1183333333,0.0,0.0,11108.721025441593
00000,26.032222222222,-101.0344444444,0.0,0.0,11108.709758362396
00000,26.032222222222,-101.0344444444,0.0,0.0,11108.709758362396
00000,25.4904032,-100.9824426,0.0,0.0,11108.596399739674
00000,25.47077,-100.980295,0.0,0.0,11108.56318349419
00000,25.461111,-100.979331,0.0,0.0,11108.556028292842
00000,25.402466111111,-100.9736188888,0.0,0.0,11108.525665945504
00000,25.447944,-100.977173,0.0,0.0,11108.46175895128
00000,25.442461,-100.97658,0.0,0.0,11108.453054698279
00000,27.937285,-101.2218716666,0.0,0.0,11108.3742884964
00000,25.447725,-100.9756736111,0.0,0.0,11108.313753196819
00000,25.4868811,-100.978553,0.0,0.0,11108.239932083974
00000,27.942981111111,-101.21933,0.0,0.0,11108.067062595735
00000,27.924951111111,-101.2169977777,0.0,0.0,11108.024401664788
00000,26.8530598,-101.1072976,0.0,0.0,11108.013090699716
00000,26.853055555555,-101.1072222222,0.0,0.0,11108.005683800498
00000,25.459798611111,-100.9736994444,0.0,0.0,11108.004723680155
00000,27.938611111111,-101.2175,0.0,0.0,11107.933031923327
00000,27.938611111111,-101.2175,0.0,0.0,11107.933031923327
00000,27.938611111111,-101.2175,0.0,0.0,11107.933031923327
00000,27.938611111111,-101.2175,0.0,0.0,11107.933031923327
00000,27.938611111111,-101.2175,0.0,0.0,11107.933031923327
00000,27.938611111111,-101.2175,0.0,0.0,11107.933031923327
00000,27.938611111111,-101.2175,0.0,0.0,11107.933031923327
00000,27.938611111111,-101.2175,0.0,0.0,11107.933031923327
00000,27.938611111111,-101.2175,0.0,0.0,11107.933031923327
00000,27.938611111111,-101.2175,0.0,0.0,11107.933031923327
00000,27.938611111111,-101.2175,0.0,0.0,11107.933031923327
00000,27.938611111111,-101.2175,0.0,0.0,11107.933031923327
00000,27.938611111111,-101.2175,0.0,0.0,11107.933031923327
00000,27.938611111111,-101.2175,0.0,0.0,11107.933031923327
00000,27.938611111111,-101.2175,0.0,0.0,11107.933031923327
00000,27.938611111111,-101.2175,0.0,0.0,11107.933031923327
00000,27.938611111111,-101.2175,0.0,0.0,11107.933031923327
00000,27.938611111111,-101.2175,0.0,0.0,11107.933031923327
00000,27.938611111111,-101.2175,0.0,0.0,11107.933031923327
00000,27.938611111111,-101.2175,0.0,0.0,11107.933031923327
00000,27.938611111111,-101.2175,0.0,0.0,11107.933031923327
00000,27.938611111111,-101.2175,0.0,0.0,11107.933031923327
00000,27.938611111111,-101.2175,0.0,0.0,11107.933031923327
00000,27.938611111111,-101.2175,0.0,0.0,11107.933031923327
00000,27.938611111111,-101.2175,0.0,0.0,11107.933031923327
00000,27.938611111111,-101.2175,0.0,0.0,11107.933031923327
00000,27.938611111111,-101.2175,0.0,0.0,11107.933031923327
00000,27.938611111111,-101.2175,0.0,0.0,11107.933031923327
00000,27.938611111111,-101.2175,0.0,0.0,11107.933031923327
00000,27.938611111111,-101.2175,0.0,0.0,11107.933031923327
00000,27.938611111111,-101.2175,0.0,0.0,11107.933031923327
00000,27.938611111111,-101.2175,0.0,0.0,11107.933031923327
00000,27.938611111111,-101.2175,0.0,0.0,11107.933031923327
00000,27.938611111111,-101.2175,0.0,0.0,11107.933031923327
00000,27.938611111111,-101.2175,0.0,0.0,11107.933031923327
00000,27.938611111111,-101.2175,0.0,0.0,11107.933031923327
00000,27.938611111111,-101.2175,0.0,0.0,11107.933031923327
00000,27.938611111111,-101.2175,0.0,0.0,11107.933031923327
00000,27.938611111111,-101.2175,0.0,0.0,11107.933031923327
00000,27.938611111111,-101.2175,0.0,0.0,11107.933031923327
00000,27.9339,-101.217,0.0,0.0,11107.932586190682
00000,27.9339,-101.217,0.0,0.0,11107.932586190682
00000,27.9339,-101.217,0.0,0.0,11107.932586190682
00000,27.9339,-101.217,0.0,0.0,11107.932586190682
00000,27.9339,-101.217,0.0,0.0,11107.932586190682
00000,27.9339,-101.217,0.0,0.0,11107.932586190682
00000,27.9339,-101.217,0.0,0.0,11107.932586190682
00000,27.9381668,-101.2172278,0.0,0.0,11107.910977851005
00000,25.398019444444,-100.9667466666,0.0,0.0,11107.878721507741
00000,25.40128,-100.9658602777,0.0,0.0,11107.759962766113
00000,27.9358555555556,-101.215202777778,0.0,0.0,11107.736673157826
00000,27.935373,-101.215051,0.0,0.0,11107.726789637956
00000,27.93613,-101.215045,0.0,0.0,11107.718417309325
00000,25.654444444444,-100.9883333333,0.0,0.0,11107.662145440201
00000,25.654444444444,-100.9883333333,0.0,0.0,11107.662145440201
00000,27.9369875,-101.2142544444,0.0,0.0,11107.632269421325
00000,24.633978238,-100.89327928,0.0,0.0,11107.415324655629
00000,25.4375775,-100.9656041666,0.0,0.0,11107.399803999568
00000,25.4243805555556,-100.963844444444,0.0,0.0,11107.34536613585
00000,25.4243805555556,-100.963844444444,0.0,0.0,11107.34536613585
00000,27.936564444444,-101.2104511111,0.0,0.0,11107.264592903777
00000,27.936564444444,-101.2104511111,0.0,0.0,11107.264592903777
00000,25.4568595,-100.9658126,0.0,0.0,11107.242773018392
00000,25.457243,-100.965539,0.0,0.0,11107.211859437579
00000,25.538888888888,-100.9730555555,0.0,0.0,11107.208768334625
00000,25.391352777777,-100.9589666666,0.0,0.0,11107.161267230294
00000,27.940805,-101.209838,0.0,0.0,11107.161024747496
00000,27.940805,-101.209838,0.0,0.0,11107.161024747496
00000,24.6385,-100.891,0.0,0.0,11107.145485793295
00000,29.2225,-101.3488888888,0.0,0.0,11107.139492534714
00000,25.4199,-100.9613608333,0.0,0.0,11107.138086157798
00000,24.6397382,-100.890953,0.0,0.0,11107.129741979734
00000,25.2858868,-100.9488921,0.0,0.0,11107.120326809654
00000,25.4198,-100.961055555556,0.0,0.0,11107.108453838211
00000,24.637777777777,-100.8905555555,0.0,0.0,11107.107129719203
00000,24.637777777777,-100.8905555555,0.0,0.0,11107.107129719203
00000,24.637777777777,-100.8905555555,0.0,0.0,11107.107129719203
00000,25.285787584,-100.94867321,0.0,0.0,11107.099302616414
00000,25.440540555555,-100.9626188888,0.0,0.0,11107.073749967974
00000,25.430917777777,-100.961655,0.0,0.0,11107.066001611485
00000,29.2222,-101.348,0.0,0.0,11107.056895838365
00000,25.2835,-100.948,0.0,0.0,11107.052791824013
00000,25.0448999,-100.9263313,0.0,0.0,11107.052067048484
00000,25.283333333333,-100.9475,0.0,0.0,11107.004216799472
00000,25.045555555555,-100.9247222222,0.0,0.0,11106.884569733227
00000,25.428496,-100.958042,0.0,0.0,11106.726742304623
00000,25.428507,-100.958039,0.0,0.0,11106.726340733081
00000,25.428507,-100.958039,0.0,0.0,11106.726340733081
00000,25.428425,-100.958022222222,0.0,0.0,11106.72541709718
00000,25.428136,-100.957959,0.0,0.0,11106.721752410895
00000,25.4278361111111,-100.957844444444,0.0,0.0,11106.713050646093
00000,25.433301,-100.958279,0.0,0.0,11106.706188775062
00000,25.427913,-100.957773,0.0,0.0,11106.705192317282
00000,25.8025,-100.9905555555,0.0,0.0,11106.501052861759
00000,25.4460944444444,-100.957047222222,0.0,0.0,11106.465021480231
00000,25.431779,-100.955689,0.0,0.0,11106.461019756165
00000,25.4318388888889,-100.955469444444,0.0,0.0,11106.438496137402
00000,25.4358426,-100.9548579,0.0,0.0,11106.340414810762
00000,25.404730833333,-100.9518269444,0.0,0.0,11106.323475096755
00000,25.45076,-100.955752,0.0,0.0,11106.292414087045
00000,27.216666666666,-101.1258333333,0.0,0.0,11106.244987281665
00000,27.216666666666,-101.1258333333,0.0,0.0,11106.244987281665
00000,25.565833333333,-100.965,0.0,0.0,11106.153845824396
00000,25.565833333333,-100.965,0.0,0.0,11106.153845824396
00000,25.565833333333,-100.965,0.0,0.0,11106.153845824396
00000,25.3957214,-100.9470055,0.0,0.0,11105.923687881601
00000,25.4450107,-100.950865,0.0,0.0,11105.856396605795
00000,25.875277777777,-100.99,0.0,0.0,11105.763122655217
00000,25.875277777777,-100.99,0.0,0.0,11105.763122655217
00000,25.399129166666,-100.9456958333,0.0,0.0,11105.761259095525
00000,25.456334280927635,-100.947425365448,0.0,0.0,11105.407911828435
00000,25.463571772758197,-100.94599580370416,0.0,0.0,11105.19819959674
00000,25.449779,-100.944549,0.0,0.0,11105.180489372284
00000,25.542111666666,-100.9522219444,0.0,0.0,11105.095979223612
00000,25.54638,-100.9525769444,0.0,0.0,11105.092003552045
00000,25.5432,-100.951,0.0,0.0,11104.96374724505
00000,25.543611111111,-100.9502777777,0.0,0.0,11104.8877393129
00000,25.543611111111,-100.9502777777,0.0,0.0,11104.8877393129
00000,25.543611111111,-100.9502777777,0.0,0.0,11104.8877393129
00000,25.543611111111,-100.9502777777,0.0,0.0,11104.8877393129
00000,25.543611111111,-100.9502777777,0.0,0.0,11104.8877393129
00000,25.543611111111,-100.9502777777,0.0,0.0,11104.8877393129
00000,25.543611111111,-100.9502777777,0.0,0.0,11104.8877393129
00000,25.543611111111,-100.9502777777,0.0,0.0,11104.8877393129
00000,25.543611111111,-100.9502777777,0.0,0.0,11104.8877393129
00000,25.543611111111,-100.9502777777,0.0,0.0,11104.8877393129
00000,25.543611111111,-100.9502777777,0.0,0.0,11104.8877393129
00000,25.543611111111,-100.9502777777,0.0,0.0,11104.8877393129
00000,25.543611111111,-100.9502777777,0.0,0.0,11104.8877393129
00000,25.543611111111,-100.9502777777,0.0,0.0,11104.8877393129
00000,25.543611111111,-100.9502777777,0.0,0.0,11104.8877393129
00000,25.543611111111,-100.9502777777,0.0,0.0,11104.8877393129
00000,25.543611111111,-100.9502777777,0.0,0.0,11104.8877393129
00000,25.543611111111,-100.9502777777,0.0,0.0,11104.8877393129
00000,25.543611111111,-100.9502777777,0.0,0.0,11104.8877393129
00000,25.543611111111,-100.9502777777,0.0,0.0,11104.8877393129
00000,25.543611111111,-100.9502777777,0.0,0.0,11104.8877393129
00000,25.543611111111,-100.9502777777,0.0,0.0,11104.8877393129
00000,25.543611111111,-100.9502777777,0.0,0.0,11104.8877393129
00000,25.543611111111,-100.9502777777,0.0,0.0,11104.8877393129
00000,25.543611111111,-100.9502777777,0.0,0.0,11104.8877393129
00000,25.543611111111,-100.9502777777,0.0,0.0,11104.8877393129
00000,25.543611111111,-100.9502777777,0.0,0.0,11104.8877393129
00000,25.543611111111,-100.9502777777,0.0,0.0,11104.8877393129
00000,25.543611111111,-100.9502777777,0.0,0.0,11104.8877393129
00000,25.543611111111,-100.9502777777,0.0,0.0,11104.8877393129
00000,25.543611111111,-100.9502777777,0.0,0.0,11104.8877393129
00000,25.543611111111,-100.9502777777,0.0,0.0,11104.8877393129
00000,25.543611111111,-100.9502777777,0.0,0.0,11104.8877393129
00000,25.543611111111,-100.9502777777,0.0,0.0,11104.8877393129
00000,25.543611111111,-100.9502777777,0.0,0.0,11104.8877393129
00000,25.543611111111,-100.9502777777,0.0,0.0,11104.8877393129
00000,25.543611111111,-100.9502777777,0.0,0.0,11104.8877393129
00000,25.543611111111,-100.9502777777,0.0,0.0,11104.8877393129
00000,25.543611111111,-100.9502777777,0.0,0.0,11104.8877393129
00000,25.543611111111,-100.9502777777,0.0,0.0,11104.8877393129
00000,25.543611111111,-100.9502777777,0.0,0.0,11104.8877393129
00000,25.543611111111,-100.9502777777,0.0,0.0,11104.8877393129
00000,25.543611111111,-100.9502777777,0.0,0.0,11104.8877393129
00000,25.543611111111,-100.9502777777,0.0,0.0,11104.8877393129
00000,25.543611111111,-100.9502777777,0.0,0.0,11104.8877393129
00000,25.543611111111,-100.9502777777,0.0,0.0,11104.8877393129
00000,25.543611111111,-100.9502777777,0.0,0.0,11104.8877393129
00000,25.543611111111,-100.9502777777,0.0,0.0,11104.8877393129
00000,25.543611111111,-100.9502777777,0.0,0.0,11104.8877393129
00000,25.543611111111,-100.9502777777,0.0,0.0,11104.8877393129
00000,25.543611111111,-100.9502777777,0.0,0.0,11104.8877393129
00000,25.4326625,-100.9393263888,0.0,0.0,11104.815402277622
00000,25.541654166666,-100.9490027777,0.0,0.0,11104.77835442001
00000,25.541654166666,-100.9490027777,0.0,0.0,11104.77835442001
00000,25.542049444444,-100.9484430555,0.0,0.0,11104.718739544574
00000,25.5621932,-100.9495948,0.0,0.0,11104.647623598645
00000,25.540748611111,-100.9471202777,0.0,0.0,11104.598508697774
00000,25.5620147,-100.9490232,0.0,0.0,11104.592135724202
00000,25.562019,-100.9490234,0.0,0.0,11104.592115942909
00000,25.541242,-100.946492,0.0,0.0,11104.531133192842
00000,25.554528,-100.946158,0.0,0.0,11104.374942755658
00000,27.923888888888,-101.1791666666,0.0,0.0,11104.334343151191
00000,27.923888888888,-101.1791666666,0.0,0.0,11104.334343151191
00000,27.9243,-101.179,0.0,0.0,11104.31382539816
00000,25.521753,-100.942434,0.0,0.0,11104.305367092027
00000,25.485916666666,-100.9376469444,0.0,0.0,11104.157097170384
00000,25.518939,-100.940658,0.0,0.0,11104.153739168954
00000,25.541611388888,-100.9424266666,0.0,0.0,11104.12126289205
00000,25.541611388888,-100.9424266666,0.0,0.0,11104.12126289205
00000,25.487949169533284,-100.93729734420778,0.0,0.0,11104.103398299338
00000,25.420128,-100.930304,0.0,0.0,11104.027654869664
00000,25.518216,-100.938728,0.0,0.0,11103.967407948106
00000,29.578888888888,-101.3561111111,0.0,0.0,11103.948714957096
00000,29.578888888888,-101.3561111111,0.0,0.0,11103.948714957096
00000,27.9232361111111,-101.172066666667,0.0,0.0,11103.646429585662
00000,25.522492777777,-100.9355127777,0.0,0.0,11103.606430231901
00000,25.521733333333,-100.9345088888,0.0,0.0,11103.513048180019
00000,25.4276834,-100.925851,0.0,0.0,11103.512584320923
00000,25.607777777777,-100.9372222222,0.0,0.0,11102.989282069497
00000,24.935,-100.8752777777,0.0,0.0,11102.914539977224
00000,24.935,-100.8752777777,0.0,0.0,11102.914539977224
00000,25.876388888888,-100.96,0.0,0.0,11102.76199325533
00000,25.4541874,-100.9194687,0.0,0.0,11102.630433145552
00000,25.846111111111,-100.9502777777,0.0,0.0,11102.075901404858
00000,25.846111111111,-100.9502777777,0.0,0.0,11102.075901404858
00000,25.4276527777778,-100.907961111111,0.0,0.0,11101.72243365554
00000,25.502222222222,-100.9136111111,0.0,0.0,11101.602831993278
00000,29.011111111111,-101.2672222222,0.0,0.0,11101.519800314427
00000,25.4499785,-100.9057687,0.0,0.0,11101.298255698171
00000,25.5756555555556,-100.916255555556,0.0,0.0,11101.190715516359
00000,25.5756555555556,-100.916255555556,0.0,0.0,11101.190715516359
00000,25.311403,-100.889517,0.0,0.0,11100.938383172359
00000,25.3134,-100.888,0.0,0.0,11100.768206876155
00000,25.313955945,-100.88762681,0.0,0.0,11100.725753736539
00000,25.4563222222222,-100.898472222222,0.0,0.0,11100.509980166424
00000,25.4563222222222,-100.898472222222,0.0,0.0,11100.509980166424
00000,25.456826,-100.896892,0.0,0.0,11100.347247792122
00000,25.456826,-100.896892,0.0,0.0,11100.347247792122
00000,26.006666666666,-100.9469444444,0.0,0.0,11100.239122924202
00000,25.541666666666,-100.9027777777,0.0,0.0,11100.156554897396
00000,27.844613611111,-101.1276430555,0.0,0.0,11100.101153606234
00000,27.84333,-101.1269308333,0.0,0.0,11100.044477867648
00000,25.435,-100.8886111111,0.0,0.0,11099.718591579338
00000,25.435,-100.8886111111,0.0,0.0,11099.718591579338
00000,25.435,-100.8886111111,0.0,0.0,11099.718591579338
00000,25.726944444444,-100.915,0.0,0.0,11099.66574599817
00000,25.1124,-100.858,0.0,0.0,11099.582890395624
00000,25.443333333333,-100.8872222222,0.0,0.0,11099.503299588801
00000,27.856635,-101.122587,0.0,0.0,11099.483865826023
00000,25.9475,-100.9336111111,0.0,0.0,11099.466105591475
00000,25.9475,-100.9336111111,0.0,0.0,11099.466105591475
00000,25.9475,-100.9336111111,0.0,0.0,11099.466105591475
00000,25.9475,-100.9336111111,0.0,0.0,11099.466105591475
00000,25.9475,-100.9336111111,0.0,0.0,11099.466105591475
00000,25.9475,-100.9336111111,0.0,0.0,11099.466105591475
00000,25.9475,-100.9336111111,0.0,0.0,11099.466105591475
00000,25.818888888888,-100.9211111111,0.0,0.0,11099.421042113985
00000,25.11,-100.8561111111,0.0,0.0,11099.4149830037
00000,25.819663,-100.9210521,0.0,0.0,11099.407947920163
00000,25.819351,-100.921001,0.0,0.0,11099.405756305276
00000,24.9765,-100.844,0.0,0.0,11099.399319750755
00000,27.848333333333,-101.12,0.0,0.0,11099.315018161327
00000,27.848333333333,-101.12,0.0,0.0,11099.315018161327
00000,27.848333333333,-101.12,0.0,0.0,11099.315018161327
00000,27.848333333333,-101.12,0.0,0.0,11099.315018161327
00000,27.848333333333,-101.12,0.0,0.0,11099.315018161327
00000,27.848333333333,-101.12,0.0,0.0,11099.315018161327
00000,27.848333333333,-101.12,0.0,0.0,11099.315018161327
00000,27.848333333333,-101.12,0.0,0.0,11099.315018161327
00000,27.848333333333,-101.12,0.0,0.0,11099.315018161327
00000,27.848333333333,-101.12,0.0,0.0,11099.315018161327
00000,27.848333333333,-101.12,0.0,0.0,11099.315018161327
00000,27.848333333333,-101.12,0.0,0.0,11099.315018161327
00000,27.848333333333,-101.12,0.0,0.0,11099.315018161327
00000,27.848333333333,-101.12,0.0,0.0,11099.315018161327
00000,27.848333333333,-101.12,0.0,0.0,11099.315018161327
00000,27.848333333333,-101.12,0.0,0.0,11099.315018161327
00000,27.848333333333,-101.12,0.0,0.0,11099.315018161327
00000,27.848333333333,-101.12,0.0,0.0,11099.315018161327
00000,27.848333333333,-101.12,0.0,0.0,11099.315018161327
00000,27.848333333333,-101.12,0.0,0.0,11099.315018161327
00000,27.848333333333,-101.12,0.0,0.0,11099.315018161327
00000,27.848333333333,-101.12,0.0,0.0,11099.315018161327
00000,27.848333333333,-101.12,0.0,0.0,11099.315018161327
00000,27.848333333333,-101.12,0.0,0.0,11099.315018161327
00000,27.848333333333,-101.12,0.0,0.0,11099.315018161327
00000,27.848333333333,-101.12,0.0,0.0,11099.315018161327
00000,27.848333333333,-101.12,0.0,0.0,11099.315018161327
00000,27.848333333333,-101.12,0.0,0.0,11099.315018161327
00000,27.848333333333,-101.12,0.0,0.0,11099.315018161327
00000,27.848333333333,-101.12,0.0,0.0,11099.315018161327
00000,27.848333333333,-101.12,0.0,0.0,11099.315018161327
00000,27.848333333333,-101.12,0.0,0.0,11099.315018161327
00000,27.848333333333,-101.12,0.0,0.0,11099.315018161327
00000,27.848333333333,-101.12,0.0,0.0,11099.315018161327
00000,27.8489,-101.12,0.0,0.0,11099.309256901568
00000,27.8489,-101.12,0.0,0.0,11099.309256901568
00000,27.8489,-101.12,0.0,0.0,11099.309256901568
00000,27.8489,-101.12,0.0,0.0,11099.309256901568
00000,24.904166666666,-100.8355555555,0.0,0.0,11099.19797477963
00000,25.436944444444,-100.8830555555,0.0,0.0,11099.144818103518
00000,24.9775,-100.8413888888,0.0,0.0,11099.128023874151
00000,24.9775,-100.8413888888,0.0,0.0,11099.128023874151
00000,27.85742,-101.116832,0.0,0.0,11098.912484142751
00000,25.364722222222,-100.8722222222,0.0,0.0,11098.720062855544
00000,25.523611111111,-100.8841666666,0.0,0.0,11098.461559630932
00000,25.523753,-100.884039,0.0,0.0,11098.447490202614
00000,25.658888888888,-100.8955555555,0.0,0.0,11098.35406269092
00000,25.658916,-100.895276,0.0,0.0,11098.325889337515
00000,24.7475,-100.8127777777,0.0,0.0,11098.300605833849
00000,24.7475,-100.8127777777,0.0,0.0,11098.300605833849
00000,26.035568,-100.91693,0.0,0.0,11096.979350862503
00000,26.035833333333,-100.9166666666,0.0,0.0,11096.950645920135
00000,25.6764203,-100.8830967,0.0,0.0,11096.947840165463
00000,25.676388888888,-100.8830555555,0.0,0.0,11096.944021062029
00000,25.068333333333,-100.8266666666,0.0,0.0,11096.834550122503
00000,25.068333333333,-100.8266666666,0.0,0.0,11096.834550122503
00000,25.06895,-100.826271,0.0,0.0,11096.789290584025
00000,25.242777777777,-100.84,0.0,0.0,11096.599450660646
00000,25.2421244,-100.8389852,0.0,0.0,11096.503636305732
00000,25.523888888888,-100.8633333333,0.0,0.0,11096.37565584835
00000,25.678055555555,-100.8727777777,0.0,0.0,11095.902214089268
00000,25.678055555555,-100.8727777777,0.0,0.0,11095.902214089268
00000,25.4506,-100.85,0.0,0.0,11095.712140945101
00000,25.193333333333,-100.8258333333,0.0,0.0,11095.625802391309
00000,25.445277777777,-100.8466666666,0.0,0.0,11095.427148928942
00000,25.445277777777,-100.8466666666,0.0,0.0,11095.427148928942
00000,25.445277777777,-100.8466666666,0.0,0.0,11095.427148928942
00000,25.445277777777,-100.8466666666,0.0,0.0,11095.427148928942
00000,25.445277777777,-100.8466666666,0.0,0.0,11095.427148928942
00000,25.445277777777,-100.8466666666,0.0,0.0,11095.427148928942
00000,25.445277777777,-100.8466666666,0.0,0.0,11095.427148928942
00000,25.445277777777,-100.8466666666,0.0,0.0,11095.427148928942
00000,25.445277777777,-100.8466666666,0.0,0.0,11095.427148928942
00000,25.2114,-100.825,0.0,0.0,11095.37920091501
00000,25.448789444444,-100.8456133333,0.0,0.0,11095.289705950028
00000,25.448789444444,-100.8456133333,0.0,0.0,11095.289705950028
00000,27.321388888888,-101.0236111111,0.0,0.0,11095.141905074775
00000,25.447329722222,-100.8436052777,0.0,0.0,11095.102080039329
00000,25.447329722222,-100.8433561111,0.0,0.0,11095.077146308882
00000,25.921666666666,-100.8869444444,0.0,0.0,11095.057377024008
00000,25.921666666666,-100.8869444444,0.0,0.0,11095.057377024008
00000,25.559047,-100.85009,0.0,0.0,11094.729320924882
00000,25.883611111111,-100.8711111111,0.0,0.0,11093.833240995977
00000,25.883611111111,-100.8711111111,0.0,0.0,11093.833240995977
00000,24.92,-100.7827777777,0.0,0.0,11093.751391953778
00000,24.92,-100.7827777777,0.0,0.0,11093.751391953778
00000,25.616111111111,-100.8447222222,0.0,0.0,11093.669493223764
00000,25.616111111111,-100.8447222222,0.0,0.0,11093.669493223764
00000,25.559722222222,-100.8372222222,0.0,0.0,11093.436714238545
00000,25.620833333333,-100.8375,0.0,0.0,11092.904506245875
00000,25.620833333333,-100.8375,0.0,0.0,11092.904506245875
00000,25.774722222222,-100.8516666666,0.0,0.0,11092.902539359056
00000,24.934444444444,-100.7666666666,0.0,0.0,11092.003594353078
00000,24.934444444444,-100.7666666666,0.0,0.0,11092.003594353078
00000,25.305277777777,-100.7997222222,0.0,0.0,11091.997697121962
00000,24.8947034,-100.7608439,0.0,0.0,11091.771026355691
00000,24.8947444444444,-100.760661111111,0.0,0.0,11091.752284476448
00000,24.893333333333,-100.76,0.0,0.0,11091.698327009075
00000,25.374166666666,-100.8027777777,0.0,0.0,11091.680362789071
00000,25.197222222222,-100.7830555555,0.0,0.0,11091.300788732467
00000,25.197222222222,-100.7830555555,0.0,0.0,11091.300788732467
00000,25.673888888888,-100.8247222222,0.0,0.0,11091.141163251426
00000,25.673888888888,-100.8247222222,0.0,0.0,11091.141163251426
00000,25.673888888888,-100.8247222222,0.0,0.0,11091.141163251426
00000,27.42590095,-100.99300119,0.0,0.0,11091.096066427546
00000,25.233055555555,-100.7841666666,0.0,0.0,11091.089953721737
00000,25.233055555555,-100.7841666666,0.0,0.0,11091.089953721737
00000,25.377777777777,-100.7952777777,0.0,0.0,11090.896656375226
00000,27.429,-100.987,0.0,0.0,11090.475425545
00000,27.428611111111,-100.9858333333,0.0,0.0,11090.36459093158
00000,27.428611111111,-100.9858333333,0.0,0.0,11090.36459093158
00000,27.773611111111,-101.0194444444,0.0,0.0,11090.221496958653
00000,25.332222222222,-100.7838888888,0.0,0.0,11090.168068151166
00000,27.363055555555,-100.975,0.0,0.0,11089.947524050025
00000,27.363055555555,-100.975,0.0,0.0,11089.947524050025
00000,27.363055555555,-100.975,0.0,0.0,11089.947524050025
00000,25.384722222222,-100.7861111111,0.0,0.0,11089.915938878705
00000,25.6337,-100.8,0.0,0.0,11089.039819758971
00000,28.7686704,-101.1029889,0.0,0.0,11088.166771042646
00000,28.432222222222,-101.0669444444,0.0,0.0,11088.156598007283
00000,28.432222222222,-101.0669444444,0.0,0.0,11088.156598007283
00000,27.9684,-101.01,0.0,0.0,11087.334182332457
00000,27.969722222222,-101.0086111111,0.0,0.0,11087.184987960807
00000,28.756666666666,-101.0816666666,0.0,0.0,11086.22291832812
00000,25.488055555555,-100.7466666666,0.0,0.0,11085.032922426137
00000,25.230542076,-100.72248549,0.0,0.0,11084.928483144353
00000,25.2294,-100.722,0.0,0.0,11084.890023982794
00000,25.311666666666,-100.7216666666,0.0,0.0,11084.11960868274
00000,25.388333333333,-100.7252777777,0.0,0.0,11083.792346013079
00000,28.298055555555,-101.0044444444,0.0,0.0,11083.443789549745
00000,28.298055555555,-101.0044444444,0.0,0.0,11083.443789549745
00000,25.546666666666,-100.7188888888,0.0,0.0,11081.724325825598
00000,25.461388888888,-100.7105555555,0.0,0.0,11081.660766484662
00000,25.461388888888,-100.7105555555,0.0,0.0,11081.660766484662
00000,28.626111111111,-101.0202777777,0.0,0.0,11081.616297054909
00000,25.501111111111,-100.7113888888,0.0,0.0,11081.385895949317
00000,25.505,-100.7083333333,0.0,0.0,11081.045154104437
00000,28.135833333333,-100.9563888888,0.0,0.0,11080.402823044004
00000,28.135833333333,-100.9563888888,0.0,0.0,11080.402823044004
00000,28.313055555555,-100.9683333333,0.0,0.0,11079.770522566863
00000,25.508611111111,-100.6936111111,0.0,0.0,11079.539973454079
00000,25.3511,-100.679,0.0,0.0,11079.492070955052
00000,25.350833333333,-100.6786111111,0.0,0.0,11079.455505670085
00000,25.509166666666,-100.6905555555,0.0,0.0,11079.22933394264
00000,25.508333333333,-100.6883333333,0.0,0.0,11079.01456246691
00000,25.352371818,-100.67397162,0.0,0.0,11078.977046454544
00000,29.0425,-101.0363888888,0.0,0.0,11078.845967273166
00000,25.391388888888,-100.6747222222,0.0,0.0,11078.702949857183
00000,25.347222222222,-100.6702777777,0.0,0.0,11078.653111790587
00000,29.0442634,-101.0334359,0.0,0.0,11078.541696982575
00000,25.302222222222,-100.6636111111,0.0,0.0,11078.387059859866
00000,25.302222222222,-100.6636111111,0.0,0.0,11078.387059859866
00000,25.333888888888,-100.6658333333,0.0,0.0,11078.327054998552
00000,25.333888888888,-100.6658333333,0.0,0.0,11078.327054998552
00000,25.321666666666,-100.6583333333,0.0,0.0,11077.68479459123
00000,25.355277777777,-100.6597222222,0.0,0.0,11077.523857219654
00000,25.355277777777,-100.6597222222,0.0,0.0,11077.523857219654
00000,28.355534,-100.949108,0.0,0.0,11077.464514224781
00000,28.348888888888,-100.9472222222,0.0,0.0,11077.348345900495
00000,25.293611111111,-100.6516666666,0.0,0.0,11077.26688759509
00000,25.293611111111,-100.6516666666,0.0,0.0,11077.26688759509
00000,28.356,-100.945,0.0,0.0,11077.059478384854
00000,25.3076422,-100.6456451,0.0,0.0,11076.538524674503
00000,25.390833333333,-100.6530555555,0.0,0.0,11076.53848471419
00000,28.534166666666,-100.9541666666,0.0,0.0,11076.133995242697
00000,25.461111111111,-100.6552777777,0.0,0.0,11076.131796536734
00000,25.461045,-100.654552,0.0,0.0,11076.059761583956
00000,29.354490555555,-101.0408044444,0.0,0.0,11075.9859825874
00000,29.078888888888,-101.0105555555,0.0,0.0,11075.965063113632
00000,25.429166666666,-100.6480555555,0.0,0.0,11075.695078431445
00000,25.288333333333,-100.6305555555,0.0,0.0,11075.198202526773
00000,25.418863,-100.636511,0.0,0.0,11074.631583375434
00000,25.421,-100.635,0.0,0.0,11074.461232028043
00000,25.286944444444,-100.6216666666,0.0,0.0,11074.319710574888
00000,25.286944444444,-100.6216666666,0.0,0.0,11074.319710574888
00000,28.3149058,-100.9123281,0.0,0.0,11074.292186283763
00000,25.348888888888,-100.6258333333,0.0,0.0,11074.186440835905
00000,25.348888888888,-100.6258333333,0.0,0.0,11074.186440835905
00000,28.328333333333,-100.9113888888,0.0,0.0,11074.064643871747
00000,25.533333333333,-100.6358333333,0.0,0.0,11073.538924676723
00000,25.367222222222,-100.6208333333,0.0,0.0,11073.522415702322
00000,25.367222222222,-100.6208333333,0.0,0.0,11073.522415702322
00000,28.4868333333333,-100.919588888889,0.0,0.0,11073.253078694324
00000,29.335491,-101.009885,0.0,0.0,11073.203437472623
00000,25.28,-100.6091666666,0.0,0.0,11073.128544103436
00000,25.28,-100.6091666666,0.0,0.0,11073.128544103436
00000,29.158611111111,-100.9883333333,0.0,0.0,11072.981219119682
00000,28.487222222222,-100.9166666666,0.0,0.0,11072.964723388553
00000,28.487222222222,-100.9166666666,0.0,0.0,11072.964723388553
00000,28.487222222222,-100.9166666666,0.0,0.0,11072.964723388553
00000,28.487222222222,-100.9166666666,0.0,0.0,11072.964723388553
00000,28.487222222222,-100.9166666666,0.0,0.0,11072.964723388553
00000,28.487222222222,-100.9166666666,0.0,0.0,11072.964723388553
00000,28.487222222222,-100.9166666666,0.0,0.0,11072.964723388553
00000,28.487222222222,-100.9166666666,0.0,0.0,11072.964723388553
00000,28.487222222222,-100.9166666666,0.0,0.0,11072.964723388553
00000,25.392777777777,-100.6155555555,0.0,0.0,11072.76629146234
00000,25.485555555555,-100.6236111111,0.0,0.0,11072.744360315712
00000,25.485555555555,-100.6236111111,0.0,0.0,11072.744360315712
00000,25.485555555555,-100.6236111111,0.0,0.0,11072.744360315712
00000,25.3625,-100.6102777777,0.0,0.0,11072.507266511175
00000,28.286388888888,-100.8886111111,0.0,0.0,11072.268125904946
00000,28.286388888888,-100.8886111111,0.0,0.0,11072.268125904946
00000,25.364166666666,-100.6075,0.0,0.0,11072.214236668806
00000,29.337355555555,-100.9948294444,0.0,0.0,11071.73094233194
00000,28.4796385,-100.9030974,0.0,0.0,11071.721284538122
00000,25.462222222222,-100.6069444444,0.0,0.0,11071.28516077107
00000,25.462222222222,-100.6069444444,0.0,0.0,11071.28516077107
00000,26.743333333333,-100.7238888888,0.0,0.0,11071.158712589266
00000,27.462777777777,-100.7919444444,0.0,0.0,11070.970922641696
00000,27.462777777777,-100.7919444444,0.0,0.0,11070.970922641696
00000,27.462777777777,-100.7919444444,0.0,0.0,11070.970922641696
00000,28.411039,-100.887932,0.0,0.0,11070.941200946636
00000,25.351388888888,-100.5936111111,0.0,0.0,11070.936641653303
00000,25.351388888888,-100.5936111111,0.0,0.0,11070.936641653303
00000,28.4101,-100.887,0.0,0.0,11070.859943551604
00000,29.3177827,-100.9829369,0.0,0.0,11070.789283067463
00000,28.409722222222,-100.8861111111,0.0,0.0,11070.777196794059
00000,28.409722222222,-100.8861111111,0.0,0.0,11070.777196794059
00000,28.409722222222,-100.8861111111,0.0,0.0,11070.777196794059
00000,28.409722222222,-100.8861111111,0.0,0.0,11070.777196794059
00000,28.409722222222,-100.8861111111,0.0,0.0,11070.777196794059
00000,28.409722222222,-100.8861111111,0.0,0.0,11070.777196794059
00000,28.409722222222,-100.8861111111,0.0,0.0,11070.777196794059
00000,29.3268814,-100.9827564,0.0,0.0,11070.676138733801
00000,25.2758471,-100.5813913,0.0,0.0,11070.381430033709
00000,25.424722222222,-100.5938888888,0.0,0.0,11070.312661374794
00000,29.3376555555556,-100.979788888889,0.0,0.0,11070.276393421333
00000,29.337753,-100.97977,0.0,0.0,11070.273545298642
00000,25.2725,-100.5794444444,0.0,0.0,11070.215879374775
00000,25.2725,-100.5794444444,0.0,0.0,11070.215879374775
00000,25.2725,-100.5794444444,0.0,0.0,11070.215879374775
00000,25.2725,-100.5794444444,0.0,0.0,11070.215879374775
00000,25.2725,-100.5794444444,0.0,0.0,11070.215879374775
00000,29.33,-100.978,0.0,0.0,11070.184300814068
00000,29.33,-100.978,0.0,0.0,11070.184300814068
00000,29.33,-100.978,0.0,0.0,11070.184300814068
00000,29.33,-100.978,0.0,0.0,11070.184300814068
00000,29.33,-100.978,0.0,0.0,11070.184300814068
00000,29.33,-100.978,0.0,0.0,11070.184300814068
00000,25.2704861111111,-100.578261111111,0.0,0.0,11070.115065967884
00000,28.5949864,-100.8977186,0.0,0.0,11070.02302504308
00000,29.2958537,-100.9698212,0.0,0.0,11069.75369321908
00000,29.044722222222,-100.9425,0.0,0.0,11069.735919386845
00000,28.5525,-100.8888888888,0.0,0.0,11069.597439084342
00000,28.5525,-100.8888888888,0.0,0.0,11069.597439084342
00000,28.3372032,-100.8663528,0.0,0.0,11069.585346142656
00000,28.999722222222,-100.9341666666,0.0,0.0,11069.396300984185
00000,29.124444444444,-100.9475,0.0,0.0,11069.389993088922
00000,25.4282474,-100.5848935,0.0,0.0,11069.380839396688
00000,28.500277777777,-100.8788888888,0.0,0.0,11069.15555610054
00000,25.429444444444,-100.5822222222,0.0,0.0,11069.102797917765
00000,25.429444444444,-100.5822222222,0.0,0.0,11069.102797917765
00000,28.5012,-100.878,0.0,0.0,11069.059692973902
00000,29.115,-100.9405555555,0.0,0.0,11068.816759730484
00000,29.1139596,-100.9401644,0.0,0.0,11068.789760484502
00000,28.343373888888,-100.8560058333,0.0,0.0,11068.514651111089
00000,29.3256036,-100.9592846,0.0,0.0,11068.424288934779
00000,29.2366,-100.949451,0.0,0.0,11068.407514333363
00000,29.3320111111111,-100.958972222222,0.0,0.0,11068.326865308583
00000,28.347222222222,-100.8541666666,0.0,0.0,11068.296607990516
00000,28.347222222222,-100.8541666666,0.0,0.0,11068.296607990516
00000,28.347222222222,-100.8541666666,0.0,0.0,11068.296607990516
00000,28.347222222222,-100.8541666666,0.0,0.0,11068.296607990516
00000,28.347222222222,-100.8541666666,0.0,0.0,11068.296607990516
00000,28.347222222222,-100.8541666666,0.0,0.0,11068.296607990516
00000,28.347222222222,-100.8541666666,0.0,0.0,11068.296607990516
00000,28.347222222222,-100.8541666666,0.0,0.0,11068.296607990516
00000,28.347222222222,-100.8541666666,0.0,0.0,11068.296607990516
00000,28.347222222222,-100.8541666666,0.0,0.0,11068.296607990516
00000,28.347222222222,-100.8541666666,0.0,0.0,11068.296607990516
00000,28.347222222222,-100.8541666666,0.0,0.0,11068.296607990516
00000,28.347222222222,-100.8541666666,0.0,0.0,11068.296607990516
00000,28.347222222222,-100.8541666666,0.0,0.0,11068.296607990516
00000,28.347222222222,-100.8541666666,0.0,0.0,11068.296607990516
00000,28.347222222222,-100.8541666666,0.0,0.0,11068.296607990516
00000,28.347222222222,-100.8541666666,0.0,0.0,11068.296607990516
00000,28.347222222222,-100.8541666666,0.0,0.0,11068.296607990516
00000,28.3472,-100.854,0.0,0.0,11068.280589014432
00000,28.35554,-100.8536119444,0.0,0.0,11068.158682575424
00000,29.325438611111,-100.9558908333,0.0,0.0,11068.098479967637
00000,29.338421111111,-100.95431,0.0,0.0,11067.809646079726
00000,29.329480833333,-100.9510369444,0.0,0.0,11067.587608949792
00000,29.3195676,-100.9477599,0.0,0.0,11067.375305331629
00000,29.293239166666,-100.9432761111,0.0,0.0,11067.218374884009
00000,29.293239166666,-100.9432761111,0.0,0.0,11067.218374884009
00000,29.062777777777,-100.9158333333,0.0,0.0,11066.967724280217
00000,25.391388888888,-100.5561111111,0.0,0.0,11066.826345692672
00000,25.3396,-100.55,0.0,0.0,11066.672408366583
00000,25.3394972222222,-100.5498,0.0,0.0,11066.653280643297
00000,29.330312,-100.940386,0.0,0.0,11066.550978639769
00000,29.303733888888,-100.9373388888,0.0,0.0,11066.535298965064
00000,29.3204222222222,-100.939130555556,0.0,0.0,11066.533451923333
00000,25.360277777777,-100.5494444444,0.0,0.0,11066.43400316815
00000,29.024255,-100.903322,0.0,0.0,11066.155833176088
00000,29.026388888888,-100.9027777777,0.0,0.0,11066.08106840613
00000,25.425,-100.5505555555,0.0,0.0,11065.972322794134
00000,25.425,-100.5505555555,0.0,0.0,11065.972322794134
00000,29.319823333333,-100.9316658333,0.0,0.0,11065.819233096136
00000,29.324166666666,-100.9316666666,0.0,0.0,11065.773835860724
00000,29.324166666666,-100.9316666666,0.0,0.0,11065.773835860724
00000,29.324166666666,-100.9316666666,0.0,0.0,11065.773835860724
00000,29.324166666666,-100.9316666666,0.0,0.0,11065.773835860724
00000,29.324166666666,-100.9316666666,0.0,0.0,11065.773835860724
00000,29.324166666666,-100.9316666666,0.0,0.0,11065.773835860724
00000,29.324166666666,-100.9316666666,0.0,0.0,11065.773835860724
00000,29.324166666666,-100.9316666666,0.0,0.0,11065.773835860724
00000,29.324166666666,-100.9316666666,0.0,0.0,11065.773835860724
00000,29.324166666666,-100.9316666666,0.0,0.0,11065.773835860724
00000,29.324166666666,-100.9316666666,0.0,0.0,11065.773835860724
00000,29.324166666666,-100.9316666666,0.0,0.0,11065.773835860724
00000,29.324166666666,-100.9316666666,0.0,0.0,11065.773835860724
00000,29.324166666666,-100.9316666666,0.0,0.0,11065.773835860724
00000,29.324166666666,-100.9316666666,0.0,0.0,11065.773835860724
00000,29.324166666666,-100.9316666666,0.0,0.0,11065.773835860724
00000,29.324166666666,-100.9316666666,0.0,0.0,11065.773835860724
00000,29.324166666666,-100.9316666666,0.0,0.0,11065.773835860724
00000,29.324166666666,-100.9316666666,0.0,0.0,11065.773835860724
00000,29.324166666666,-100.9316666666,0.0,0.0,11065.773835860724
00000,29.324166666666,-100.9316666666,0.0,0.0,11065.773835860724
00000,29.324166666666,-100.9316666666,0.0,0.0,11065.773835860724
00000,29.324166666666,-100.9316666666,0.0,0.0,11065.773835860724
00000,29.324166666666,-100.9316666666,0.0,0.0,11065.773835860724
00000,29.324166666666,-100.9316666666,0.0,0.0,11065.773835860724
00000,29.324166666666,-100.9316666666,0.0,0.0,11065.773835860724
00000,29.324166666666,-100.9316666666,0.0,0.0,11065.773835860724
00000,29.324166666666,-100.9316666666,0.0,0.0,11065.773835860724
00000,29.324166666666,-100.9316666666,0.0,0.0,11065.773835860724
00000,29.324166666666,-100.9316666666,0.0,0.0,11065.773835860724
00000,29.324166666666,-100.9316666666,0.0,0.0,11065.773835860724
00000,29.324166666666,-100.9316666666,0.0,0.0,11065.773835860724
00000,29.324166666666,-100.9316666666,0.0,0.0,11065.773835860724
00000,29.324166666666,-100.9316666666,0.0,0.0,11065.773835860724
00000,29.324166666666,-100.9316666666,0.0,0.0,11065.773835860724
00000,29.324166666666,-100.9316666666,0.0,0.0,11065.773835860724
00000,29.324166666666,-100.9316666666,0.0,0.0,11065.773835860724
00000,29.324166666666,-100.9316666666,0.0,0.0,11065.773835860724
00000,29.324166666666,-100.9316666666,0.0,0.0,11065.773835860724
00000,29.324166666666,-100.9316666666,0.0,0.0,11065.773835860724
00000,29.324166666666,-100.9316666666,0.0,0.0,11065.773835860724
00000,29.324166666666,-100.9316666666,0.0,0.0,11065.773835860724
00000,29.317367,-100.929348,0.0,0.0,11065.621226606398
00000,29.3155722222222,-100.928936111111,0.0,0.0,11065.600254561734
00000,29.3155722222222,-100.928936111111,0.0,0.0,11065.600254561734
00000,29.173888888888,-100.9108333333,0.0,0.0,11065.330005180762
00000,29.173888888888,-100.9108333333,0.0,0.0,11065.330005180762
00000,29.0525,-100.8947222222,0.0,0.0,11065.031147146088
00000,29.0525,-100.8947222222,0.0,0.0,11065.031147146088
00000,29.317008333333,-100.9208691666,0.0,0.0,11064.806575107996
00000,25.338611111111,-100.5302777777,0.0,0.0,11064.70536827049
00000,25.338611111111,-100.5302777777,0.0,0.0,11064.70536827049
00000,26.8403,-100.664,0.0,0.0,11064.321189803342
00000,26.840277777777,-100.6638888888,0.0,0.0,11064.310414776137
00000,26.840277777777,-100.6638888888,0.0,0.0,11064.310414776137
00000,26.840277777777,-100.6638888888,0.0,0.0,11064.310414776137
00000,26.840277777777,-100.6638888888,0.0,0.0,11064.310414776137
00000,26.840277777777,-100.6638888888,0.0,0.0,11064.310414776137
00000,26.840277777777,-100.6638888888,0.0,0.0,11064.310414776137
00000,29.3069158,-100.9139503,0.0,0.0,11064.244207667394
00000,25.45,-100.5341666666,0.0,0.0,11064.11035751859
00000,29.294823055555,-100.9108961111,0.0,0.0,11064.075666701608
00000,29.2696765,-100.9081492,0.0,0.0,11064.072867569741
00000,29.269722222222,-100.9080555555,0.0,0.0,11064.063347328305
00000,29.269722222222,-100.9080555555,0.0,0.0,11064.063347328305
00000,29.305321,-100.9040853,0.0,0.0,11063.308542757213
00000,27.6065,-100.727,0.0,0.0,11063.193460545603
00000,27.605555555555,-100.7261111111,0.0,0.0,11063.115391770427
00000,29.232,-100.892,0.0,0.0,11062.905500351684
00000,28.353888888888,-100.7994444444,0.0,0.0,11062.89649877479
00000,28.190555555555,-100.7811111111,0.0,0.0,11062.741258219023
00000,28.190555555555,-100.7811111111,0.0,0.0,11062.741258219023
00000,29.244722222222,-100.8905555555,0.0,0.0,11062.63359489648
00000,25.251111111111,-100.5013888888,0.0,0.0,11062.579422043515
00000,28.248611111111,-100.7847222222,0.0,0.0,11062.514636549591
00000,28.250555555555,-100.7838888888,0.0,0.0,11062.413926573752
00000,28.2509937,-100.7835045,0.0,0.0,11062.372053345462
00000,28.2509134,-100.7834696,0.0,0.0,11062.369450419572
00000,29.021666666666,-100.86,0.0,0.0,11061.988491654209
00000,27.366111111111,-100.6905555555,0.0,0.0,11061.936279532274
00000,27.366111111111,-100.6905555555,0.0,0.0,11061.936279532274
00000,25.247777777777,-100.4905555555,0.0,0.0,11061.522486525164
00000,25.413611111111,-100.5013888888,0.0,0.0,11061.1508161142
00000,29.086111111111,-100.8572222222,0.0,0.0,11061.054992883512
00000,25.411388888888,-100.4977777777,0.0,0.0,11060.808862992213
00000,28.346082,-100.775366,0.0,0.0,11060.628022509243
00000,28.346082,-100.775366,0.0,0.0,11060.628022509243
00000,28.346111111111,-100.7752777777,0.0,0.0,11060.619132605527
00000,28.346111111111,-100.7752777777,0.0,0.0,11060.619132605527
00000,25.370277777777,-100.4902777777,0.0,0.0,11060.419765030165
00000,25.408611111111,-100.4897222222,0.0,0.0,11060.02679469149
00000,25.366388888888,-100.4825,0.0,0.0,11059.67494093816
00000,28.159444444444,-100.7458333333,0.0,0.0,11059.606465279054
00000,25.364722222222,-100.4805555555,0.0,0.0,11059.494825666166
00000,29.241666666666,-100.8558333333,0.0,0.0,11059.311198006792
00000,28.419650277777,-100.7684852777,0.0,0.0,11059.220810964489
00000,28.4219,-100.768,0.0,0.0,11059.15099581487
00000,28.421388888888,-100.7675,0.0,0.0,11059.107422006153
00000,28.421388888888,-100.7675,0.0,0.0,11059.107422006153
00000,28.421388888888,-100.7675,0.0,0.0,11059.107422006153
00000,28.421388888888,-100.7675,0.0,0.0,11059.107422006153
00000,28.421388888888,-100.7675,0.0,0.0,11059.107422006153
00000,28.4313055555556,-100.764308333333,0.0,0.0,11058.69718395825
00000,25.3147659,-100.4672459,0.0,0.0,11058.599557719503
00000,25.314722222222,-100.4672222222,0.0,0.0,11058.59756755946
00000,28.4322307,-100.7614504,0.0,0.0,11058.409591514086
00000,25.402777777777,-100.4730555555,0.0,0.0,11058.409338388636
00000,28.1536013,-100.7306348,0.0,0.0,11058.180299888234
00000,28.153611111111,-100.7305555555,0.0,0.0,11058.172464550129
00000,28.153333333333,-100.7302777777,0.0,0.0,11058.148090461027
00000,25.2379,-100.452689,0.0,0.0,11057.812072480847
00000,25.3944895,-100.465581,0.0,0.0,11057.73370146148
00000,25.394444444444,-100.4655555555,0.0,0.0,11057.731549147587
00000,25.237777777777,-100.4508333333,0.0,0.0,11057.627068171194
00000,26.876111111111,-100.5994444444,0.0,0.0,11057.603684472811
00000,26.958611111111,-100.6055555555,0.0,0.0,11057.432815527442
00000,25.390277777777,-100.4613888888,0.0,0.0,11057.350879484296
00000,28.281666666666,-100.7341666666,0.0,0.0,11057.253891770199
00000,28.281666666666,-100.7341666666,0.0,0.0,11057.253891770199
00000,28.4151506,-100.7477568,0.0,0.0,11057.246934513047
00000,28.425965,-100.748764,0.0,0.0,11057.236832775276
00000,28.2205,-100.725,0.0,0.0,11056.967197762711
00000,28.220833333333,-100.7238888888,0.0,0.0,11056.855461576797
00000,28.220833333333,-100.7238888888,0.0,0.0,11056.855461576797
00000,28.220833333333,-100.7238888888,0.0,0.0,11056.855461576797
00000,28.220833333333,-100.7238888888,0.0,0.0,11056.855461576797
00000,28.220833333333,-100.7238888888,0.0,0.0,11056.855461576797
00000,28.220833333333,-100.7238888888,0.0,0.0,11056.855461576797
00000,28.994166666666,-100.8005555555,0.0,0.0,11056.51495227964
00000,29.226111111111,-100.825,0.0,0.0,11056.493421887908
00000,28.355833333333,-100.7141666666,0.0,0.0,11054.56605105447
00000,28.355833333333,-100.7141666666,0.0,0.0,11054.56605105447
00000,28.355833333333,-100.7141666666,0.0,0.0,11054.56605105447
00000,25.267777777777,-100.4225,0.0,0.0,11054.525057336074
00000,28.9858,-100.779,0.0,0.0,11054.512851392978
00000,28.985906802,-100.77868042,0.0,0.0,11054.480807400825
00000,29.2437,-100.805,0.0,0.0,11054.379501451522
00000,28.985833333333,-100.7775,0.0,0.0,11054.367227868808
00000,29.185555555555,-100.7952777777,0.0,0.0,11054.039401561222
00000,29.185555555555,-100.7952777777,0.0,0.0,11054.039401561222
00000,28.383055555555,-100.7066666666,0.0,0.0,11053.564246820919
00000,25.2483297,-100.408043,0.0,0.0,11053.24474221471
00000,27.5225,-100.6172222222,0.0,0.0,11053.224659629714
00000,27.5225,-100.6172222222,0.0,0.0,11053.224659629714
00000,25.2475,-100.407,0.0,0.0,11053.147371089837
00000,29.072222222222,-100.7738888888,0.0,0.0,11053.134232403496
00000,25.304166666666,-100.4116666666,0.0,0.0,11053.122444712651
00000,27.515833333333,-100.6041666666,0.0,0.0,11052.00592310864
00000,27.515833333333,-100.6041666666,0.0,0.0,11052.00592310864
00000,27.515833333333,-100.6041666666,0.0,0.0,11052.00592310864
00000,28.601666666666,-100.7113888888,0.0,0.0,11051.839734151336
00000,28.986388888888,-100.72,0.0,0.0,11048.792270398966
00000,28.202158916,-100.62782197,0.0,0.0,11047.663733375115
00000,28.202777777777,-100.6272222222,0.0,0.0,11047.599112861672
00000,28.2024,-100.626,0.0,0.0,11047.483520588872
00000,27.496944444444,-100.5544444444,0.0,0.0,11047.300698582569
00000,27.496944444444,-100.5544444444,0.0,0.0,11047.300698582569
00000,28.153888888888,-100.6088888888,0.0,0.0,11046.288523257772
00000,28.153888888888,-100.6088888888,0.0,0.0,11046.288523257772
00000,28.153888888888,-100.6088888888,0.0,0.0,11046.288523257772
00000,25.2842,-100.34,0.0,0.0,11046.112600365861
00000,25.285419266,-100.3388289,0.0,0.0,11045.984678785539
00000,28.655277777777,-100.6566666666,0.0,0.0,11045.98381499043
00000,28.655277777777,-100.6566666666,0.0,0.0,11045.98381499043
00000,29.064341,-100.682792,0.0,0.0,11044.398224461122
00000,29.0321048,-100.6748856,0.0,0.0,11043.959688166507
00000,29.0321071,-100.6748829,0.0,0.0,11043.959403457695
00000,29.032222222222,-100.6747222222,0.0,0.0,11043.942680700282
00000,29.069722222222,-100.675,0.0,0.0,11043.589487313438
00000,29.069722222222,-100.675,0.0,0.0,11043.589487313438
00000,29.069722222222,-100.675,0.0,0.0,11043.589487313438
00000,29.069722222222,-100.675,0.0,0.0,11043.589487313438
00000,29.069722222222,-100.675,0.0,0.0,11043.589487313438
00000,25.283611111111,-100.3147222222,0.0,0.0,11043.5838468758
00000,29.071566666666,-100.6742780555,0.0,0.0,11043.500910828723
00000,29.0703,-100.674,0.0,0.0,11043.486845662364
00000,28.125833333333,-100.5755555555,0.0,0.0,11043.30685124674
00000,28.582777777777,-100.6138888888,0.0,0.0,11042.5472684318
00000,28.582777777777,-100.6138888888,0.0,0.0,11042.5472684318
00000,28.5735,-100.609,0.0,0.0,11042.163873730886
00000,25.277424,-100.296172,0.0,0.0,11041.77756341964
00000,28.871111111111,-100.6272222222,0.0,0.0,11040.964223155273
00000,25.259722222222,-100.2861111111,0.0,0.0,11040.921013495848
00000,27.443333333333,-100.4738888888,0.0,0.0,11039.890727223526
00000,25.238888888888,-100.2736111111,0.0,0.0,11039.846300395531
00000,28.611976,-100.58511,0.0,0.0,11039.45914248657
00000,28.611976,-100.58511,0.0,0.0,11039.45914248657
00000,25.238333333333,-100.2661111111,0.0,0.0,11039.098948011817
00000,25.2394916666667,-100.263908333333,0.0,0.0,11038.868133778364
00000,25.238338,-100.260023,0.0,0.0,11038.488379725055
00000,25.23816,-100.259687,0.0,0.0,11038.456207902402
00000,28.6832444444444,-100.577122222222,0.0,0.0,11037.975890769529
00000,28.62573,-100.559736,0.0,0.0,11036.856048469695
00000,28.684325,-100.559447222222,0.0,0.0,11036.247861918804
00000,27.4431299,-100.4339316,0.0,0.0,11035.963760339298
00000,28.653253611111,-100.5506883333,0.0,0.0,11035.704333152073
00000,28.653253611111,-100.5506883333,0.0,0.0,11035.704333152073
00000,28.653253611111,-100.5506883333,0.0,0.0,11035.704333152073
00000,28.653253611111,-100.5506883333,0.0,0.0,11035.704333152073
00000,28.684533333333,-100.5513791666,0.0,0.0,11035.461898966749
00000,28.6884281,-100.5501173,0.0,0.0,11035.300731129782
00000,28.679893,-100.548788,0.0,0.0,11035.256071723212
00000,27.4425,-100.4244444444,0.0,0.0,11035.03681640515
00000,28.705139166666,-100.5475227777,0.0,0.0,11034.883178843125
00000,28.684412222222,-100.5399255555,0.0,0.0,11034.35024691853
00000,28.692763055555,-100.5392725,0.0,0.0,11034.204190869557
00000,28.699946666666,-100.5388219444,0.0,0.0,11034.089345110706
00000,28.703537,-100.538516,0.0,0.0,11034.024096781359
00000,28.698961666666,-100.5337963888,0.0,0.0,11033.610866427494
00000,28.689405833333,-100.5303544444,0.0,0.0,11033.370944655946
00000,28.7081,-100.528,0.0,0.0,11032.957415803497
00000,28.7081,-100.528,0.0,0.0,11032.957415803497
00000,28.7081,-100.528,0.0,0.0,11032.957415803497
00000,28.7081,-100.528,0.0,0.0,11032.957415803497
00000,28.7081,-100.528,0.0,0.0,11032.957415803497
00000,28.7081,-100.528,0.0,0.0,11032.957415803497
00000,28.7081,-100.528,0.0,0.0,11032.957415803497
00000,28.7081,-100.528,0.0,0.0,11032.957415803497
00000,28.698636111111,-100.5244286111,0.0,0.0,11032.704013071372
00000,28.698636111111,-100.5244286111,0.0,0.0,11032.704013071372
00000,28.6731551,-100.521646,0.0,0.0,11032.685284083995
00000,28.700312,-100.523852,0.0,0.0,11032.631437039765
00000,28.700312,-100.523852,0.0,0.0,11032.631437039765
00000,28.7086725,-100.5246738888,0.0,0.0,11032.628657180267
00000,28.7271055555556,-100.526411111111,0.0,0.0,11032.615133913218
00000,28.7,-100.523056,0.0,0.0,11032.557189652038
00000,28.7,-100.523056,0.0,0.0,11032.557189652038
00000,28.7,-100.523056,0.0,0.0,11032.557189652038
00000,28.7,-100.5230555555,0.0,0.0,11032.557146469551
00000,28.7,-100.5230555555,0.0,0.0,11032.557146469551
00000,28.7,-100.5230555555,0.0,0.0,11032.557146469551
00000,28.7,-100.5230555555,0.0,0.0,11032.557146469551
00000,28.7,-100.5230555555,0.0,0.0,11032.557146469551
00000,28.7,-100.5230555555,0.0,0.0,11032.557146469551
00000,28.7,-100.5230555555,0.0,0.0,11032.557146469551
00000,28.7,-100.5230555555,0.0,0.0,11032.557146469551
00000,28.7,-100.5230555555,0.0,0.0,11032.557146469551
00000,28.7,-100.5230555555,0.0,0.0,11032.557146469551
00000,28.7,-100.5230555555,0.0,0.0,11032.557146469551
00000,28.7,-100.5230555555,0.0,0.0,11032.557146469551
00000,28.7,-100.5230555555,0.0,0.0,11032.557146469551
00000,28.7,-100.5230555555,0.0,0.0,11032.557146469551
00000,28.7,-100.5230555555,0.0,0.0,11032.557146469551
00000,28.7,-100.5230555555,0.0,0.0,11032.557146469551
00000,28.7,-100.5230555555,0.0,0.0,11032.557146469551
00000,28.7,-100.5230555555,0.0,0.0,11032.557146469551
00000,28.7,-100.5230555555,0.0,0.0,11032.557146469551
00000,28.7,-100.5230555555,0.0,0.0,11032.557146469551
00000,28.7,-100.5230555555,0.0,0.0,11032.557146469551
00000,28.7,-100.5230555555,0.0,0.0,11032.557146469551
00000,28.7,-100.5230555555,0.0,0.0,11032.557146469551
00000,28.7,-100.5230555555,0.0,0.0,11032.557146469551
00000,28.7,-100.5230555555,0.0,0.0,11032.557146469551
00000,28.7,-100.5230555555,0.0,0.0,11032.557146469551
00000,28.7,-100.5230555555,0.0,0.0,11032.557146469551
00000,28.7,-100.5230555555,0.0,0.0,11032.557146469551
00000,28.7,-100.5230555555,0.0,0.0,11032.557146469551
00000,28.7,-100.5230555555,0.0,0.0,11032.557146469551
00000,28.7,-100.5230555555,0.0,0.0,11032.557146469551
00000,28.7,-100.5230555555,0.0,0.0,11032.557146469551
00000,28.7,-100.5230555555,0.0,0.0,11032.557146469551
00000,28.7,-100.5230555555,0.0,0.0,11032.557146469551
00000,28.7,-100.5230555555,0.0,0.0,11032.557146469551
00000,28.7,-100.5230555555,0.0,0.0,11032.557146469551
00000,28.7,-100.5230555555,0.0,0.0,11032.557146469551
00000,28.7,-100.5230555555,0.0,0.0,11032.557146469551
00000,28.7,-100.5230555555,0.0,0.0,11032.557146469551
00000,28.7,-100.5230555555,0.0,0.0,11032.557146469551
00000,28.7,-100.5230555555,0.0,0.0,11032.557146469551
00000,28.7,-100.5230555555,0.0,0.0,11032.557146469551
00000,28.7,-100.5230555555,0.0,0.0,11032.557146469551
00000,28.7,-100.5230555555,0.0,0.0,11032.557146469551
00000,28.7,-100.5230555555,0.0,0.0,11032.557146469551
00000,28.7,-100.5230555555,0.0,0.0,11032.557146469551
00000,28.7,-100.5230555555,0.0,0.0,11032.557146469551
00000,28.7,-100.5230555555,0.0,0.0,11032.557146469551
00000,28.7,-100.5230555555,0.0,0.0,11032.557146469551
00000,28.7,-100.5230555555,0.0,0.0,11032.557146469551
00000,28.7,-100.5230555555,0.0,0.0,11032.557146469551
00000,28.7,-100.5230555555,0.0,0.0,11032.557146469551
00000,28.7,-100.5230555555,0.0,0.0,11032.557146469551
00000,28.7,-100.5230555555,0.0,0.0,11032.557146469551
00000,28.7,-100.5230555555,0.0,0.0,11032.557146469551
00000,28.7,-100.5230555555,0.0,0.0,11032.557146469551
00000,28.7,-100.5230555555,0.0,0.0,11032.557146469551
00000,28.7,-100.5230555555,0.0,0.0,11032.557146469551
00000,28.7,-100.5230555555,0.0,0.0,11032.557146469551
00000,28.7,-100.5230555555,0.0,0.0,11032.557146469551
00000,28.7,-100.5230555555,0.0,0.0,11032.557146469551
00000,28.7,-100.5230555555,0.0,0.0,11032.557146469551
00000,28.7,-100.5230555555,0.0,0.0,11032.557146469551
00000,28.7,-100.5230555555,0.0,0.0,11032.557146469551
00000,28.7,-100.5230555555,0.0,0.0,11032.557146469551
00000,28.7,-100.5230555555,0.0,0.0,11032.557146469551
00000,28.7,-100.5230555555,0.0,0.0,11032.557146469551
00000,28.7,-100.5230555555,0.0,0.0,11032.557146469551
00000,28.7,-100.5230555555,0.0,0.0,11032.557146469551
00000,28.7,-100.5230555555,0.0,0.0,11032.557146469551
00000,28.7,-100.5230555555,0.0,0.0,11032.557146469551
00000,28.7,-100.5230555555,0.0,0.0,11032.557146469551
00000,28.7,-100.5230555555,0.0,0.0,11032.557146469551
00000,28.7,-100.5230555555,0.0,0.0,11032.557146469551
00000,28.7,-100.5230555555,0.0,0.0,11032.557146469551
00000,28.7,-100.5230555555,0.0,0.0,11032.557146469551
00000,28.7,-100.5230555555,0.0,0.0,11032.557146469551
00000,28.7,-100.5230555555,0.0,0.0,11032.557146469551
00000,28.7,-100.5230555555,0.0,0.0,11032.557146469551
00000,28.7,-100.5230555555,0.0,0.0,11032.557146469551
00000,28.7,-100.5230555555,0.0,0.0,11032.557146469551
00000,28.7,-100.5230555555,0.0,0.0,11032.557146469551
00000,28.7,-100.5230555555,0.0,0.0,11032.557146469551
00000,28.7,-100.5230555555,0.0,0.0,11032.557146469551
00000,28.7,-100.5230555555,0.0,0.0,11032.557146469551
00000,28.7,-100.5230555555,0.0,0.0,11032.557146469551
00000,28.7,-100.5230555555,0.0,0.0,11032.557146469551
00000,28.7,-100.5230555555,0.0,0.0,11032.557146469551
00000,28.7,-100.5230555555,0.0,0.0,11032.557146469551
00000,28.7,-100.5230555555,0.0,0.0,11032.557146469551
00000,28.7,-100.5230555555,0.0,0.0,11032.557146469551
00000,28.7,-100.5230555555,0.0,0.0,11032.557146469551
00000,28.7,-100.5230555555,0.0,0.0,11032.557146469551
00000,28.7,-100.5230555555,0.0,0.0,11032.557146469551
00000,28.7,-100.5230555555,0.0,0.0,11032.557146469551
00000,28.7,-100.5230555555,0.0,0.0,11032.557146469551
00000,28.7,-100.5230555555,0.0,0.0,11032.557146469551
00000,28.7,-100.5230555555,0.0,0.0,11032.557146469551
00000,28.7,-100.5230555555,0.0,0.0,11032.557146469551
00000,28.7,-100.5230555555,0.0,0.0,11032.557146469551
00000,28.7,-100.5230555555,0.0,0.0,11032.557146469551
00000,28.701662,-100.522822,0.0,0.0,11032.518036611185
00000,28.698199444444,-100.5193955555,0.0,0.0,11032.219365014314
00000,28.7148616,-100.5208557,0.0,0.0,11032.196600642454
00000,28.513055555555,-100.455,0.0,0.0,11027.774909895403
00000,28.3084,-100.379,0.0,0.0,11022.353142924916
00000,28.308333333333,-100.3769444444,0.0,0.0,11022.153306366605
00000,28.308333333333,-100.3769444444,0.0,0.0,11022.153306366605
00000,28.308333333333,-100.3769444444,0.0,0.0,11022.153306366605
00000,28.441944444444,-100.3688888888,0.0,0.0,11020.080599989464
00000,28.428055555555,-100.3616666666,0.0,0.0,11019.51107138778
00000,28.428055555555,-100.3616666666,0.0,0.0,11019.51107138778
00000,28.428055555555,-100.3616666666,0.0,0.0,11019.51107138778
00000,28.07215,-100.049888888889,0.0,0.0,10992.442855313926
00000,27.7860944444444,-99.8795805555555,0.0,0.0,10978.376214947131
00000,27.787646,-99.879252,0.0,0.0,10978.330038723027
00000,27.7917,-99.8761,0.0,0.0,10977.984516596087
00000,27.7909833333333,-99.875825,0.0,0.0,10977.964001287033
00000,27.7790583333333,-99.87165,0.0,0.0,10977.661868328778
27297,28.7,-100.523056,25.49771091,-103.3923318,455.4344908454299
27070,28.682061111111,-100.5416563888,25.529987,-103.4068568,450.8184831738664
25010,29.3320771,-100.9591871,25.42254881,-100.9510776,434.72044837081677
25010,29.3316,-100.9726721,25.42254881,-100.9510776,434.6718865522631
25010,29.3293659,-100.93683,25.42254881,-100.9510776,434.420516115177
25049,29.315635,-100.9798819,25.41263972,-100.9965908,433.9964084019394
27468,28.653253611111,-100.5506883333,25.49068239,-103.1100649,433.4175666669585
25013,29.2927178,-100.9453239,25.41066398,-100.9418351,431.6648271715959
27907,28.653253611111,-100.5506883333,25.76886986,-103.27846470000001,419.0461877199083
27913,28.7,-100.523056,25.84295001,-103.2540933,416.83886930682274
25019,28.712506,-100.5166179,25.40444036,-100.9564654,370.40853275715574
25060,28.7,-100.523056,25.403381270000004,-101.0074595,369.69121337949224
25000,28.7,-100.523056,25.42013552,-100.9976232,367.7179139784304
25013,28.6931317,-100.5674982,25.41066398,-100.9418351,366.87053572822697
26025,25.429,-100.982441,28.70290304,-100.5253723,366.84248410681687
25010,28.6930837,-100.5397199,25.42254881,-100.9510776,365.94001680442125
25016,28.680055,-100.5084041,25.41668788,-100.92689,365.2277384921536
27440,28.638253966,-102.94831182,25.52722109,-103.2302992,347.0552515627795
27549,27.042453,-103.43645,28.6871033,-100.4890809,342.59953445237215
26170,25.429,-100.982441,28.42268329,-100.7690686,333.55358500963115
26600,25.429,-100.982441,28.22344981,-100.7290937,311.74355564382836
25015,27.9459648,-101.2185547,25.39804154,-100.95578300000001,284.5163530994678
25015,27.923875,-101.234086,25.39804154,-100.95578300000001,282.2177894777958
25010,27.9416287,-101.2251357,25.42254881,-100.9510776,281.42884210967
25013,27.8962832,-101.1680493,25.41066398,-100.9418351,277.3007670527526
25013,27.8551928,-101.1281597,25.41066398,-100.9418351,272.44922557972734
25013,27.843123,-101.116901,25.41066398,-100.9418351,271.03617725761984
26300,27.313888888888,-102.3972222222,29.29017318,-100.8955614,264.3878158889807
27600,27.854836111111,-101.1111222222,27.29072118,-103.7015478,262.9132519905849
25014,25.5404863,-103.47524,25.41208042,-100.9470956,254.17943000565847
25013,25.5470403,-103.4579283,25.41066398,-100.9418351,253.0178434885923
25903,25.5418,-103.453,25.55634954,-100.938333,252.2775046341732
25700,25.536388,-103.428885,26.89985484,-101.4199341,251.28281619988016
25204,25.5418,-103.453,25.473104779999996,-100.955199,250.7836592528388
25022,25.5446175,-103.4595113,25.41964357,-100.966556,250.6192704113654
25020,25.5409501,-103.4693295,25.42047877,-100.9764117,250.59119871366872
25019,25.564899,-103.444988,25.40444036,-100.9564654,250.41987713753443
25019,25.5651885,-103.4442931,25.40444036,-100.9564654,250.3523022529242
25019,25.5279797,-103.4332693,25.40444036,-100.9564654,249.02462749632784
25023,25.559995,-103.426771,25.406455709999996,-100.9680582,247.38420424651633
25023,25.563685,-103.426411,25.406455709999996,-100.9680582,247.37303151713084
25022,25.551731,-103.4199314,25.41964357,-100.966556,246.69125339553506
25096,25.5709837,-103.4228989,25.38492019,-100.9820499,245.88400292287912
25000,25.544444444444,-103.4416666666,25.42013552,-100.9976232,245.71302814578726
25758,25.582871,-103.398326,26.90221387,-101.4279745,245.22459439016467
25088,25.5458208,-103.461338,25.3792694,-101.0343309,244.35667684181337
25130,25.5711472,-103.4406478,25.44128773,-101.0105196,244.30572499192596
25070,25.5685119,-103.4207617,25.38782783,-101.0003851,243.7859382117544
25354,25.535913333333,-103.3049130555,25.45054581,-100.8859803,242.96692019607895
25070,25.5077744,-103.416292,25.38782783,-101.0003851,242.9357001151478
25023,25.5417536,-103.3834562,25.406455709999996,-100.9680582,242.9314650111067
25045,25.5329899,-103.426814,25.41362667,-101.0139996,242.57084399091465
25088,25.5163237,-103.438673,25.3792694,-101.0343309,241.8887096393148
25045,25.5324934,-103.4189492,25.41362667,-101.0139996,241.78002745731735
25075,25.5168859,-103.4168945,25.39387911,-101.0135981,241.6753370658789
25075,25.5131705,-103.4169464,25.39387911,-101.0135981,241.66123373892546
27272,25.429,-100.982441,25.52511862,-103.3775333,240.65846809563473
27023,25.574937,-100.982441,25.57882144,-103.37884899999999,240.35344540555377
27023,25.574937,-100.982441,25.57882144,-103.37884899999999,240.35344540555377
25008,25.63319,-103.379535,25.4267244,-100.9954254,240.31217709396006
25008,25.634124,-103.377853,25.4267244,-100.9954254,240.15321075813844
25087,25.5249696,-103.3975051,25.39163582,-101.0142565,239.7283364213166
25065,25.5263198,-103.4042517,25.40645182,-101.0214286,239.5817129929867
25065,25.519461,-103.4038567,25.40645182,-101.0214286,239.5077125727897
25065,25.5112006,-103.4038397,25.40645182,-101.0214286,239.4677835262759
25065,25.5112006,-103.4038397,25.40645182,-101.0214286,239.4677835262759
25084,25.5418744,-103.3801531,25.36513308,-101.0105842,238.7158504612568
25049,25.5517215,-103.3696906,25.41263972,-100.9965908,238.70476324943027
25080,25.5716829,-103.3834623,25.38221407,-101.0190912,238.2706167375797
27278,25.4217,-101.0,25.52852443,-103.3638093,237.5818508031262
25048,25.5281191,-103.3609366,25.40769904,-100.9998108,237.40744805511898
25010,25.766918,-103.271373,25.42254881,-100.9510776,235.81381633310147
25354,25.527777777777,-103.2280555555,25.45054581,-100.8859803,235.2324307813568
25088,25.5533279,-103.3651957,25.3792694,-101.0343309,234.79388445127012
25085,25.536265,-103.326986,25.38706905,-101.0184941,232.35084027468542
25015,25.5285266,-103.2355803,25.39804154,-100.95578300000001,229.333533246669
27468,25.429,-100.982441,25.49068239,-103.1100649,213.71365226897976
25013,25.7483276,-102.985747,25.41066398,-100.9418351,208.40457126881532
25013,25.7517245,-102.9803222,25.41066398,-100.9418351,207.93512112851937
25013,25.7518791,-102.9802793,25.41066398,-100.9418351,207.93389656709067
25013,25.7590387,-102.9714397,25.41066398,-100.9418351,207.20365625228638
27970,24.8599435,-101.087673,25.68572245,-102.8296846,197.76748399111668
27480,25.429,-100.982441,25.34538778,-102.8082697,183.6512312723657
25016,26.911391,-101.422601,25.41668788,-100.92689,173.40954704941348
25016,26.9115699,-101.4161771,25.41668788,-100.92689,173.2468248457854
25017,26.9017052,-101.432963,25.41191847,-100.94470259999999,172.67522355969226
25490,28.653253611111,-100.5506883333,27.22699262,-101.2185746,171.62708364596136
25014,26.8995132,-101.4032847,25.41208042,-100.9470956,171.54712205657063
25000,26.903025,-101.422807,25.42013552,-100.9976232,170.26209497064505
25000,26.903012,-101.422803,25.42013552,-100.9976232,170.26059615888278
25060,26.887901,-101.424165,25.403381270000004,-101.0074595,170.23036291714772
25000,26.900833333333,-101.4166666666,25.42013552,-100.9976232,169.87429460989253
25758,25.429,-100.982441,26.90221387,-101.4279745,169.74061650314727
25770,25.41794,-101.00152,26.88181849,-101.4047434,167.67724833099007
27610,28.656666666666,-103.1991666666,27.23296596,-103.6142134,163.47335350647907
25904,26.9019,-101.42106,25.519912610000002,-100.94265729999998,160.9100574130538
26230,27.9496425,-101.2327911111,29.33334165,-100.9610062,156.12946915160236
26340,29.032105,-102.402067,27.87499072,-101.5148527,155.16922068467724
26237,29.1985,-102.407,29.33182596,-100.9986191,137.41797311879148
26237,29.199622,-102.407137,29.33182596,-100.9986191,137.4170379146343
25948,25.5594752,-100.836986,25.438218,-102.1811683,135.5788302702076
26887,27.9472189,-101.2529085,26.8822725,-101.39191,119.20881477548434
25000,25.4374,-102.184,25.42013552,-100.9976232,119.15380856087188
25920,25.9172118,-101.1372982,25.438218,-102.1811683,117.38809298347587
27500,27.8892455,-101.4247046,27.31445519,-102.39538020000002,115.03789431154489
25500,27.9671,-102.095,27.05690081,-101.5504236,114.57583927019792
25500,27.966727,-102.094455,27.05690081,-101.5504236,114.5140556674298
25923,25.737845,-101.1115055,25.438218,-102.1811683,112.32980125771155
25926,25.6126303,-101.1020634,25.438218,-102.1811683,110.00189499834096
26860,28.7,-100.523056,27.93457556,-101.2168313,108.88497831460153
25926,25.860447,-101.275948,25.438218,-102.1811683,102.16377434775363
25926,25.8602133,-101.2765304,25.438218,-102.1811683,102.10006319040083
25238,24.888611111111,-101.6933333333,25.46255888,-100.986847,95.53780983856032
27975,25.721127,-102.958804,26.46218281,-102.50947130000002,93.82676063930397
27550,27.864805555555,-101.6028055555,27.02877322,-101.5861474,92.97708588131634
27997,26.099767107,-102.20552134,25.36013423,-102.486984,86.94175836632162
27997,26.099774,-102.2071994,25.36013423,-102.486984,86.88812057302604
26200,28.653253611111,-100.5506883333,29.323131,-100.9367122,83.41466463625552
26670,27.778861111111,-99.03508333333,27.790286819999995,-99.87659285,82.79298057257377
26200,28.682669861694134,-100.54667450487617,29.323131,-100.9367122,80.68755913556883
27992,25.765297,-102.263575,25.12808537,-101.9283633,78.44240898315962
25900,26.19,-101.19,25.53926101,-100.9510248,76.20715113534375
27992,25.452351,-102.586978,25.12808537,-101.9283633,75.39593026623183
27992,25.452222222222,-102.5866666666,25.12808537,-101.9283633,75.3616240905729
26170,27.843805,-101.115614,28.42268329,-100.7690686,72.78735897347138
25533,27.967103,-102.095069,27.40410026,-101.7277491,72.29963568163348
27640,26.500845147919776,-101.6112258285284,26.9861595,-102.0646873,70.28332343410081
26420,28.429206,-100.762282,29.02787098,-100.9039567,67.98675991025766
27974,25.714563,-102.971834,26.22085089,-102.5992619,67.50206933345561
25870,26.265884973,-101.10895639,26.793665300000004,-101.4366835,67.13521016530296
27640,26.900833333333,-101.4166666666,26.9861595,-102.0646873,64.93197512034814
26401,28.7,-100.523056,29.19996558,-100.8103622,62.226387490592415
27975,25.94524,-102.368385,26.46218281,-102.50947130000002,59.1797226301497
27975,25.94526,-102.368389,26.46218281,-102.50947130000002,59.17746734885813
27975,25.945458,-102.367781,26.46218281,-102.50947130000002,59.170542030305946
27527,28.655975487896363,-103.19951467216016,28.29777501,-102.7661182,58.14514505256382
25900,25.378724,-101.479715,25.53926101,-100.9510248,56.00023619838251
27660,26.9372027,-102.6087172,26.9865592,-102.0636864,54.29548125924359
27660,26.9372027,-102.607415,26.9865592,-102.0636864,54.167084442283176
25338,25.380878912,-101.16280591,24.95822499,-101.4130393,53.31870920122121
27800,25.544444444444,-103.4416666666,25.75869316,-102.9825657,51.819305512603265
27800,25.544444444444,-103.4416666666,25.75869316,-102.9825657,51.819305512603265
27995,25.471244,-101.742901,25.2890249,-102.2108806,51.19477758081659
27995,25.4711,-101.743,25.2890249,-102.2108806,51.179333570848364
25904,25.6982251,-101.4020904,25.519912610000002,-100.94265729999998,50.15367828051093
25334,25.36845324470973,-101.01869836449625,24.93720428,-101.1394601,49.46917469618708
27995,25.4503168,-101.7795747,25.2890249,-102.2108806,46.89869298816263
27995,25.4503168,-101.77958,25.2890249,-102.2108806,46.89820096564502
25927,25.658888888888,-100.8955555555,25.80981795,-101.3207566,45.77801563294171
26233,29.1927,-100.5554,29.30756361,-100.9947775,44.49939087988348
27600,27.030555555555,-103.3666666666,27.29072118,-103.7015478,43.98350777380515
27600,27.030778,-103.368541,27.29072118,-103.7015478,43.82765692148118
27430,25.1209654,-103.3535447,25.51335881,-103.3325517,43.68315041694179
27990,25.6220235,-102.6221021,25.758977320000003,-102.2141429,43.623204086194306
27995,25.574675,-101.915535,25.2890249,-102.2108806,43.45691648000122
27995,25.5747097,-101.9156778,25.2890249,-102.2108806,43.44994900271845
25500,27.417222222222,-101.7183333333,27.05690081,-101.5504236,43.36879872189108
27990,25.626199,-102.616618,25.758977320000003,-102.2141429,42.94619613866226
25910,25.51050687330936,-100.93135524543187,25.89210056,-100.8680393,42.90289386950369
27993,25.5226017,-102.0550644,25.552306189999996,-102.4787736,42.639521357888746
27680,26.627812507,-102.2049416,26.9865592,-102.0636864,42.28242472922416
27680,26.627875671901887,-102.2046491502897,26.9865592,-102.0636864,42.26618158269993
27680,26.6284336,-102.2055943,26.9865592,-102.0636864,42.238816276833354
27680,26.6292,-102.205,26.9865592,-102.0636864,42.138800394766974
27487,25.3611329,-103.3327942,25.53158303,-102.9634754,41.64526887658987
25700,26.900833333333,-101.0,26.89985484,-101.4199341,41.64207289599154
27487,25.359891,-103.331221,25.53158303,-102.9634754,41.56808783454059
27480,25.2798247,-103.2144346,25.34538778,-102.8082697,41.47302795956302
27990,25.5639152,-102.5656901,25.758977320000003,-102.2141429,41.37555532783413
27990,25.5639249,-102.5656901,25.758977320000003,-102.2141429,41.37498870067564
27990,25.564689,-102.566199,25.758977320000003,-102.2141429,41.37390904802437
27630,27.288893,-103.662455,27.028656,-103.366175,41.18946033995779
27438,25.2913566,-103.5013553,25.043278169999997,-103.1984949,41.108880232298134
27438,25.289421,-103.500778,25.043278169999997,-103.1984949,40.92173746248642
27438,25.28947,-103.500252,25.043278169999997,-103.1984949,40.88604247995108
27438,25.288780097632152,-103.50014336407185,25.043278169999997,-103.1984949,40.82665228442964
27438,25.2887374,-103.499349,25.043278169999997,-103.1984949,40.764066769208924
27438,25.2844416666667,-103.499791666667,25.043278169999997,-103.1984949,40.47956257967368
25700,27.043596407179237,-101.79503828287127,26.89985484,-101.4199341,40.463465131633086
25373,25.4619653,-100.6083387,25.24443516,-100.2941082,39.77540096127294
27657,26.548177,-102.136803,26.90196093,-102.1849439,39.62845957458909
27993,25.450789,-102.113236,25.552306189999996,-102.4787736,38.38333393676466
26080,28.42,-100.3123,28.682498149999997,-100.5647473,38.20915709848213
26193,28.586944444444,-100.4308333333,28.42205,-100.7695107,37.83395297514747
25327,24.834158,-101.295296,25.07176995,-101.0370929,37.09022793528648
27993,25.5439084,-102.1193321,25.552306189999996,-102.4787736,36.07221032573096
27993,25.544186,-102.119473,25.552306189999996,-102.4787736,36.057251714854715
26450,28.7686774,-101.1028843,28.491694159999998,-100.91576860000002,35.80640037652924
27438,25.25568118682273,-103.45999002456666,25.043278169999997,-103.1984949,35.363591788032
27480,25.5415073,-103.0822998,25.34538778,-102.8082697,35.10928808215912
25375,25.547467,-100.406566,25.23339023,-100.4089249,34.924547293898726
25300,25.112402,-100.8581092,25.29958215,-101.1289429,34.28766271751806
25300,25.1121591,-100.8586671,25.29958215,-101.1289429,34.25952002933957
25300,25.112731558,-100.85827099,25.29958215,-101.1289429,34.25245909373881
25870,26.532527777777,-101.2555277777,26.793665300000004,-101.4366835,34.16447688061488
27990,25.545955,-102.444842,25.758977320000003,-102.2141429,33.102865762441
27990,25.546699,-102.444807,25.758977320000003,-102.2141429,33.04121361671293
27990,25.546699,-102.444807,25.758977320000003,-102.2141429,33.04121361671293
27990,25.546699,-102.444807,25.758977320000003,-102.2141429,33.04121361671293
27990,25.54834,-102.444901,25.758977320000003,-102.2141429,32.91761444842247
25929,26.0603,-101.365,25.79771966,-101.5016565,32.23748661598184
25929,26.0603,-101.365,25.79771966,-101.5016565,32.23748661598184
27490,24.779722222222,-102.9402777777,25.06573107,-102.96716199999999,31.918072562843378
25930,25.5403771,-101.0184754,25.54242786,-100.7003661,31.91616800069476
25930,25.5403771,-101.0184754,25.54242786,-100.7003661,31.91616800069476
27490,24.780052,-102.93984,25.06573107,-102.96716199999999,31.8853194818234
25930,25.5408248,-101.0180837,25.54242786,-100.7003661,31.876493683982048
27490,24.781106967463828,-102.9407409589219,25.06573107,-102.96716199999999,31.76070156940112
27490,24.781146,-102.941111,25.06573107,-102.96716199999999,31.753267773866913
25909,25.454704,-101.232858,25.54496487,-100.9328914,31.73446768790076
26170,28.638611111111,-100.5566666666,28.42268329,-100.7690686,31.733902816406243
27490,24.7822352,-102.9396503,25.06573107,-102.96716199999999,31.645142783864465
27490,24.7822352,-102.9396584,25.06573107,-102.96716199999999,31.6450711879424
27993,25.5961515,-102.1697523,25.552306189999996,-102.4787736,31.37616970383181
27689,26.615612572891816,-102.26387768983842,26.65500885,-102.575787,31.310096271178846
27993,25.59488,-102.170699,25.552306189999996,-102.4787736,31.260811185639742
27689,26.615113,-102.264542,26.65500885,-102.575787,31.252621949313646
27689,26.615277777777,-102.2647222222,26.65500885,-102.575787,31.232271185749447
27689,26.6148008,-102.2648883,26.65500885,-102.575787,31.22354418375473
27438,25.216977,-103.441093,25.043278169999997,-103.1984949,31.136723507200692
27438,25.2169842,-103.4408897,25.043278169999997,-103.1984949,31.121169652355565
27990,25.6666,-102.506,25.758977320000003,-102.2141429,30.991314031728823
25927,25.612602,-101.102422,25.80981795,-101.3207566,30.97371265655292
27990,25.6654981,-102.505119,25.758977320000003,-102.2141429,30.94911709953482
27990,25.666262,-102.5051726,25.758977320000003,-102.2141429,30.925667015498274
26193,28.578919,-100.512819,28.42205,-100.7695107,30.552504379770415
27994,25.450729,-102.113391,25.32085301,-101.8456893,30.525087047448704
26170,28.6254697,-100.559761,28.42268329,-100.7690686,30.44018207347959
27488,25.281715,-102.783492,25.38407048,-103.0571559,29.765662427529886
27992,25.186575,-101.641864,25.12808537,-101.9283633,29.559758534117236
27657,26.8639017,-101.8900107,26.90196093,-102.1849439,29.55553284730732
27657,26.8639017,-101.8900161,26.90196093,-102.1849439,29.555002803423246
27800,25.770247,-103.276012,25.75869316,-102.9825657,29.4140321752563
27900,25.5637179,-103.4482522,25.77514892,-103.27291,29.35184553661964
27489,25.3324166,-103.4779345,25.27753625,-103.1947329,29.11560157142387
27489,25.326758,-103.478085,25.27753625,-103.1947329,29.00576375392978
27489,25.326758,-103.478085,25.27753625,-103.1947329,29.00576375392978
27489,25.326758,-103.478085,25.27753625,-103.1947329,29.00576375392978
26340,27.9496425,-101.2327911111,27.87499072,-101.5148527,28.931498974444295
27995,25.545701,-102.164889,25.2890249,-102.2108806,28.912428994741777
27489,25.325395,-103.477272,25.27753625,-103.1947329,28.89736988057338
27489,25.32704125494851,-103.4764894010448,25.27753625,-103.1947329,28.85421914784862
27996,25.4503,-101.78,25.637586820000003,-101.97905650000001,28.853390215297605
27993,25.5236139,-102.1946337,25.552306189999996,-102.4787736,28.6860526281093
27993,25.5233912,-102.1951433,25.552306189999996,-102.4787736,28.638037507495195
27489,25.298162,-103.476755,25.27753625,-103.1947329,28.446950793135183
27993,25.753594,-102.305363,25.552306189999996,-102.4787736,28.338797886081363
27993,25.546451,-102.196858,25.552306189999996,-102.4787736,28.289714853633047
27993,25.546451,-102.196858,25.552306189999996,-102.4787736,28.289714853633047
25300,25.4522282,-101.3503071,25.29958215,-101.1289429,27.976778466655237
27900,25.564546111111,-103.4239105555,25.77514892,-103.27291,27.882237086515648
27900,25.527777777777,-103.2280555555,25.77514892,-103.27291,27.871439822164565
27682,26.548177,-102.136803,26.33534338,-102.2772887,27.490350543458003
25324,25.3804079,-101.0059779,25.17165822,-101.1414363,26.912881436226936
27980,25.6434708,-102.0402494,25.43984856,-102.1834111,26.81321732452788
27994,25.4264695,-102.0833173,25.32085301,-101.8456893,26.606246265605026
26366,27.502491,-101.427593,27.7406599,-101.4453419,26.5408413807239
26500,28.217357,-100.724945,28.40767217,-100.8874388,26.473884254526332
27994,25.4236788,-102.0817294,25.32085301,-101.8456893,26.327192423252107
27485,25.37824390257671,-103.1358566899126,25.40146342,-102.87537000000002,26.294188200282402
27485,25.377723,-103.134875,25.40146342,-102.87537000000002,26.201879319760813
27485,25.377777777777,-103.1347222222,25.40146342,-102.87537000000002,26.18599097390546
25500,27.263611111111,-101.6763888888,27.05690081,-101.5504236,26.146191104827256
25370,25.206485,-100.826694,25.27061537,-100.581581,25.66412820360525
25370,25.207195300083846,-100.82597279519176,25.27061537,-100.581581,25.572491684174636
25370,25.21033,-100.826221,25.27061537,-100.581581,25.502353235963884
25370,25.21033,-100.826221,25.27061537,-100.581581,25.502353235963884
27994,25.18639,-101.640796,25.32085301,-101.8456893,25.458669549242423
25370,25.210898,-100.825427,25.27061537,-100.581581,25.40867653078559
25370,25.2115492,-100.8253209,25.27061537,-100.581581,25.37947776768215
25370,25.211111111111,-100.825,25.27061537,-100.581581,25.361011129968404
27440,25.7447338,-103.303943,25.52722109,-103.2302992,25.287981333122918
27992,25.2656,-101.731,25.12808537,-101.9283633,25.062702182761438
27992,25.2655773,-101.7312436,25.12808537,-101.9283633,25.041747474498692
25366,25.3399022,-100.5494352,25.49743366,-100.7239938,24.78249729388902
25366,25.339907,-100.5494379,25.49743366,-100.7239938,24.78192797496687
26660,28.1265521,-100.5747245,28.16578131,-100.327635,24.615663574654377
25534,27.309544,-101.696775,27.50793782,-101.5925375,24.34205661235959
25933,25.6261,-101.066,25.61808468,-100.8245856,24.220769408960937
25933,25.6255415,-101.065875,25.61808468,-100.8245856,24.20609500561196
27800,25.7573816,-103.2226684,25.75869316,-102.9825657,24.045835259296947
26640,28.51097,-100.455525,28.305963180000003,-100.3781728,24.018326300623947
27994,25.4068544,-102.0635966,25.32085301,-101.8456893,23.89183547674392
27994,25.406852,-102.0635886,25.32085301,-101.8456893,23.890992246319737
25925,25.695379,-101.003971,25.82191655,-101.1846282,22.919348217702368
26600,28.42416563462052,-100.76524622962177,28.22344981,-100.7290937,22.597378178318174
26170,28.224667,-100.721749,28.42268329,-100.7690686,22.500301087419196
26345,27.81806354536457,-101.39145538890062,27.89096521,-101.6048231,22.48834388017336
26345,27.81806354536457,-101.39145538890062,27.89096521,-101.6048231,22.48834388017336
26345,27.81806354536457,-101.39145538890062,27.89096521,-101.6048231,22.48834388017336
26345,27.818172391,-101.39145365,27.89096521,-101.6048231,22.484133634109543
25300,25.3020540868421,-101.34827613830568,25.29958215,-101.1289429,22.050999158048484
27992,25.1864897,-102.1376967,25.12808537,-101.9283633,22.047056003008347
27991,25.0711714,-101.3842266,24.973305889999995,-101.5744245,22.038206300891126
27996,25.473333333333,-101.8563888888,25.637586820000003,-101.97905650000001,22.022866410527396
25300,25.301092,-101.347746,25.29958215,-101.1289429,21.99671987347484
27992,25.185593,-102.136967,25.12808537,-101.9283633,21.947699018238684
27992,25.185593,-102.136967,25.12808537,-101.9283633,21.947699018238684
27996,25.474115,-101.856803,25.637586820000003,-101.97905650000001,21.92755345238918
27511,29.10964,-103.026663,28.92844561,-102.9434865,21.710561315468773
25950,25.5687172,-101.4263765,25.380444999999998,-101.4764971,21.53101653782162
27555,27.018667,-101.595822,26.8880342,-101.4358033,21.506998544107088
27453,25.52169,-103.289791,25.70522971,-103.2312419,21.23624858135194
27480,25.489537712433684,-102.94351339369314,25.34538778,-102.8082697,21.009802324832183
27438,25.1424791,-103.3739672,25.043278169999997,-103.1984949,20.830484949245616
27438,25.1413306,-103.373243,25.043278169999997,-103.1984949,20.701183073972988
27438,25.141504,-103.372749,25.043278169999997,-103.1984949,20.66908399826636
26640,28.491364,-100.383048,28.305963180000003,-100.3781728,20.62114498611649
27000,25.53065,-103.23267,25.54410587,-103.4374945,20.6047750105506
26304,29.224496959,-101.34731841,29.25280949,-101.1392843,20.429140377074564
27948,25.759619,-102.982162,25.754853100000002,-103.185907,20.411323636951646
25386,25.458086,-100.626039,25.32544808,-100.7662132,20.391071634379344
25340,24.6393188,-100.8912104,24.657786739999995,-101.0914648,20.342262183849147
27990,25.7316,-102.414,25.758977320000003,-102.2141429,20.24725531450566
27990,25.7316,-102.414,25.758977320000003,-102.2141429,20.24725531450566
25936,25.518596681728525,-100.94010561704636,25.546216,-101.13927640000001,20.218568044813242
27990,25.73172,-102.41373,25.758977320000003,-102.2141429,20.218506197836103
27990,25.73172,-102.41373,25.758977320000003,-102.2141429,20.218506197836103
27990,25.7316163,-102.4135842,25.758977320000003,-102.2141429,20.205810060103268
25340,24.634511,-100.8941743,24.657786739999995,-101.0914648,20.106458829420248
27992,25.275438,-102.036353,25.12808537,-101.9283633,19.659862811935987
27992,25.275438,-102.036353,25.12808537,-101.9283633,19.659862811935987
27992,25.274989,-102.034543,25.12808537,-101.9283633,19.518019513800837
27487,25.4074,-103.093,25.53158303,-102.9634754,18.966999560199362
27487,25.407392,-103.092816,25.53158303,-102.9634754,18.954989653018917
27442,25.547966,-103.42093,25.52383445,-103.2358186,18.765594733405322
27994,25.4076108,-102.0046404,25.32085301,-101.8456893,18.658263781168902
25930,25.525583,-100.884807,25.54242786,-100.7003661,18.60032884537128
27994,25.4083546,-102.0025965,25.32085301,-101.8456893,18.526047297022725
25930,25.50388,-100.878934,25.54242786,-100.7003661,18.423684947293694
25930,25.50388,-100.878934,25.54242786,-100.7003661,18.423684947293694
25930,25.50388,-100.878934,25.54242786,-100.7003661,18.423684947293694
27994,25.405161,-102.001788,25.32085301,-101.8456893,18.2724371440891
25994,25.295038,-101.399441,25.219386,-101.560465,18.247969289090452
27992,25.0845012,-101.7558439,25.12808537,-101.9283633,18.03426387824897
27476,25.571166,-103.2752508,25.43110876,-103.1858708,17.972363514894894
27990,25.667529,-102.3618609,25.758977320000003,-102.2141429,17.95578118019736
26400,29.0220543,-100.8587137,29.00374345,-100.6757213,17.91049408520693
27438,25.120409,-103.353958,25.043278169999997,-103.1984949,17.851811969254946
27992,25.083927,-101.759285,25.12808537,-101.9283633,17.718397364306224
27488,25.541612,-103.082178,25.38407048,-103.0571559,17.69701705659929
27992,25.0842194,-101.7595132,25.12808537,-101.9283633,17.687307631099877
27488,25.541549,-103.081734,25.38407048,-103.0571559,17.683808056737007
27990,25.669207,-102.359544,25.758977320000003,-102.2141429,17.65873708082416
27906,25.922165234355585,-103.25984444197948,25.763911279999995,-103.2681441,17.616627798157563
27990,25.6693204,-102.359015,25.758977320000003,-102.2141429,17.607897025566764
27494,25.0550583333333,-102.536530555556,25.16294579,-102.6632838,17.51560936312177
26533,28.487222222222,-100.9166666666,28.345569660000002,-100.8387492,17.4974747042142
26345,28.0091353,-101.7222377,27.89096521,-101.6048231,17.483358977948452
25970,25.381507,-101.478393,25.49018298,-101.3536618,17.40417879607727
27996,25.481674,-101.985964,25.637586820000003,-101.97905650000001,17.350556170038136
27996,25.481973,-101.986605,25.637586820000003,-101.97905650000001,17.320027423274915
27991,24.818502,-101.592234,24.973305889999995,-101.5744245,17.306879747169873
27991,24.818542,-101.592234,24.973305889999995,-101.5744245,17.302455948162162
25950,25.3584992,-101.6462853,25.380444999999998,-101.4764971,17.232562537716248
25950,25.3585065,-101.6462826,25.380444999999998,-101.4764971,17.23217855870209
25950,25.358504,-101.64628,25.380444999999998,-101.4764971,17.23195949349162
25950,25.3585089,-101.64628,25.380444999999998,-101.4764971,17.23188201816531
27494,25.05676,-102.538722,25.16294579,-102.6632838,17.22518248770038
27494,25.05676,-102.538722,25.16294579,-102.6632838,17.22518248770038
25950,25.382309,-101.6462055,25.380444999999998,-101.4764971,17.050469832251643
25950,25.382309,-101.6462001,25.380444999999998,-101.4764971,17.049927378732317
25950,25.3822993,-101.6461947,25.380444999999998,-101.4764971,17.049372531649766
26345,28.010235226754084,-101.7112259566784,27.89096521,-101.6048231,16.885407244205766
25350,25.3065944,-100.8001582,25.45003388,-100.8523249,16.78872312061099
27488,25.532922,-103.083506,25.38407048,-103.0571559,16.761618660981316
26345,28.009816415252253,-101.70963819040011,27.89096521,-101.6048231,16.75257365273597
26360,27.87678383649682,-101.42254918813708,27.74009914,-101.3514029,16.732105437534436
27488,25.53218,-103.08255,25.38407048,-103.0571559,16.665199362037164
26420,29.175827,-100.905079,29.02787098,-100.9039567,16.45232013039993
27990,25.644166666666,-102.1119444444,25.758977320000003,-102.2141429,16.365529347771563
27990,25.645833333333,-102.1097222222,25.758977320000003,-102.2141429,16.362789189845667
27990,25.6443605,-102.1117401,25.758977320000003,-102.2141429,16.361547718245703
27990,25.6442,-102.112,25.758977320000003,-102.2141429,16.359154461770803
27440,25.640095194633844,-103.33387389779092,25.52722109,-103.2302992,16.29216887797968
27488,25.489354,-102.9449844,25.38407048,-103.0571559,16.24581202452867
25372,25.28417104502124,-100.33932298421864,25.32183571,-100.4945267,16.154483833065655
25372,25.284187,-100.339551,25.32183571,-100.4945267,16.13188544984418
25315,25.332122,-101.098483,25.47434043,-101.0668223,16.130551865467538
25315,25.3321,-101.098,25.47434043,-101.0668223,16.123457269496583
25980,25.513611111111,-101.7027777777,25.37399153,-101.6715359,15.838749644705365
27420,25.5418,-103.453,25.66148014,-103.3675628,15.827174626002368
27996,25.5364,-101.869207,25.637586820000003,-101.97905650000001,15.746923299416057
27996,25.5364,-101.869207,25.637586820000003,-101.97905650000001,15.746923299416057
27498,24.811164,-102.946861,24.95255951,-102.94227589999998,15.729264898297465
25335,24.9073614,-101.1019045,25.00650974,-100.99104189999998,15.698902220016254
27498,24.811577,-102.948278,24.95255951,-102.94227589999998,15.688227228539319
27498,24.811771,-102.948802,24.95255951,-102.94227589999998,15.668803233000622
25300,25.2905915,-101.2843837,25.29958215,-101.1289429,15.658946677837793
27498,24.8118641,-102.9485171,24.95255951,-102.94227589999998,15.657278222957995
27996,25.538059187728063,-101.8686473366688,25.637586820000003,-101.97905650000001,15.655228018075308
25300,25.288615,-101.284153,25.29958215,-101.1289429,15.651516592909886
27996,25.537925,-101.868955555556,25.637586820000003,-101.97905650000001,15.643950612366643
27498,24.812224206,-102.9486152,24.95255951,-102.94227589999998,15.617670738301166
25300,25.269444444444,-101.2805555555,25.29958215,-101.1289429,15.607490822216969
27990,25.628753,-102.156226,25.758977320000003,-102.2141429,15.599897831172822
27489,25.412778,-103.233333,25.27753625,-103.1947329,15.530420624319028
27489,25.412778,-103.233333,25.27753625,-103.1947329,15.530420624319028
25350,25.432052,-101.005698,25.45003388,-100.8523249,15.529773253601915
27489,25.4121457,-103.2342825,25.27753625,-103.1947329,15.486565536210625
27565,27.007949,-101.595456,27.09251308,-101.7177958,15.336303489185877
27489,25.399372,-103.265807,25.27753625,-103.1947329,15.315166407309512
27489,25.399372,-103.265807,25.27753625,-103.1947329,15.315166407309512
27438,25.10467,-103.334507,25.043278169999997,-103.1984949,15.3053021463855
27489,25.3991961,-103.2654839,25.27753625,-103.1947329,15.282735821704268
25000,25.450596,-100.849524,25.42013552,-100.9976232,15.252480980395319
27991,24.8894,-101.694,24.973305889999995,-101.5744245,15.24540404474663
27438,25.104107,-103.33387,25.043278169999997,-103.1984949,15.22001167285416
27489,25.3980016,-103.2650816,25.27753625,-103.1947329,15.146392756175878
27438,25.104822,-103.33249,25.043278169999997,-103.1984949,15.131383677116519
27438,25.104822,-103.33249,25.043278169999997,-103.1984949,15.131383677116519
26237,29.2302444444444,-100.895225,29.33182596,-100.9986191,15.104460445835919
27996,25.632594,-102.129261,25.637586820000003,-101.97905650000001,15.068194887275133
27438,25.103732,-103.331502,25.043278169999997,-103.1984949,14.988005309082535
27420,25.544444444444,-103.4416666666,25.66148014,-103.3675628,14.985876159472571
27438,25.103446,-103.331513,25.043278169999997,-103.1984949,14.974774277547294
25350,25.433333333333,-101.0,25.45003388,-100.8523249,14.944117681286512
25315,25.341664409095277,-101.04569613933565,25.47434043,-101.0668223,14.904715480917956
27488,25.39354480208451,-103.20269749171372,25.38407048,-103.0571559,14.658375977989516
27996,25.5245,-102.054,25.637586820000003,-101.97905650000001,14.649908223561232
27996,25.508589,-101.954511,25.637586820000003,-101.97905650000001,14.553651912934141
27996,25.508888888888,-101.954747,25.637586820000003,-101.97905650000001,14.516792323886957
25315,25.348194,-101.0349021,25.47434043,-101.0668223,14.388555873870677
27997,25.452351,-102.586978,25.36013423,-102.486984,14.353302125135757
25315,25.349079,-101.03374,25.47434043,-101.0668223,14.319268792774256
27900,25.9032112,-103.2603017,25.77514892,-103.27291,14.295671658138366
27510,28.865719,-102.929954,28.757974,-102.85076580000002,14.250008967614727
26530,28.434147,-100.756165,28.34056658,-100.8539849,14.136705498980364
25000,25.331111111111,-101.0977777777,25.42013552,-100.9976232,14.115205861242957
25894,26.2661,-101.109,26.32957423,-101.2301484,13.988078815258437
25930,25.561607,-100.8379945,25.54242786,-100.7003661,13.970531695968834
26900,27.9840887,-101.4285773,27.9275995,-101.30190450000002,13.937420976049381
26900,27.9846122,-101.427896,27.9275995,-101.30190450000002,13.904135299136135
26092,28.539666666666,-100.5441111111,28.66429357,-100.5394451,13.865364049052985
27933,26.211389,-103.104444,26.20331462,-103.2430691,13.85894523804939
25936,25.454897,-101.232982,25.546216,-101.13927640000001,13.840266656346726
25016,25.539103,-100.95077,25.41668788,-100.92689,13.821397784778403
27958,25.786241329140385,-102.95585669054766,25.71933633,-103.0710821,13.730096582851878
27958,25.786241329140385,-102.95585669054766,25.71933633,-103.0710821,13.730096582851878
25536,27.1397375,-101.6505945,27.13340065,-101.5122344,13.709514667319864
27933,26.209875,-103.106044444444,26.20331462,-103.2430691,13.689703827247136
25536,27.1396086,-101.6503906,27.13340065,-101.5122344,13.68864209399397
27933,26.209899,-103.106197,26.20331462,-103.2430691,13.674647000294412
27933,26.2096756,-103.106858,26.20331462,-103.2430691,13.607496638709804
25315,25.356376,-101.031838,25.47434043,-101.0668223,13.579479003703211
25315,25.356376,-101.031838,25.47434043,-101.0668223,13.579479003703211
25315,25.356376,-101.031838,25.47434043,-101.0668223,13.579479003703211
26860,27.848333333333,-101.12,27.93457556,-101.2168313,13.510141011155499
26750,27.933905,-101.217391,27.85315595,-101.1149806,13.48756638091893
26750,27.933905,-101.217391,27.85315595,-101.1149806,13.48756638091893
25315,25.368997,-101.131398,25.47434043,-101.0668223,13.389093879337452
27550,27.0782661,-101.7091616,27.02877322,-101.5861474,13.367311165724985
25954,25.33538,-101.478517,25.37614271,-101.3540063,13.306958584380546
25315,25.369416,-101.129903,25.47434043,-101.0668223,13.276050943490363
27991,25.0626871,-101.4889208,24.973305889999995,-101.5744245,13.153167312921944
25900,25.431378,-101.004196,25.53926101,-100.9510248,13.129712025171902
27991,25.0620894,-101.4894089,24.973305889999995,-101.5744245,13.070748487925478
27489,25.39490705942672,-103.20168685898352,25.27753625,-103.1947329,13.069736936923784
25900,25.432358333333,-101.0050747222,25.53926101,-100.9510248,13.066556824266
25120,25.4295813,-100.8986473,25.450903980000003,-101.0265821,13.063254994307883
26643,28.511193259597857,-100.45559644706374,28.42854323,-100.3609258,13.042038837047945
27489,25.3946032,-103.2026303,25.27753625,-103.1947329,13.041424616909154
27991,25.0626191,-101.4905811,24.973305889999995,-101.5744245,13.038440207468543
27489,25.394568,-103.200681,25.27753625,-103.1947329,13.027059451151533
27489,25.394568,-103.200681,25.27753625,-103.1947329,13.027059451151533
25240,25.564087614042204,-100.94492554664612,25.45451517,-100.99062449999998,13.018446261304806
27489,25.394378,-103.202708,25.27753625,-103.1947329,13.0169085508829
27489,25.394378,-103.202708,25.27753625,-103.1947329,13.0169085508829
27991,25.0626,-101.491,24.973305889999995,-101.5744245,13.009509947803622
27489,25.3848165,-103.1434912,25.27753625,-103.1947329,12.993217371116733
27489,25.39354480208451,-103.20269749171372,25.27753625,-103.1947329,12.924372943506201
27489,25.393514,-103.202642,25.27753625,-103.1947329,12.920610205759003
25300,25.2695389,-101.252378,25.29958215,-101.1289429,12.852193951844834
27970,25.7290654,-102.9484957,25.68572245,-102.8296846,12.842215378725804
27970,25.7293868,-102.9477554,25.68572245,-102.8296846,12.787009224671014
25700,26.785277777777,-101.4305555555,26.89985484,-101.4199341,12.783894905966353
25700,26.785278,-101.430556,26.89985484,-101.4199341,12.78387391525245
27090,25.498352,-103.354366,25.538636369999995,-103.4736812,12.783478028711928
25900,25.433333333333,-101.0,25.53926101,-100.9510248,12.763287281257213
25900,25.433333333333,-101.0,25.53926101,-100.9510248,12.763287281257213
25315,25.36832223385248,-101.01880788826293,25.47434043,-101.0668223,12.736755665738391
25936,25.5393461,-101.01306,25.546216,-101.13927640000001,12.68594940664724
25900,25.429,-100.982441,25.53926101,-100.9510248,12.659508794433393
25419,27.443141,-100.434419,27.55621993,-100.4198093,12.656102793003672
27970,25.7339,-102.944,25.68572245,-102.8296846,12.643877014882912
27970,25.7338679,-102.9439202,25.68572245,-102.8296846,12.635124260873257
27410,25.492581,-103.368616,25.58743888,-103.2995351,12.621051370013083
27970,25.738182,-102.941301,25.68572245,-102.8296846,12.612316811194402
27400,25.544444444444,-103.4416666666,25.563616480000004,-103.3182344,12.56461696186477
25340,24.743597,-101.172352,24.657786739999995,-101.0914648,12.56238503935506
27498,24.846944444444,-102.9002777777,24.95255951,-102.94227589999998,12.484427972351849
25307,25.3072955,-101.1364024,25.33272731,-101.0154372,12.483079287876565
27498,24.8475317,-102.8999508,24.95255951,-102.94227589999998,12.434301331616838
27434,25.565236284751222,-103.38158770397952,25.45646575,-103.3531165,12.427634120255863
27434,25.565216,-103.380201,25.45646575,-103.3531165,12.394179322231658
27970,25.73285,-102.94168,25.68572245,-102.8296846,12.383916138013872
27970,25.733172,-102.9414498,25.68572245,-102.8296846,12.378228917845012
27930,25.928691,-103.370016,26.013258,-103.2898209,12.35690701742286
27930,25.928691,-103.370016,26.013258,-103.2898209,12.35690701742286
27930,25.92874454222932,-103.36995005613063,26.013258,-103.2898209,12.34809848875619
27970,25.6984137,-102.9520536,25.68572245,-102.8296846,12.342543247831337
25000,25.517632,-100.938878,25.42013552,-100.9976232,12.341339225386534
27930,25.928697,-103.369594,26.013258,-103.2898209,12.329071094324295
25950,25.2951852,-101.3986047,25.380444999999998,-101.4764971,12.294597100742452
27930,25.929359,-103.3697,26.013258,-103.2898209,12.279897283241343
27994,25.404952,-101.924048,25.32085301,-101.8456893,12.224423361962083
27603,28.0447228,-103.7917647,27.94503894,-103.8441096,12.21786822061491
27994,25.4050062,-101.9238714,25.32085301,-101.8456893,12.217616658905836
26384,28.009508818948383,-101.7208726959832,28.01679349,-101.8449463,12.206876240754756
27970,25.6968185,-102.9504389,25.68572245,-102.8296846,12.16263080978945
25418,27.4432902,-100.4740606,27.54914949,-100.504099,12.138168266616436
25440,27.4426798,-101.2966376,27.4016622,-101.1827053,12.134943696677663
27603,28.0400194444444,-103.784213888889,27.94503894,-103.8441096,12.088316518654725
27603,28.043055555555,-103.7911111111,27.94503894,-103.8441096,12.077458024746745
27930,25.9314972222222,-103.368919444444,26.013258,-103.2898209,12.048860068588517
25207,25.4467828,-101.0540263,25.50814685,-100.9553198,12.030517453417282
25334,24.9136111,-101.2558333,24.93720428,-101.1394601,12.024504544155208
25334,24.9136183,-101.2558115,24.93720428,-101.1394601,12.022184232648037
25925,25.9225,-101.1427777777,25.82191655,-101.1846282,11.942451180886126
27603,28.041353,-103.791644,27.94503894,-103.8441096,11.884140002456961
27603,28.0413582,-103.7916581,27.94503894,-103.8441096,11.884061016409744
27603,28.041228,-103.791406,27.94503894,-103.8441096,11.88177575429592
27603,28.04093494128362,-103.79146859055255,27.94503894,-103.8441096,11.849771674818228
26384,28.009751,-101.724582,28.01679349,-101.8449463,11.841746569283437
25917,26.19,-101.19,26.14513744,-101.0832293,11.765438158107147
27966,26.475624,-102.85633,26.37108711,-102.8743456,11.761591344191503
27966,26.4754357,-102.8570777,26.37108711,-102.8743456,11.729753348018397
25900,25.444305555555,-101.0018055555,25.53926101,-100.9510248,11.724384304966334
25893,26.471502,-101.121036,26.5734161,-101.092346,11.686298793589335
25337,24.83444,-101.295699,24.82051485,-101.4099718,11.63565398404898
25440,27.442562,-101.291147,27.4016622,-101.1827053,11.629411320879033
26450,28.5950382,-100.8977105,28.491694159999998,-100.91576860000002,11.625924331659023
25440,27.4426988,-101.2909996,27.4016622,-101.1827053,11.621980670100816
27489,25.367085,-103.2541,25.27753625,-103.1947329,11.608389183550223
25893,26.472261,-101.121099,26.5734161,-101.092346,11.606017526015835
25208,25.394107,-100.982698,25.49324392,-100.94724030000002,11.584205331201819
25084,25.4483866,-100.9413768,25.36513308,-101.0105842,11.576639171467068
25084,25.4483914,-100.9413956,25.36513308,-101.0105842,11.57593221241027
25430,27.5786825,-101.4885881,27.6088948,-101.377346,11.465766301943262
27970,25.6938423,-102.9437436,25.68572245,-102.8296846,11.464751712594998
27970,25.6952877,-102.9431589,25.68572245,-102.8296846,11.420122800994609
27073,25.5418,-103.453,25.538775510000004,-103.3393626,11.406110348547479
27488,25.483722,-103.063722,25.38407048,-103.0571559,11.10034343947744
27488,25.483722,-103.063722,25.38407048,-103.0571559,11.10034343947744
26200,29.230650067,-100.89481715,29.323131,-100.9367122,11.057138137164673
25010,25.445194,-100.844114,25.42254881,-100.9510776,11.032283155629809
27488,25.483056,-103.064167,25.38407048,-103.0571559,11.029181706785845
27488,25.483056,-103.064167,25.38407048,-103.0571559,11.029181706785845
27970,25.6951777777778,-102.938847222222,25.68572245,-102.8296846,10.988859373789747
27970,25.6949976,-102.9387439,25.68572245,-102.8296846,10.976661361692521
27210,25.498441473986496,-103.35431501269343,25.53461721,-103.4548306,10.859163277240938
27514,28.637505,-102.945835,28.7148084,-103.01300910000002,10.808890281015255
27514,28.6390633,-102.9441628,28.7148084,-103.01300910000002,10.772526929884284
27489,25.3611151,-103.1414628,25.27753625,-103.1947329,10.725627642391958
27489,25.3612169,-103.1421896,25.27753625,-103.1947329,10.69918802558834
27514,28.63811,-102.946995,28.7148084,-103.01300910000002,10.686883275325739
27489,25.361012,-103.142056,25.27753625,-103.1947329,10.686028773459867
27488,25.4745864,-103.0918337,25.38407048,-103.0571559,10.650333701496892
27487,25.441313,-102.928776,25.53158303,-102.9634754,10.624667689848307
25207,25.4217,-101.0,25.50814685,-100.9553198,10.60751188642088
27992,25.2187251,-101.9602755,25.12808537,-101.9283633,10.577958428718345
27487,25.4419709,-102.9283589,25.53158303,-102.9634754,10.569467026003483
27487,25.44203,-102.928206,25.53158303,-102.9634754,10.56840252591044
27487,25.4420338,-102.9283562,25.53158303,-102.9634754,10.562963636003053
27488,25.4730149,-103.0921341,25.38407048,-103.0571559,10.495416990604397
27992,25.218101,-101.959519,25.12808537,-101.9283633,10.488852984837475
27438,25.076557,-103.101238,25.043278169999997,-103.1984949,10.472048283912175
26431,29.062736,-100.915481,29.03940354,-100.8115019,10.434981349278678
27992,25.2175458,-101.9596575,25.12808537,-101.9283633,10.434157031225878
25952,25.367533,-101.5826251,25.27427203,-101.5928668,10.421114925143149
27438,25.078647,-103.102737,25.043278169999997,-103.1984949,10.41636264483531
27438,25.078647,-103.102737,25.043278169999997,-103.1984949,10.41636264483531
27438,25.078654,-103.102762,25.043278169999997,-103.1984949,10.414324621724601
27438,25.079428,-103.103201,25.043278169999997,-103.1984949,10.406307355187113
26350,27.8653244,-101.524739,27.89137543,-101.4236771,10.347117737171358
27438,25.078941,-103.103738,25.043278169999997,-103.1984949,10.335556414863056
27438,25.078941,-103.103738,25.043278169999997,-103.1984949,10.335556414863056
25500,27.1267959,-101.6169779,27.05690081,-101.5504236,10.18881661326327
27996,25.6586073,-101.8802732,25.637586820000003,-101.97905650000001,10.174053825979739
27935,26.478,-103.033,26.5133631,-103.12728919999999,10.17388858502367
27935,26.478,-103.033,26.5133631,-103.12728919999999,10.17388858502367
25340,24.7473636,-101.1115771,24.657786739999995,-101.0914648,10.165596137232098
25300,25.253445,-101.216061,25.29958215,-101.1289429,10.151362652863927
25300,25.253445,-101.216061,25.29958215,-101.1289429,10.151362652863927
25730,27.00048447892167,-101.37908935546876,26.91697679,-101.4196766,10.119527550398605
25300,25.2558632,-101.2171769,25.29958215,-101.1289429,10.116335639146424
25000,25.43879345430278,-100.89928676490672,25.42013552,-100.9976232,10.09069843250183
27996,25.6578819,-101.8810457,25.637586820000003,-101.97905650000001,10.080371585504407
27018,25.544444444444,-103.4416666666,25.61643641,-103.38120569999998,10.042609033867954
27018,25.544444444444,-103.4416666666,25.61643641,-103.38120569999998,10.042609033867954
26500,28.4905779,-100.9277528,28.40767217,-100.8874388,10.025909082831754
27275,25.540944444444,-103.4419155555,25.53155336,-103.3427095,10.008227294285426
